path,label,group,sha256,split
data/raw/coffee___healthy/C10P10E1.jpg,coffee___healthy,C10P10,9b23c190f4b69290f83f8089f390a2c1d14abf22701980184a5b4f1e9d4d22b4,val
data/raw/coffee___healthy/C10P10H1.jpg,coffee___healthy,C10P10,c65c95668e1a8d41c40e53c085a0af2b07423640af77c905b56e50ba8939c7a1,val
data/raw/coffee___healthy/C10P11E1.jpg,coffee___healthy,C10P11,248d05f6d9bb2c21f12be34cf2e7b057136eff80f9662be93526528c7913f316,test
data/raw/coffee___healthy/C10P11H1.jpg,coffee___healthy,C10P11,affeac7176c8d9691d99c6cdffac0759a5cf461c377a0e6f56c91b428d980494,test
data/raw/coffee___healthy/C10P12E1.jpg,coffee___healthy,C10P12,57aa0b5856f7db3331b424fa773da5915776a6f052178586373f8023f46cb15d,train
data/raw/coffee___healthy/C10P12H1.jpg,coffee___healthy,C10P12,28abb9a006ed66d44f36b699fb7eb7d536fae29cded20e613ed4508565fccc81,train
data/raw/coffee___healthy/C10P13E1.jpg,coffee___healthy,C10P13,225b3c679af32f1db4f8f285c230b4492143b8116aa7d01008eb51d061895283,train
data/raw/coffee___healthy/C10P13H1.jpg,coffee___healthy,C10P13,efd6d11b8385c15b2afd63cfe86630e61380c811f12dc0a2f0da220f2efa9861,train
data/raw/coffee___healthy/C10P14E1.jpg,coffee___healthy,C10P14,af8ce5d8be26431ec793301670a5244a5dfd9f70588110bcd618e3a28d3ec193,train
data/raw/coffee___healthy/C10P14H1.jpg,coffee___healthy,C10P14,e1145ca5905ee8d1e109483cc5c6b7d25bb11acf7903bf28f18c77bc46801e0f,train
data/raw/coffee___healthy/C10P15E1.jpg,coffee___healthy,C10P15,bec191c2f317d54e6ef5ceecb68e90b17c3484f7e38d41f4d1ff21e26bc8ac09,test
data/raw/coffee___healthy/C10P15H1.jpg,coffee___healthy,C10P15,45e0f213e4067ee96e6e804335a001d920df6e94422016e375687f667b6a4b5f,test
data/raw/coffee___healthy/C10P17E1.jpg,coffee___healthy,C10P17,cf0a52ce4d408697f743b6ded49fc4b6ee622ac70749c68157aeb72550a6f14b,val
data/raw/coffee___healthy/C10P17H1.jpg,coffee___healthy,C10P17,0ffe4fd0bb98370275a9ab5fdac16d08fb51fc2a4761b7677153df4477647b30,val
data/raw/coffee___healthy/C10P18E1.jpg,coffee___healthy,C10P18,6a53df5f7dd1528945d58542c74fbfb124b56a05545c71ecf0c59a51fc5cb5d2,train
data/raw/coffee___healthy/C10P18H1.jpg,coffee___healthy,C10P18,184627e403f18e950ba8c1ef70abb7bc92ec9ae6f8148f38cec75113652008f8,train
data/raw/coffee___healthy/C10P19E1.jpg,coffee___healthy,C10P19,f58f822969d0669fb2ed53a964f4e2f8711824d25e60b7c421c985e10f8847f5,val
data/raw/coffee___healthy/C10P19H1.jpg,coffee___healthy,C10P19,1dec25db100b657560174274cc861b6150030d7ae26dfd1692e0ef8a12732590,val
data/raw/coffee___healthy/C10P1E2.jpg,coffee___healthy,C10P1,a7cf9052d24d426ea501e00051e52be4f871b74f6e123601e4e525b6741bcfa9,test
data/raw/coffee___healthy/C10P1H2.jpg,coffee___healthy,C10P1,4051da8bf643063f01cdee23fd2347b58eea8d67455b6d3eb74fea45cf3e2d9b,test
data/raw/coffee___healthy/C10P20E1.jpg,coffee___healthy,C10P20,fdc048cd118086904a6026a074e8a3b0e0b8dba9f97e5dfa117aa43ad5c036d9,val
data/raw/coffee___healthy/C10P21E1.jpg,coffee___healthy,C10P21,6099d4dfca6fa6adcc98234aa4d69ece5967b3152eff47a852ebb0524e6194ba,train
data/raw/coffee___healthy/C10P21H1.jpg,coffee___healthy,C10P21,1edb06e43735c3926e8b0e81921d4c0dcf16b4386d93d6874fb658653fa32d2c,train
data/raw/coffee___healthy/C10P22E1.jpg,coffee___healthy,C10P22,e9e79b4de18b9b1d2975bc862af9e545b3f12a492228703d3802e1d4104010b8,val
data/raw/coffee___healthy/C10P22H1.jpg,coffee___healthy,C10P22,1b7b03c4472b3af63e7c28d0e83c15678e8419940c9222f6dcfde4a493085040,val
data/raw/coffee___healthy/C10P23E1.jpg,coffee___healthy,C11P14,50ba1b0a2ed5965a090d77fff00d1b633373e757ce5008b48913ef3099a8cace,test
data/raw/coffee___healthy/C10P23H1.jpg,coffee___healthy,C11P14,9cc6b64d2465ab5b18c40e4f98d9b0e4409c37fdfa0bb4068b6caa342531c867,test
data/raw/coffee___healthy/C10P24E1.jpg,coffee___healthy,C10P24,1e49c905f89628e6d1fc3021d5101269bf572ed4ebef546a91443733c866ac11,train
data/raw/coffee___healthy/C10P24H1.jpg,coffee___healthy,C10P24,3beba8b97ac72e803b7e8642b218438caf844780bc2184f01b0de7052040666e,train
data/raw/coffee___healthy/C10P25E1.jpg,coffee___healthy,C10P25,bf43d6e2656a41e6f63b0712a45e531acaa5b4021e8fd4b2395d146a37b169ad,train
data/raw/coffee___healthy/C10P25H1.jpg,coffee___healthy,C10P25,d7310dfffb80bf85581c711e1a7c17507fc6a85638e71f6097fe163d766415ff,train
data/raw/coffee___healthy/C10P26E1.jpg,coffee___healthy,C11P14,79e1d15ae29281175297847f027bfa5e145400432f876df26cbf1bdd02406845,test
data/raw/coffee___healthy/C10P26H1.jpg,coffee___healthy,C11P14,072d434ca9d5105a8cfc23d0d45174b014e87ba73373ca461d77a6b555bcba1e,test
data/raw/coffee___healthy/C10P27E1.jpg,coffee___healthy,C10P27,e345606c8abd735a5095e636d340234af6e9c22d113b92fc6fc0fa5fec8e5b6d,train
data/raw/coffee___healthy/C10P27H1.jpg,coffee___healthy,C10P27,4f31528c9fe604f932bb05e0d92e0d7b6ccd1a39cce231b655735a6d9be088e0,train
data/raw/coffee___healthy/C10P28E1.jpg,coffee___healthy,C10P28,2453431c9b79705bd036d60b22a72f737533b92e26f197a83d05514fc5f87ffa,test
data/raw/coffee___healthy/C10P28H1.jpg,coffee___healthy,C10P28,21a245db2c96dce99176e2d585d7773cab571d84aa0462f2cb56227a574a41f0,test
data/raw/coffee___healthy/C10P29E1.jpg,coffee___healthy,C10P29,28b3bd73056b41882e078058ddc059a2b732af1bbdf7406299aa721d638fc104,train
data/raw/coffee___healthy/C10P29H1.jpg,coffee___healthy,C10P29,85419f420cc846f6efa7fdf75c1fdfba0429f080bc7f85b14675e35b4969b417,train
data/raw/coffee___healthy/C10P2E2.jpg,coffee___healthy,C10P2,17f0991eed7d6e9684649bdab98ed4a37a89952cfe9922b5e36f2a50e297606a,train
data/raw/coffee___healthy/C10P2H2.jpg,coffee___healthy,C10P2,0768986aee7f45b076d81dc1a6252b8d1214bbfa15376c56e1d38595c1b82325,train
data/raw/coffee___healthy/C10P30E1.jpg,coffee___healthy,C10P30,2012b4d5a13c5d3bd75519bc6e6a3939e86a66e66834f956852fef0c7f214f1e,val
data/raw/coffee___healthy/C10P30H1.jpg,coffee___healthy,C10P30,f8790910cf24417d6a00141c33419707ba1e3793df659dc5a024c11c75de1e5c,val
data/raw/coffee___healthy/C10P33E1.jpg,coffee___healthy,C10P33,713109df1d7e79521292f3ef2c010c9df3dc3940fff4613a75be946d1d65e867,val
data/raw/coffee___healthy/C10P33E2.jpg,coffee___healthy,C10P33,a8092b588241dd047afa0000c25057ac7175e576008f34ce3010aee70eb5052a,val
data/raw/coffee___healthy/C10P33H1.jpg,coffee___healthy,C10P33,e2a7cf4c2cda82589b731f99e12e254f5f6c3671461d658e620ace6daceca04b,val
data/raw/coffee___healthy/C10P33H2.jpg,coffee___healthy,C10P33,95db8b25d5dfd6475987937a15ff50efe678a0b55790eae76ebabf3b10ef2c86,val
data/raw/coffee___healthy/C10P34E1.jpg,coffee___healthy,C10P34,762ab64e399359c964dcbc21786013df423580d619ce673ffef10b214a123ca0,val
data/raw/coffee___healthy/C10P34H1.jpg,coffee___healthy,C10P34,9cd69b734fcd185dc946551f8d7bd22d43723a3185bad7cdfe7a1802e84be4f5,val
data/raw/coffee___healthy/C10P35E1.jpg,coffee___healthy,C10P35,e55f671e8916b5e88214f6a73a6d6c4f8130cea40c152bd32a8c3afa1d1b1500,train
data/raw/coffee___healthy/C10P35H1.jpg,coffee___healthy,C10P35,d914eb81a8d2b5555655ebdbfdd303b0d4925d944674b0ea9448a5d624fe7594,train
data/raw/coffee___healthy/C10P36E1.jpg,coffee___healthy,C10P36,e928d2d9a607fa4904cb00d155dca698820ba58076e55acf96d63205ffeea1d7,val
data/raw/coffee___healthy/C10P36H1.jpg,coffee___healthy,C10P36,c0635aa2885008207ffd3586fde42208e04f9bfb14a7ca803b88eb2526d0720d,val
data/raw/coffee___healthy/C10P37E1.jpg,coffee___healthy,C10P37,c765143e459826231088a8882e46aaebd165149969bbbce130bfbe3fb696588f,train
data/raw/coffee___healthy/C10P37H1.jpg,coffee___healthy,C10P37,a67bebd6009d65a0977f82c70a27b8d74f401460588b0c8d571a6c6b8a8517b7,train
data/raw/coffee___healthy/C10P38E1.jpg,coffee___healthy,C11P14,092429dec1e03e8b5aa40e10661559d61751e76e83df3a500c40bcb5ad394ece,test
data/raw/coffee___healthy/C10P38H1.jpg,coffee___healthy,C11P14,512f954eab4a01e1c93f3837e0d8bced2ac29f738de562a88cb30f9b6a3a38f4,test
data/raw/coffee___healthy/C10P39E1.jpg,coffee___healthy,C10P39,6645b9aee5930f2d4ba4885c24da7a9fc6b998c43af2f42a6e308fd694652228,test
data/raw/coffee___healthy/C10P39H1.jpg,coffee___healthy,C10P39,f40d273fc403d33d55367b60be6ebc7e191cd8e92d96b52e562ecc6440607e10,test
data/raw/coffee___healthy/C10P3E1.jpg,coffee___healthy,C10P3,7902b4717e564e9be73252750cc0c4210386d57b1db668bb8a3a9318be3c2cab,train
data/raw/coffee___healthy/C10P3E2.jpg,coffee___healthy,C10P3,1de02c9ab2801ca0900a975398101ed20aaec27edf2866285e2eacd6e9c39499,train
data/raw/coffee___healthy/C10P3H2.jpg,coffee___healthy,C10P3,cdc60840f412e294cd6661078c6704b033509e8564e05a1a11df473069eab5ba,train
data/raw/coffee___healthy/C10P40E1.jpg,coffee___healthy,C10P40,b5c5c3566b7504717cc1a40924ddd2e31e79f705e0fff7b10d6ef0d5063536ed,val
data/raw/coffee___healthy/C10P40H1.jpg,coffee___healthy,C10P40,97486a129d7df9fdfafd120455af79bf041417c6fc9eda16dc27a9a8760a016c,val
data/raw/coffee___healthy/C10P4E2.jpg,coffee___healthy,C10P4,edd1f82b228c2f6395bdf9dc777381bb01717cc82d054b9b06e242646e13be79,test
data/raw/coffee___healthy/C10P4H2.jpg,coffee___healthy,C10P4,2ebdd8f69e174b087556eac3fca78c76273b1e0c315ecef16d171f64c08f47eb,test
data/raw/coffee___healthy/C10P5E2.jpg,coffee___healthy,C10P5,56680e244c29484f540be330ed2e25d228bdd7d639309877689f72cbe448cf49,test
data/raw/coffee___healthy/C10P5H2.jpg,coffee___healthy,C10P5,3863663f40266317aa6d43f0a8daf7e96a3994f81474e0af2aefe24fa47f0e4c,test
data/raw/coffee___healthy/C10P7E1.jpg,coffee___healthy,C10P7,44d6a09af4be5e04d2ba2275823b002a13cee3eb88eb6029dee0b2ef5fb21c1b,train
data/raw/coffee___healthy/C10P7H1.jpg,coffee___healthy,C10P7,a8dc559547996e9be323663e93505733aad55ac59de98800c528979ed6d63800,train
data/raw/coffee___healthy/C10P8E1.jpg,coffee___healthy,C10P8,8770f6401cd8a64a75e09cf81956efb0349497b24014d0f3dfe598afef61777d,test
data/raw/coffee___healthy/C10P8H1.jpg,coffee___healthy,C10P8,255c337c444801be04c95bee8a089766cebde2e69e1556818db50d3098d22866,test
data/raw/coffee___healthy/C10P9E1.jpg,coffee___healthy,C10P9,5619e153d167e789e83b123559a310a43dd1d0691c12544a72685dc5fba0c9e1,val
data/raw/coffee___healthy/C10P9H1.jpg,coffee___healthy,C10P9,70c96efbbb82d6ab5143ac079198a615eae6c885d93750a19eb2a108d7c0f124,val
data/raw/coffee___healthy/C11P10E1.jpg,coffee___healthy,C11P10,913641e6050413fcefb9b6813e1301f2d5d5c8341c9a137fdb53b11f7a131ec8,val
data/raw/coffee___healthy/C11P10H1.jpg,coffee___healthy,C11P10,0fb6579e56f723c7b82217a88ef3cae38e09b19a74363df892b51844e6828281,val
data/raw/coffee___healthy/C11P11E1.jpg,coffee___healthy,C11P11,16a017e155c719e56b72181e54a1c4d8cbd5bcde0880fc7946a47707ff13f45c,val
data/raw/coffee___healthy/C11P11H1.jpg,coffee___healthy,C11P11,92622b0610106412d79f6ad6cc68bfae785fd3d4ab12666a66f955b22e62f50c,val
data/raw/coffee___healthy/C11P12E1.jpg,coffee___healthy,C11P12,ad25b492c5c5e1172b18bc3d06881c2054778c119d01866662d3b008a4fc713a,train
data/raw/coffee___healthy/C11P12H1.jpg,coffee___healthy,C11P12,caff5d6f6daa0fd9f56e606ad80b3f843c49db5f63db9920cccba549841b3940,train
data/raw/coffee___healthy/C11P13E1.jpg,coffee___healthy,C11P13,9a966dfa570cc400f2223cc189d14e71fc2f771ce0de5fa3a60d12f28a2a07ef,train
data/raw/coffee___healthy/C11P13H1.jpg,coffee___healthy,C11P13,7fa66545c577b58a4e569052303d7edcf325027a643978a87d7fc763caa4aa61,train
data/raw/coffee___healthy/C11P14E1.jpg,coffee___healthy,C11P14,fbe3063de89451920a548bb7ced526721971a4727ae33cf7d7f06589d7743d85,test
data/raw/coffee___healthy/C11P14H1.jpg,coffee___healthy,C11P14,a432e383459a9d58cda33c621b168a59addb771e8bd6c57aaca4bd23695fd4b1,test
data/raw/coffee___healthy/C11P15E1.jpg,coffee___healthy,C11P14,57652de232712230996c06c726389e43cc8691acbf18fdf96ac7b87049dfe0cf,test
data/raw/coffee___healthy/C11P15H1.jpg,coffee___healthy,C11P14,e713b76cac9b25675b8bb5c0d8af798052c49fb72b34f159957fb272e23c4ea6,test
data/raw/coffee___healthy/C11P18E1.jpg,coffee___healthy,C11P14,2190c79f10b474d1c24c5ea7280ca5b322462653b0390d7d6be608d502da3987,test
data/raw/coffee___healthy/C11P18H1.jpg,coffee___healthy,C11P14,02cf445066f4fe9dc7000cd689460daef7e7e7a3c21534acf8ba0d97415176e9,test
data/raw/coffee___healthy/C11P19E1.jpg,coffee___healthy,C11P14,5fd34d1fef0f9a1e76e3f9615323d32f4c1f66e5792a14fb8e050e6a2256127c,test
data/raw/coffee___healthy/C11P19H1.jpg,coffee___healthy,C11P14,4afaf768c32941d2c9b55678d539db3641cb08e888df930da82f4d5b1f621007,test
data/raw/coffee___healthy/C11P20E1.jpg,coffee___healthy,C11P14,f124fb9c7857ec93c28e9ac1c6462f3aa5e1f6603d4b13cb6017a900ef24805f,test
data/raw/coffee___healthy/C11P20H1.jpg,coffee___healthy,C11P14,df702462bea30193edb205a08984326e7ef0146429c93c642229680c22f63fc1,test
data/raw/coffee___healthy/C11P21E1.jpg,coffee___healthy,C11P14,42183e80e4bb284b5cad4c5c37289f8b0aec53bc74ab98a6d5c507bfc6a217be,test
data/raw/coffee___healthy/C11P21H1.jpg,coffee___healthy,C11P14,1c7f3f60bda57c9e7f2c8548c35ce4d84e4a6dfff3d5d7b0bc67c25827ca1f87,test
data/raw/coffee___healthy/C11P23H1.jpg,coffee___healthy,C11P14,6714b3adfc8587e6c00c21e28ae46d0b7ec1923e38d7c71a03c1b59d7b175f76,test
data/raw/coffee___healthy/C11P24E1.jpg,coffee___healthy,C11P14,2cce1439fc1d938350d75baf313eaffd96acf9aa51d6ebf0a6cce94f81f98044,test
data/raw/coffee___healthy/C11P24H1.jpg,coffee___healthy,C11P14,1c2c6d9a120072dedf4cacf7a5d0a15e59a2486db35bbd6a2d13710d52f1b6fb,test
data/raw/coffee___healthy/C11P27E2.jpg,coffee___healthy,C11P27,51fee4c8fa355f107011fdec6be15324aa1f8b627c23477b2359faabb5829666,val
data/raw/coffee___healthy/C11P27H2.jpg,coffee___healthy,C11P27,c9ccc30f7eb4bc999ea99f9d181e4db569b8ab63dcb0254f7e85705a22d33054,val
data/raw/coffee___healthy/C11P28E1.jpg,coffee___healthy,C11P14,376f450df5b9534a2b2cfc5386655629b407235c4a4fae3a72e1b52f6b1bde9b,test
data/raw/coffee___healthy/C11P28H1.jpg,coffee___healthy,C11P14,065aedef77e72c30ea3129098236012cd8febee11e584241d50a8e69c2c825b4,test
data/raw/coffee___healthy/C11P2E1.jpg,coffee___healthy,C11P2,41dfa092cd6023e48bdfc4fd0435e83053849915d84a458789a79720f9516b15,train
data/raw/coffee___healthy/C11P2H1.jpg,coffee___healthy,C11P2,0e25729ab754652ea70770af45d1410927da699a93b8f254608846880d3cd762,train
data/raw/coffee___healthy/C11P30E1.jpg,coffee___healthy,C11P30,88d158bd2d054a47aaca800c58b6f5cefeb0b3231c6ac08ed72144707944577f,test
data/raw/coffee___healthy/C11P30H1.jpg,coffee___healthy,C11P30,617928fdd6c76bf53d9a1df35679aacb4def4cdafd86ed825ff70a919c534aa7,test
data/raw/coffee___healthy/C11P31E1.jpg,coffee___healthy,C11P31,cff8d9291c088f7b17865a6c10f13ea0e342fb632d4393a2140964123cccb657,val
data/raw/coffee___healthy/C11P31H1.jpg,coffee___healthy,C11P31,d5a18ab0e01918cf99c272a2d56c380992c58648f7bdd13467221cdca62c7300,val
data/raw/coffee___healthy/C11P32E1.jpg,coffee___healthy,C11P32,ddd45a6c25c98df1bcafde57d5bb3b855213f76c3be9df6fb0abe7781cbec009,val
data/raw/coffee___healthy/C11P32H1.jpg,coffee___healthy,C11P32,61c12045dc905e6974d42db4f471a231f6fe2e9ae2245db3fe1f855c340599a3,val
data/raw/coffee___healthy/C11P34E1.jpg,coffee___healthy,C11P34,e6c9680c2ea261bfc41b820655d4f28ebf38f98e045b34ba8f0f25ebb2e37eb6,train
data/raw/coffee___healthy/C11P34H1.jpg,coffee___healthy,C11P34,ddc225ce9d3c88f18db0ecf63d7a74c8e89c9a18c5424b369ab399bc682779b9,train
data/raw/coffee___healthy/C11P35E1.jpg,coffee___healthy,C11P35,1a0257a919ff734d4260f825b6c58974a50cb6a08d29833908b96c1a06111394,train
data/raw/coffee___healthy/C11P35E2.jpg,coffee___healthy,C11P35,f3bcc1f51eb6b649c7006dbcb25e4e7fac772b5e3243d35b51f986bc1f725a25,train
data/raw/coffee___healthy/C11P35H1.jpg,coffee___healthy,C11P35,ca36108def822f7bec7eb95c87744e884b89716b0137db90306fe3c63104c0c6,train
data/raw/coffee___healthy/C11P35H2.jpg,coffee___healthy,C11P35,beb3ab106a30b767f9dec0a08159804caf412621c12a1122a63b46eb0891b0a3,train
data/raw/coffee___healthy/C11P36E1.jpg,coffee___healthy,C11P36,2c8b3ebb394ac4100b3d5d102f49acc1958cc0f82915e4aa857469274bc4b341,test
data/raw/coffee___healthy/C11P36H1.jpg,coffee___healthy,C11P36,c3cb50169e56938fb12a92d90096a430c7dd38cc353fd04589f9bfbbb02ee019,test
data/raw/coffee___healthy/C11P37E1.jpg,coffee___healthy,C11P37,17dcb3e4bb0f4227d3cb910647d36d80b3aaf1bad1d86d61b1fc48c898b4a78f,val
data/raw/coffee___healthy/C11P37H1.jpg,coffee___healthy,C11P37,0fd48ab4d783917914db197cfafcd8fbf807d45be37b673a69d61d9c2e92c3fd,val
data/raw/coffee___healthy/C11P38E1.jpg,coffee___healthy,C11P38,c7d35b86685c0d337d4918b55eb238854b0dbaa0c10484e91e8c06d8d8bd9145,val
data/raw/coffee___healthy/C11P38H1.jpg,coffee___healthy,C11P38,f7c819ab6be1046a390dd9d52a24d4393574e35628d2c1afe17b2448e3b1f105,val
data/raw/coffee___healthy/C11P39E1.jpg,coffee___healthy,C11P39,2acd2fba82e10531ac8e214f41ce551d988ca5eb76c2f9db4c660cb58e7e9c57,train
data/raw/coffee___healthy/C11P39H1.jpg,coffee___healthy,C11P39,ef0e12924c4faf6a5cbabf328a532a7cfc01c84d7a203fe7615828badf9fbd40,train
data/raw/coffee___healthy/C11P5E1.jpg,coffee___healthy,C11P5,0581ea95dcd1b834bd5a15257a8ad1df4d241efaf1e1d7ad42c827c2969f182f,test
data/raw/coffee___healthy/C11P5H1.jpg,coffee___healthy,C11P5,f066cdaa12217fad6bf9c36d893325b7a56891a653daf4bc69142564bdb7027c,test
data/raw/coffee___healthy/C11P6E1.jpg,coffee___healthy,C11P6,e34782b2b61995b849e9320a435bf6e0a4dd0f47253ede39ff99c25cbf552b70,train
data/raw/coffee___healthy/C11P6H1.jpg,coffee___healthy,C11P6,892c0a504e1f8dcc15137d6dae3c90809f9118defe2adb94ffb52e670bc21e23,train
data/raw/coffee___healthy/C11P7E1.jpg,coffee___healthy,C11P7,9714d3793456bfb0c41b46545dc28f612d0117ea549c7def0556fe4ef9b9db9a,train
data/raw/coffee___healthy/C11P7H1.jpg,coffee___healthy,C11P7,2a1bf682b00cc52278d922b6811a40d0dd830db4a3bfb25949527c7902316691,train
data/raw/coffee___healthy/C11P8E1.jpg,coffee___healthy,C11P27,1c7040ce04a1005052710f99581dbc4e8ea515e5556a18f3dcf751fc4d0c9405,val
data/raw/coffee___healthy/C11P8H1.jpg,coffee___healthy,C11P27,8d2f841162d8a35a571e4a2f98a5a60c5ff81f36116498a9746533530e855891,val
data/raw/coffee___healthy/C11P9E1.jpg,coffee___healthy,C11P9,1cf55e81879a3691be1ca627f066b370f03e8043050539df3e3cdfec0e4e38a8,train
data/raw/coffee___healthy/C11P9H1.jpg,coffee___healthy,C11P9,8b2734d9d82b456f4749fb565f6c9aa49395f8a4e589b8c2cb88442c75d3dffb,train
data/raw/coffee___healthy/C12P11E1.jpg,coffee___healthy,C12P11,48c1e9ad6ffff6c86a66f40fa23f22fb85b61a74cd3ee7955b1721c21efef8bc,val
data/raw/coffee___healthy/C12P11H1.jpg,coffee___healthy,C12P11,7810609a4fabfc071f2474143461a5cbaee5065e08aeb4835c99a31791bd545a,val
data/raw/coffee___healthy/C12P12E1.jpg,coffee___healthy,C12P12,6962cc431231b08e6f5a2e3321f5a5f33cb943e12272cd523fd8c0a979817193,train
data/raw/coffee___healthy/C12P12H1.jpg,coffee___healthy,C12P12,1b37753c4685e5d0685e914101f4e1721473e7c2ef312556e36628e09a5d9bdb,train
data/raw/coffee___healthy/C12P13E1.jpg,coffee___healthy,C12P13,db5fa882c7ab8c7ba123b65ae5817730c088c7da8c7685500a8ffc1c919072ad,val
data/raw/coffee___healthy/C12P13H1.jpg,coffee___healthy,C12P13,34c4257d0ffd8fb1f86cc82a5fbf3a198b78f12c8b7a964c90dc68bf8cd7b3e7,val
data/raw/coffee___healthy/C12P14E1.jpg,coffee___healthy,C12P14,3404fafe3691be69ad764cda7cd4e26f1de6584271fbb2697131611f15d53b8d,train
data/raw/coffee___healthy/C12P14H1.jpg,coffee___healthy,C12P14,22c9b32727d65902069b51c6450fa9e6ee328f74ef8b61478a4935713daff549,train
data/raw/coffee___healthy/C12P15E1.jpg,coffee___healthy,C12P15,1cc9d1cef21e83b7f87ce6404ccc4d52313078248636ac0d2d2b5442cb32a75f,test
data/raw/coffee___healthy/C12P15H1.jpg,coffee___healthy,C12P15,bb55bc1ef225b9cffd44df477cd7fa801f3e7f29eda36f43521c7ebd9726c160,test
data/raw/coffee___healthy/C12P16E1.jpg,coffee___healthy,C12P16,024fae112139ea6df2836051a64a2970ad121be8cf9d9f597b9b03bf75dac33e,test
data/raw/coffee___healthy/C12P16H1.jpg,coffee___healthy,C12P16,0d10c615c216de21b6d6ed7800f804aabfaecfdadcd0b2b7acca9ab9ed26bda3,test
data/raw/coffee___healthy/C12P17E1.jpg,coffee___healthy,C12P17,eceb88bed4fd6b6af126dd07e3595c73dcf57fef7431996ca2fc053242253b3e,test
data/raw/coffee___healthy/C12P17H1.jpg,coffee___healthy,C12P17,18c2d7f8efd466fa223be84182d35eabe23becd32fbf8b1b2266d3c33a2050fe,test
data/raw/coffee___healthy/C12P18E1.jpg,coffee___healthy,C11P10,152611a6b412f1280ebde98179befdeb322141f2e19b18f43598e2337b2f9de2,val
data/raw/coffee___healthy/C12P18H1.jpg,coffee___healthy,C11P10,e65eee2f45ea8c31b5135a3e8388d27ecedb79231cbf822649c479be485d9cd7,val
data/raw/coffee___healthy/C12P1E1.jpg,coffee___healthy,C12P1,b8a66eab4d013fbd77233b55ea06e803cd76d7d261ea3dbc66467b18a142ff48,val
data/raw/coffee___healthy/C12P1H1.jpg,coffee___healthy,C12P1,662153ca3a689458ce40ee871e6ab3b6de3ab3c4d9391776fe27a73d38575e2e,val
data/raw/coffee___healthy/C12P20E1.jpg,coffee___healthy,C12P20,5f08300ea270a91e9e60a564745fea41c097f136a8c78c52a8f000e07da33757,train
data/raw/coffee___healthy/C12P20H1.jpg,coffee___healthy,C12P20,e144070c2b3e8985a39049eac0902f018ce8f82370577a01ea3e53f41347d657,train
data/raw/coffee___healthy/C12P22E1.jpg,coffee___healthy,C12P22,ef13e80b218437332b9c24c9fc5d93e2fd25c841ea8efe0db81d797a77bd1883,train
data/raw/coffee___healthy/C12P22H1.jpg,coffee___healthy,C12P22,10b82f6e1c5f88fc08427ddab47fb1970e93d0d262d9efbff0889a5932fcdd5a,train
data/raw/coffee___healthy/C12P23E1.jpg,coffee___healthy,C12P23,06f2468ffc50581141279882d0fd4b506243495bd8cbdd7f98091f0902d2979a,val
data/raw/coffee___healthy/C12P23H1.jpg,coffee___healthy,C12P23,4058593347b381c58a2d8ef4315c366894ad805e9a01d8da5fdc13ea69d8a362,val
data/raw/coffee___healthy/C12P25H1.jpg,coffee___healthy,C11P14,53d3331826d95c8d9b1bd5a8cce642ee9f1b9ac72fcfa73837b1c0439aeedb46,test
data/raw/coffee___healthy/C12P2E1.jpg,coffee___healthy,C12P2,f709aad9092fed659ce4ce7ab1b68f5dde19a44588620f08f8574edee2d19f03,train
data/raw/coffee___healthy/C12P2H1.jpg,coffee___healthy,C12P2,babda169b43a3f9c0572e93032837be395870fbf301351e607b0da3c5f2be7c7,train
data/raw/coffee___healthy/C12P30H1.jpg,coffee___healthy,C11P14,a98b16c2b06e8c2b7443fdccefca68213a55d6b34c56692692a29f67de5f9ce8,test
data/raw/coffee___healthy/C12P36H1.jpg,coffee___healthy,C11P14,d88fbb54ba492305a309a1ef69f6cd1b1a909b41e10b6c18948adadc9ba68123,test
data/raw/coffee___healthy/C12P38E1.jpg,coffee___healthy,C11P14,d6455d89a399088655a19feaa3fda4358e221655de5e1573ddb64637292264d5,test
data/raw/coffee___healthy/C12P3E1.jpg,coffee___healthy,C12P3,b83c11e84a16027c4c2b8e4c74ae0a66276e928dc58989aa202cefc479c2fc84,train
data/raw/coffee___healthy/C12P3H1.jpg,coffee___healthy,C12P3,911c479d0cdfdd8d592d423c04f226d6e6f40c4cec803369f68cfbc9ed3e194c,train
data/raw/coffee___healthy/C12P4E1.jpg,coffee___healthy,C12P4,61f742c0bf151114ca74b0c39cd1c92b6585e414f802374f58208dcbe34f7060,train
data/raw/coffee___healthy/C12P4H1.jpg,coffee___healthy,C12P4,eeccd26130bb3442015214bddce04c0d1f6e78dd2a49be016e8dbf873344f0bb,train
data/raw/coffee___healthy/C12P6E1.jpg,coffee___healthy,C12P6,2865904b03770513f8f0945582fdee04bceccd71989bceda20b5c66346a68400,test
data/raw/coffee___healthy/C12P6H1.jpg,coffee___healthy,C12P6,59ad3ffaf35957d100a1d71a0161a7cf190e78de2cfadbd4255c8c984f75b4e7,test
data/raw/coffee___healthy/C12P8E1.jpg,coffee___healthy,C12P8,69637cd3048632a09ef6dd98e2c30fb4b2607b553d1b27e54b8aeabd3c600c51,test
data/raw/coffee___healthy/C12P8H1.jpg,coffee___healthy,C12P8,8cbd5abc933079a351b4e666c6d0f1b631231a49476bc44ce18fd7f3c2b234c7,test
data/raw/coffee___healthy/C12P9E1.jpg,coffee___healthy,C12P9,5c8ee0632438830ac6025fadd570db56bb0bd37dd866ee44d57a32c7a248762d,test
data/raw/coffee___healthy/C12P9H1.jpg,coffee___healthy,C12P9,c8fd03d1eb76eb478f0888ee3a93386fac5819b29d95a94b725c2511597dc294,test
data/raw/coffee___healthy/C1P10E1.jpg,coffee___healthy,C1P10,8483cd0f0f4abc3e39815ed82ca0d406a3b4b406eac29ed8d8354685b28003f0,test
data/raw/coffee___healthy/C1P10H1.jpg,coffee___healthy,C1P10,5d28179b9e5d9297a908473d54c4097bde2de6b2683fb3b4819e3e00e1432356,test
data/raw/coffee___healthy/C1P11E1.jpg,coffee___healthy,C1P11,004754250eeaa03cf8ecccbd1bf30cdf0ba61ba8270186d2642fad4cd076d726,train
data/raw/coffee___healthy/C1P11H1.jpg,coffee___healthy,C1P11,62f00f401a9ca07538b469facd3fb3c9bfcb181ea685cfd8ef463062275c956f,train
data/raw/coffee___healthy/C1P12E1.jpg,coffee___healthy,C1P12,8cc2b759da0e546f101c5c7d11f0a19c2a1e3bee41da223a6458109fe3355758,train
data/raw/coffee___healthy/C1P12H1.jpg,coffee___healthy,C1P12,4744e6aaedcdbebbae95c84967ba2b02f69d4dda3f793a9632c2fdf9e419f812,train
data/raw/coffee___healthy/C1P13E1.jpg,coffee___healthy,C1P13,e8624769ac56d609bf619df319418cca79c9de7f0587e767b587393fd1b3f9ea,val
data/raw/coffee___healthy/C1P13H1.jpg,coffee___healthy,C1P13,8714db2f4c0e85da6b9f2b5301af5da81c7c9f3077ac75ae1abc601b11f23ef4,val
data/raw/coffee___healthy/C1P14E1.jpg,coffee___healthy,C1P14,aa97bef66d736c6523eccd59bde27c1bdb883f97eb67a37071e96bf72f79b6fd,val
data/raw/coffee___healthy/C1P14H1.jpg,coffee___healthy,C1P14,d88783d69bed4fe1ac393b9e7a0af5d7851881039c36193c31d3c48b8527322d,val
data/raw/coffee___healthy/C1P15H1.jpg,coffee___healthy,C1P15,d6b8c15b6f2676f7c46430376f699c6d0f084981b6d53100800478eb12ddf029,val
data/raw/coffee___healthy/C1P17E1.jpg,coffee___healthy,C1P17,cf75c511dbd8e196f3525b4c7c943e75c491cb6282179a93ba983b832e3e6a37,train
data/raw/coffee___healthy/C1P17H1.jpg,coffee___healthy,C1P17,0eb5b73414ccc064732b5c2193693452a8dd8570b8c55c056c6320464f5a6037,train
data/raw/coffee___healthy/C1P18E1.jpg,coffee___healthy,C1P18,38cce53e7054c44bcfc50fb30c0e2ea46495b3419eb485b3c3d97f504b2e7a23,test
data/raw/coffee___healthy/C1P18H1.jpg,coffee___healthy,C1P18,8a6e189f596d2aea63926c9a7354dd77a7a00b03010b2959344d902cf3152c13,test
data/raw/coffee___healthy/C1P19E1.jpg,coffee___healthy,C1P19,39050ddebae16d95c7075e7702746a207ba11e36289d48c03062b6d5998e87f0,test
data/raw/coffee___healthy/C1P19H1.jpg,coffee___healthy,C1P19,273b042482f989464620ff9bba61919366234d3d1e50847952f027ef6d934979,test
data/raw/coffee___healthy/C1P1E1.jpg,coffee___healthy,C1P1,5175c95f815c025ddd49ba7cc121f0a1815d9f54f328b511460d1efee92aaab4,train
data/raw/coffee___healthy/C1P1H1.jpg,coffee___healthy,C1P1,68bf7b5f99965d0d7ff709762cfe2e544b088378ea5e58868b96dc3adc9e7b70,train
data/raw/coffee___healthy/C1P20E1.jpg,coffee___healthy,C1P20,2f96193822fb6277a598dd18855ef6d58d5a138a7c6885e9cf0a5c1c1b02ab10,train
data/raw/coffee___healthy/C1P20H1.jpg,coffee___healthy,C1P20,fc0b8d4bf9ccdecbf21110bba8b2aec584d0690c36365f119a7a9b2b532a5898,train
data/raw/coffee___healthy/C1P21E1.jpg,coffee___healthy,C1P21,6a2d821b898cac9e4181b9aaa44e3ee52c439d4f8247f5f7c9a473b7d2282267,train
data/raw/coffee___healthy/C1P21H1.jpg,coffee___healthy,C1P21,5213899b36e053204226c200334816fb9a7372f0e5de73db21bb6e3522f694f3,train
data/raw/coffee___healthy/C1P22E1.jpg,coffee___healthy,C1P22,17b3f23a47f41016eaa9fba34b58544ea293b2b20484b730b9ce84d475fd7613,train
data/raw/coffee___healthy/C1P22H1.jpg,coffee___healthy,C1P22,30261efbfddfd93ff5664b3b72c082017607e678e2a245b65701128b53400457,train
data/raw/coffee___healthy/C1P23E1.jpg,coffee___healthy,C1P23,48d661b7219a16843eba84d105bf467b995a4df0a6b89450da7c36a148423db6,train
data/raw/coffee___healthy/C1P23H1.jpg,coffee___healthy,C1P23,e593bea98f2048d10a174a4cac59514fee4c59679b098b33872bb20fd5e78a33,train
data/raw/coffee___healthy/C1P24E1.jpg,coffee___healthy,C1P24,8e82d90a49af3152b4e8729af8ec0f756a7269ed40a419e77e408f2ea2defadc,test
data/raw/coffee___healthy/C1P24H1.jpg,coffee___healthy,C1P24,65572c748c492871f4359ec9051a528380ce54fe6c1e3092323039369252d10d,test
data/raw/coffee___healthy/C1P25E1.jpg,coffee___healthy,C1P25,7ea2362812a09db988e7513d4474386910545059b161f5dae440f9d777c3edad,train
data/raw/coffee___healthy/C1P25H1.jpg,coffee___healthy,C1P25,b34e66963b7b2182cb931f7afd6dc1323fc44af0d4f39c7a1b1b582967a954be,train
data/raw/coffee___healthy/C1P26E1.jpg,coffee___healthy,C1P26,2718e3754817ab3d970da9186fbf47a81163b5bca909030e313d377474e570b1,val
data/raw/coffee___healthy/C1P26H1.jpg,coffee___healthy,C1P26,39b9f020a38aa7c83c985ddc123b799f9e82d4dc2bbbec8b8d751a819875b261,val
data/raw/coffee___healthy/C1P27E1.jpg,coffee___healthy,C1P27,0e78c55c7a9f279338516e85ac40d70157ed3e0acf1854b99c4dfcc2b0369be4,train
data/raw/coffee___healthy/C1P27H1.jpg,coffee___healthy,C1P27,876e9c54f6284bd223abbfa69e15713c20c6601ef9729d70f373f2c2e5865526,train
data/raw/coffee___healthy/C1P28E1.jpg,coffee___healthy,C1P28,7465f323cd0dec776d3f50d410a52853bcf94facb9298a4602bb3c7003e38317,val
data/raw/coffee___healthy/C1P28H1.jpg,coffee___healthy,C1P28,c688ccfd9357cfae8779a2fb8515eadaf982370a9285a6e58a2a33ad131ed83a,val
data/raw/coffee___healthy/C1P29E1.jpg,coffee___healthy,C1P29,28f3c062eb0ebc73732f4504ca36fcd00d97d6cc69ab2ce0bd5217b0a76d808a,train
data/raw/coffee___healthy/C1P29H1.jpg,coffee___healthy,C1P29,a3b2c474406b05c4aa1c87658900f56bbf8fe594ff4b11a5b2d132a71a5d39ee,train
data/raw/coffee___healthy/C1P2E1.jpg,coffee___healthy,C1P2,b12fd9d7907caccf047d8afb85a12dacbc893f4997968d31f250513940034c4d,train
data/raw/coffee___healthy/C1P2H1.jpg,coffee___healthy,C1P2,3fa79909b4504d8fc03706393a7ea608d1232b5293375220c3c9d9d7ee32bd27,train
data/raw/coffee___healthy/C1P30H1.jpg,coffee___healthy,C1P30,85a3a9f77f63cc31ec7a3ef457cb9e232a7868770b9dc0cb0accd7cdaa79ca32,train
data/raw/coffee___healthy/C1P31E1.jpg,coffee___healthy,C1P31,45a531d0468d102660496e3d9a3f23322f4f1bfe4d1940484415a2c560b5191b,test
data/raw/coffee___healthy/C1P31H1.jpg,coffee___healthy,C1P31,e02216713ea8ebbafb4893f121404db79dc6fe68511f218a3ce732550c566300,test
data/raw/coffee___healthy/C1P32E1.jpg,coffee___healthy,C1P32,a4938077a028f8c63c40d4623601fd8d6fbab42383bc62584db118bd068477ce,train
data/raw/coffee___healthy/C1P32H1.jpg,coffee___healthy,C1P32,3a3ea1274ea6e8de8d195445e9dcf08941e4f525129ace18ade1d767a349ee1c,train
data/raw/coffee___healthy/C1P33H1.jpg,coffee___healthy,C1P33,572ba0e09fa2bd87c3f1445f16cf077aac69a2012d060bdf70ad6b57eaa64f54,train
data/raw/coffee___healthy/C1P34E1.jpg,coffee___healthy,C1P34,4d3e9ce126a1d8f965b5e86740c812f83b200dfe4ec6bbf0c80786ac166c1690,val
data/raw/coffee___healthy/C1P34H1.jpg,coffee___healthy,C1P34,46464be83575efc9c33fbd310e6df0e80891416b88aaf35ed77ff2f6cc8c8a8c,val
data/raw/coffee___healthy/C1P35E1.jpg,coffee___healthy,C1P35,ccd8441316d34b8c73e94f898b44432b623603bb873d747ce13bca6300fc30ff,train
data/raw/coffee___healthy/C1P35H1.jpg,coffee___healthy,C1P35,af8cd0729061463f8d9701ec1ab7196dd712fe348be68cbf4c4ae3bc64e659cf,train
data/raw/coffee___healthy/C1P39E1.jpg,coffee___healthy,C1P39,5f52ddfca40ed023542609bc4c6c09257488f497bb3c137c797b6f7de8c4ecf1,train
data/raw/coffee___healthy/C1P39H1.jpg,coffee___healthy,C1P39,034bd547e53642e381d3e62028af9d5bd4cceebbccb6b055e5e4d58f365e6071,train
data/raw/coffee___healthy/C1P3E1.jpg,coffee___healthy,C1P3,2e6607b902d3c1ddf673cc8c220825d7486cafa05932a83d73a1d41f3c6fae35,train
data/raw/coffee___healthy/C1P3H1.jpg,coffee___healthy,C1P3,98770a619cc9264d0787d094e9f622aa43bf767bb3d6fe358f1b0c0aebb3f4af,train
data/raw/coffee___healthy/C1P4E1.jpg,coffee___healthy,C1P4,983396d3239defd756688cc9281cc599e3808aa4fed004fe66c9e7f0c814d248,train
data/raw/coffee___healthy/C1P4H1.jpg,coffee___healthy,C1P4,762efda9c272b623b612a718d2c050df0f860e3856b8b89e9a51b6f546142632,train
data/raw/coffee___healthy/C1P5E1.jpg,coffee___healthy,C1P5,3069254501627eea60d99308d41e130d25d9c4c69ccc212464f4790e31cedcc0,train
data/raw/coffee___healthy/C1P5H1.jpg,coffee___healthy,C1P5,00dfdd8e88437a3f768a6febbb1a6ee69717b7f8d03cc6a943c841e826e8f13d,train
data/raw/coffee___healthy/C1P6E1.jpg,coffee___healthy,C1P6,12d89e2697ef0fbe6cb1456af60cdd72df13924ad22e502d6c980f42624998f7,test
data/raw/coffee___healthy/C1P6H1.jpg,coffee___healthy,C1P6,04384365eb50963d20a1453f847a6e1ec78f11df18a5f13156cba045452ef595,test
data/raw/coffee___healthy/C1P7E1.jpg,coffee___healthy,C1P7,bb30e4605dbd340e3c545b808f83ac19e98c269d6cee3a4188af74c1ac2086a8,val
data/raw/coffee___healthy/C1P7H1.jpg,coffee___healthy,C1P7,57e8aa67d01f1f6f12afcc00d67aae5cae398a7076e8656ee8776256205d715e,val
data/raw/coffee___healthy/C1P8E1.jpg,coffee___healthy,C1P8,cfb3b062a112843055352e643d790bb0a4cdad411837d23cdc70e3f55a7f8e3d,val
data/raw/coffee___healthy/C1P8H1.jpg,coffee___healthy,C1P8,47795a677cbfb22f2e393d38b1fea4adb6a1defed71720c78b221b861ceaa1d1,val
data/raw/coffee___healthy/C1P9E1.jpg,coffee___healthy,C1P9,0a0001f69dbc5e6c44c41cca008ccc8fc5067af6d52ba4b85fb66f132e36a50d,val
data/raw/coffee___healthy/C1P9H1.jpg,coffee___healthy,C1P9,c932dfcc553be0066ef808a7522c165f17e9d0490f53cf45d9c7fe2082e2b9df,val
data/raw/coffee___healthy/C2P10E1.jpg,coffee___healthy,C2P10,bc6f495ad907087fd219169812e49869f968da5621ca7d06e9e11b4fd96def27,train
data/raw/coffee___healthy/C2P10H1.jpg,coffee___healthy,C2P10,54ff2e3db38b2055310323e7f4a6a1e7b14a89db157e591c88ab1f5724ea587e,train
data/raw/coffee___healthy/C2P11E1.jpg,coffee___healthy,C2P11,c40a960b77c65daf69d9a0cb90361cd60010b2d62405f409080a1c1008966b7a,train
data/raw/coffee___healthy/C2P11H1.jpg,coffee___healthy,C2P11,0119b51ab0f38e7a79e4e7a864047c3c7fa4e9a11e210ecdb0e510792c33b160,train
data/raw/coffee___healthy/C2P12E1.jpg,coffee___healthy,C2P12,f4587b82d7510060937842721f0b8f91d0138eaff541ede741aaeb1200638541,train
data/raw/coffee___healthy/C2P12H1.jpg,coffee___healthy,C2P12,9b06a169caa27195aae447106d6489d27900efe3456d28d0cca8faac7ef97878,train
data/raw/coffee___healthy/C2P13E1.jpg,coffee___healthy,C2P13,59e22e7cca1ac085237eafc92ab446fa09fc0ec878b1b4809185072211881537,train
data/raw/coffee___healthy/C2P13H1.jpg,coffee___healthy,C2P13,94c87825ec9477ad51a49a21ea37cb57c21bb190573703084919e89bae4c088f,train
data/raw/coffee___healthy/C2P14E1.jpg,coffee___healthy,C2P14,8aec2ac371b54d5f8583e24e1b4bf5edca015a5de79d92579d9fefcf2d5ead12,val
data/raw/coffee___healthy/C2P14H1.jpg,coffee___healthy,C2P14,c4b60b5e237dca72b819e8f740fb30bf60735c6f59c6900cd678f28e77e8952a,val
data/raw/coffee___healthy/C2P15E1.jpg,coffee___healthy,C2P15,23cf9ff589f2537b887705c61dad86f9063614b29c23fc388283aa69ae0d6936,val
data/raw/coffee___healthy/C2P15H1.jpg,coffee___healthy,C2P15,1c6853e5ac3e3e07adefd10458d2f345e34752dbfa3c1c9e43af378242af9315,val
data/raw/coffee___healthy/C2P15H2.jpg,coffee___healthy,C2P15,8da2c110ada4aa0ff67c6183cb3634bff515cb70c43a41777730f19333935a8c,val
data/raw/coffee___healthy/C2P16E1.jpg,coffee___healthy,C2P16,da99a1be326403184b3627e2f5bc756429ef139206627cf50dbba88d634917fe,val
data/raw/coffee___healthy/C2P16H1.jpg,coffee___healthy,C2P16,3fe52ee94b1c04352cc78c4701b9269e868546df62bac77ae5d095ad8aa973b5,val
data/raw/coffee___healthy/C2P17E1.jpg,coffee___healthy,C2P17,8f859ed46c7f265a58d41658c9a398b89b01833af499b2afa5bc56e5bdc28adc,train
data/raw/coffee___healthy/C2P17H1.jpg,coffee___healthy,C2P17,e338120aab611bf12472041ab73187faabe94bd6941a544a1ff83bc68b39315e,train
data/raw/coffee___healthy/C2P18E1.jpg,coffee___healthy,C2P18,704da48df7fb91631c7b8f4720659ea8a0a6ec6e4c1576b8732bf72960aaf87a,val
data/raw/coffee___healthy/C2P19E1.jpg,coffee___healthy,C2P19,49928d49bea681c81364865937d2b20c5b1d7e2e00ffc67a6883ed7ea93414e9,val
data/raw/coffee___healthy/C2P19H2.jpg,coffee___healthy,C2P19,a075f3df588e643d994f21eba1ac1048e14eefce338d0b7d2b35e71f4f6e48b0,val
data/raw/coffee___healthy/C2P1E2.jpg,coffee___healthy,C2P1,61724d1a03e9eacb38f53ab94288b64e638d154bfdd0a0bde0684c4443492359,train
data/raw/coffee___healthy/C2P1H2.jpg,coffee___healthy,C2P1,7a9ddf84ebc2d0c43049ec46816218f252d99359a5e7334436113ade5ef86d42,train
data/raw/coffee___healthy/C2P22E1.jpg,coffee___healthy,C2P22,68e652e5622e8f0da21cc0afae468d70680eaaea07150e4abaf8fbfe092a4696,val
data/raw/coffee___healthy/C2P22H1.jpg,coffee___healthy,C2P22,23f3c4e7d8f6803830aaf870e99c2a10091d5daa5dfee59881797dc0bf30761e,val
data/raw/coffee___healthy/C2P23E1.jpg,coffee___healthy,C2P23,418a126680b255d055f40f131c10721a8f7319b743761b1ffa1b3c1e82179b71,train
data/raw/coffee___healthy/C2P23H1.jpg,coffee___healthy,C2P23,9541e5cf53664ba3619d8b496950d4c60a71f192d02f3de0567ec45954fbae2e,train
data/raw/coffee___healthy/C2P23H2.jpg,coffee___healthy,C2P23,f550fee5676d0926b9bb6a3e29a193fa23d0d356790c99844df337fbd641bf22,train
data/raw/coffee___healthy/C2P24E1.jpg,coffee___healthy,C2P24,7b15967e9be5bc5f38465c61973a55dcd8a07dec25eb140c35e8087484ef48a3,test
data/raw/coffee___healthy/C2P24H1.jpg,coffee___healthy,C2P24,f33b71f6d0035b85994e42fdf45c589bd991730264e965fb90c50c88bef88ca8,test
data/raw/coffee___healthy/C2P25E1.jpg,coffee___healthy,C2P25,19450f640dade3d0a29c243e1a634fa3448e6d34738351f71872e7831cc46d94,train
data/raw/coffee___healthy/C2P25H1.jpg,coffee___healthy,C2P25,d61993efd0e346aaf574c70db37273e5bcbdc33d6869155b2b0d3a4f0e5afdf6,train
data/raw/coffee___healthy/C2P27E1.jpg,coffee___healthy,C2P27,16f323370aaf99be0546974215c328aa562bd19d562e10e4f96caab041096c47,train
data/raw/coffee___healthy/C2P27H1.jpg,coffee___healthy,C2P27,1a71bcd2ce552098f01240b510510a5b7e96099ceecadb8ef7e9d9f357fbf6a2,train
data/raw/coffee___healthy/C2P28E2.jpg,coffee___healthy,C2P25,61830294977485f3b923f2106b549d8e51e26a9bb722942495c6c4530566971c,train
data/raw/coffee___healthy/C2P30E1.jpg,coffee___healthy,C2P30,a35b370d8dbf31b3b2a3d9cb68b4a93d1940c701c2476aa1dd030120c86f7674,test
data/raw/coffee___healthy/C2P30H1.jpg,coffee___healthy,C2P30,625aa10c35111e066d83637bdf1545466c0cfead170e61cb46e02e563b40bac1,test
data/raw/coffee___healthy/C2P31E1.jpg,coffee___healthy,C2P31,6487df2a56169feb5f87e0a9c773b5ca3f660e8a7295e8965682e40911756b4a,train
data/raw/coffee___healthy/C2P31H1.jpg,coffee___healthy,C2P31,30a025fd406bb0c84d1807ba6f117d2807c3531300a2516caff0a7fdb7657f71,train
data/raw/coffee___healthy/C2P33E1.jpg,coffee___healthy,C2P33,09a14862afc77cb51f734e8f9e54ee406a8d45d853460c78a793e897432f96d7,train
data/raw/coffee___healthy/C2P33H1.jpg,coffee___healthy,C2P33,789577ae05ccb7765f101db982b0e3483ffa8b1e26449d7753030ea570ad8594,train
data/raw/coffee___healthy/C2P35E1.jpg,coffee___healthy,C2P10,e2270ad3f58854a862dc32b00d847fea0173907595c508e4486b797ce5c64c60,train
data/raw/coffee___healthy/C2P38E1.jpg,coffee___healthy,C2P38,5b52d7a50340ef5763a36fcdaded6820fb6aac95c5130ed71f381cbbd4700774,train
data/raw/coffee___healthy/C2P38H1.jpg,coffee___healthy,C2P38,821adf9a2459659ea388b14995b81c70789941be4ef1584d1aeef789995eaf5f,train
data/raw/coffee___healthy/C2P39E1.jpg,coffee___healthy,C2P39,8936b5d9836df5d7625d8cda788dc1a43a5455665b0fa272e4fb543d4b5a5620,train
data/raw/coffee___healthy/C2P39H1.jpg,coffee___healthy,C2P39,557fea4497dc5ad5794bf9722764e666c20e319a7909db072ca2cae07b8804a5,train
data/raw/coffee___healthy/C2P3E1.jpg,coffee___healthy,C2P3,e2942836642d32f8b9c2d4f292cfcb85a95028571fd6913f575aa8a54632e0ee,train
data/raw/coffee___healthy/C2P3H1.jpg,coffee___healthy,C2P3,e0b27d26ee166d7b813a2d14bdc8e4a39952d9bfdb61e9bfd72dfaee08a75a34,train
data/raw/coffee___healthy/C2P4E1.jpg,coffee___healthy,C2P33,43769237b9d9d672fc55fbbe61e6b0e83b221c75c77d447655ef138ba92764db,train
data/raw/coffee___healthy/C2P5E1.jpg,coffee___healthy,C2P5,68e7a9a315030bbe2203b61f49dddfa84f88e3b7f3e7a61384f05c849ef8c272,train
data/raw/coffee___healthy/C2P5H1.jpg,coffee___healthy,C2P5,4b479ada1ae91cd17044adf5e516623c3ddb2ae02640f7bff36411ca84653235,train
data/raw/coffee___healthy/C2P6E1.jpg,coffee___healthy,C2P6,77e6dc04fd215a74b95d09946836a74bd19d23ce40f477f451a0aa77e9750b05,train
data/raw/coffee___healthy/C2P6H1.jpg,coffee___healthy,C2P6,0a0245111af37c041e87bfd07b6388d8867a14b723dfcf0095f4645cd3eaf19b,train
data/raw/coffee___healthy/C2P7E1.jpg,coffee___healthy,C2P7,3fe122bdb39bc7211f2750fdfe3189719657466de0ae8f255954d6b3c05949b1,val
data/raw/coffee___healthy/C2P7H1.jpg,coffee___healthy,C2P7,0581965ac6408ecad427a47b520a36f887a8d7844f9294b5fbb9cce01e6e3191,val
data/raw/coffee___healthy/C2P8E1.jpg,coffee___healthy,C2P8,b62fbdb1e5cf914b9031578cbd198510416a722f5e9f08f1bb1d6ca4e759ab77,train
data/raw/coffee___healthy/C2P8H1.jpg,coffee___healthy,C2P8,e5dcda1a4fea6395d1c6e0c0750c00a8b40575465b617176ab1c3c1c1d10b614,train
data/raw/coffee___healthy/C2P9E1.jpg,coffee___healthy,C2P9,a898a8d0566f92ca32e559c2a2671b95a1ac47ef3ad4b6621c1fecff43e0f943,test
data/raw/coffee___healthy/C2P9H1.jpg,coffee___healthy,C2P9,96b8a7a1728751d559781d629c0ac9c2afd4bbd6e7c7ccb010a3dc679124b6d2,test
data/raw/coffee___healthy/C3P10E1.jpg,coffee___healthy,C3P10,c162051866e05bc03bb2c6e38565624aa07063cd1f46c850636deb830ccc08cf,train
data/raw/coffee___healthy/C3P10H1.jpg,coffee___healthy,C3P10,9e0b01065aa3251218ef598a254d244db5f4b28b294824e4cbac8fc921c75bf5,train
data/raw/coffee___healthy/C3P12E1.jpg,coffee___healthy,C2P1,8da99f9a5c4ab686759fc15c10cbf60f47a08d3f169ad44f3495b23559ecbffc,train
data/raw/coffee___healthy/C3P12H1.jpg,coffee___healthy,C2P1,96f984b2477d28f037f526a05ad7279c791d3d4523bacc8c0a6ca4611381808e,train
data/raw/coffee___healthy/C3P13E1.jpg,coffee___healthy,C3P13,946f82f02f09777c9452b13d2f0d7e8e31e4b655a341ba7f526ba30318258742,train
data/raw/coffee___healthy/C3P13H1.jpg,coffee___healthy,C3P13,1716c9c8fa725809fb1b0870e63db3525c0c4be62333bb4760d98c52558f466f,train
data/raw/coffee___healthy/C3P14E1.jpg,coffee___healthy,C3P14,d79d44ff52084124d54d81d66c23e98c8488baf1f2a719792826e346cac32db5,train
data/raw/coffee___healthy/C3P14H1.jpg,coffee___healthy,C3P14,6ba639c20ed5d21aef5d8b57a7e406ad3551152bcc560797591f5d2059f1adfc,train
data/raw/coffee___healthy/C3P15E1.jpg,coffee___healthy,C3P15,37868d3e9d91e0bad8dc2f5c2174e5bd4d406fb61cfc83174efc78db0ca69bde,test
data/raw/coffee___healthy/C3P15H1.jpg,coffee___healthy,C3P15,b09bbf741fc507baf2b0071d6d7716b9554fe4c8552afcd5c30ade8d479f49f8,test
data/raw/coffee___healthy/C3P16E1.jpg,coffee___healthy,C3P16,532fa15516d1b1c1b144c2d99f706d7f9335144d53022d51efd2e58a69431df9,train
data/raw/coffee___healthy/C3P19E1.jpg,coffee___healthy,C3P19,e1709a44d1bd971b1335658b322a618e8cd61d727c03b936a0b86df9426823af,train
data/raw/coffee___healthy/C3P19H1.jpg,coffee___healthy,C3P19,cb1668996139a04d88328cbd4bac888a05274627bc34d8837686e45c9fff35d2,train
data/raw/coffee___healthy/C3P20E1.jpg,coffee___healthy,C3P20,966b6f6ab87a158c53c2b37330a5725b1100ff7e8725a23f53e58b36e0f094d8,train
data/raw/coffee___healthy/C3P20H1.jpg,coffee___healthy,C3P20,eebf9597fba41882bec0e4838a90d9df74f98bbb48ee7f76739b6b24d054578e,train
data/raw/coffee___healthy/C3P21E1.jpg,coffee___healthy,C3P21,55ae9aacf16f3707b0b00784d60d8397213caed277779fae54d7520eae9f40bb,val
data/raw/coffee___healthy/C3P21H1.jpg,coffee___healthy,C3P21,0b1e3c72ab4853cc55a09684b51affe047cd2b12910a3379851052e8f8423144,val
data/raw/coffee___healthy/C3P22E1.jpg,coffee___healthy,C3P22,577c6be8f114ad04fd57efbe33a94a6f71e2d651b0844f3f0adff7705c0f2eac,train
data/raw/coffee___healthy/C3P22H1.jpg,coffee___healthy,C3P22,ca5d53877ff1b129b249a5ae150e344f36caf992f328191e5843f998a305d3cb,train
data/raw/coffee___healthy/C3P23E1.jpg,coffee___healthy,C3P23,cfed95a43c9d5c1c64084f4c8d000003a63a8595b2287154d049928245a49ba5,train
data/raw/coffee___healthy/C3P23H1.jpg,coffee___healthy,C3P23,c7119ac1127eae3bf8a02f0ff66809f613077184337bbb17470060b21dfd1698,train
data/raw/coffee___healthy/C3P24E1.jpg,coffee___healthy,C3P24,6fdb6794af007c96045630b99c47f74fdfc43f7562743317733873aef2f612ba,train
data/raw/coffee___healthy/C3P24H1.jpg,coffee___healthy,C3P24,7e21f2cddb8e97b669a0f887ff88788285be901e4bc9dd164860e4ddadbfd48e,train
data/raw/coffee___healthy/C3P25E1.jpg,coffee___healthy,C3P25,2a4852ab173d242bdea5a4119f7bbc192f44f226cdbc9bc7b7efde2173135e2e,train
data/raw/coffee___healthy/C3P25H1.jpg,coffee___healthy,C3P25,c9fdc9910589e2fc76a5aeb86cf7ea6c6ec09c768c05a79389665d9e67da2613,train
data/raw/coffee___healthy/C3P26E1.jpg,coffee___healthy,C3P26,aeb2b25d6af6f4bd793df967f50f8740d76dc9fe7a6508e2bc5d7bb9662e739d,train
data/raw/coffee___healthy/C3P26H1.jpg,coffee___healthy,C3P26,8204e519a7530513e7eedc0447922416149ee487619164f15efde5e6d80d47a0,train
data/raw/coffee___healthy/C3P26H2.jpg,coffee___healthy,C3P26,49308b1a10a668c4fd6c54a295abaa2350625f71caed9ccaea22af99a105c6f1,train
data/raw/coffee___healthy/C3P27E1.jpg,coffee___healthy,C3P27,7e6817ad267b1fd5171ede4c01e8826740cb885fd047a6f17f0cf5a77f323304,train
data/raw/coffee___healthy/C3P27H1.jpg,coffee___healthy,C3P27,fdca25d04c5fd60fd8ed94e20c0b34895753550b833b69bbd1c88b63855ce319,train
data/raw/coffee___healthy/C3P28E1.jpg,coffee___healthy,C11P27,1205c477c6f81e9af58030a50f6d80210c11df74f9a751244011035f933ba986,val
data/raw/coffee___healthy/C3P29E1.jpg,coffee___healthy,C2P38,da3522a799a236daa05b1944c3fad4c2dfd1bd37183fdaf9f625be2d32d20bc1,train
data/raw/coffee___healthy/C3P29H1.jpg,coffee___healthy,C2P38,a6141b8e4ab0105df4004e801f58c15cd6b51f0fdc6194f05da0b81f2124be02,train
data/raw/coffee___healthy/C3P2E1.jpg,coffee___healthy,C2P1,13a4e4f60dcfa6bc527653f4effa7f58a1c820c9e390edc21c15b6f7ff4d204f,train
data/raw/coffee___healthy/C3P2H1.jpg,coffee___healthy,C2P1,500a2cd1afa09d9f0d21331708a1407bb8dd20202be21a845571a614fc1f8a60,train
data/raw/coffee___healthy/C3P30E1.jpg,coffee___healthy,C3P30,258f11c8ce0b753aa0684e9db22addba0a2267e2ce431614a8bd27c7069e17ad,train
data/raw/coffee___healthy/C3P30H1.jpg,coffee___healthy,C3P30,6a570768701d9d5faac94968c9288f84cf46add09474fdd4e9d52a6adad2284d,train
data/raw/coffee___healthy/C3P31E1.jpg,coffee___healthy,C3P31,c924ef1f65869c65d731a0959d0d9bfb3aff4c9cfedf2eed41e78678686fd383,train
data/raw/coffee___healthy/C3P31H1.jpg,coffee___healthy,C3P31,5977f3ded27684beec4050def31422970be329e607dd4adbed209f4dacb1059f,train
data/raw/coffee___healthy/C3P32E1.jpg,coffee___healthy,C3P32,6485b3334fa8c4242e83a801eeb3cfbf0ebaacde0bf7a27dff4ffd222e54ef98,train
data/raw/coffee___healthy/C3P32H1.jpg,coffee___healthy,C3P32,8e7f06e9c43fc1212a1f22c4b5be67700ea125c24fd1f228c185db7e49b9cf45,train
data/raw/coffee___healthy/C3P33E1.jpg,coffee___healthy,C3P33,b84af77bf9e553c208b38c43a1262f439b7b6d2405eb5ebf5d72ef3566908003,train
data/raw/coffee___healthy/C3P33H1.jpg,coffee___healthy,C3P33,59588d1e7e723113b975e2fb71c90432e1d47521b729b9d46de1e67772e64ccd,train
data/raw/coffee___healthy/C3P35H1.jpg,coffee___healthy,C11P27,12276a7bd0d73b879573e9063e4af5e5a1f83411d85a7940c76c66210c2fe264,val
data/raw/coffee___healthy/C3P37E1.jpg,coffee___healthy,C3P37,02a9df6be82224518bf34eb76041a8116a7ea189d8d77660f61dfb4e5565f87f,test
data/raw/coffee___healthy/C3P38E1.jpg,coffee___healthy,C3P38,995dbda31b46bcef4a32cdc356561af2aae57d78dd98ef97bb84e19e015186af,train
data/raw/coffee___healthy/C3P38H1.jpg,coffee___healthy,C3P38,86127a8daceceab8afeaf12033b90801c146808bfb0c58904859875cba69c3d6,train
data/raw/coffee___healthy/C3P39E1.jpg,coffee___healthy,C3P39,b8d2bfaf141c0e59dcb92658e4fa14cd5e298777ef68379a47a8986d8538ba39,train
data/raw/coffee___healthy/C3P39H1.jpg,coffee___healthy,C3P39,a2d7aec4bf5c31fc8bc65f6659a9c39d80b4c30b2df82b1879ba0c9f3a98a03f,train
data/raw/coffee___healthy/C3P3E1.jpg,coffee___healthy,C3P3,78261e5ac96b393a02fa9bca75a426a0170811e9471884b122d144095df58acd,train
data/raw/coffee___healthy/C3P3H1.jpg,coffee___healthy,C3P3,55df19bb1c3fae353b868701796347657c7f4c1af5872ab12c2d2336f8def652,train
data/raw/coffee___healthy/C3P4E1.jpg,coffee___healthy,C3P4,6673f8a0e04bd9b5963c45c5493a352a18577cc01e4ecf441ea269a4915da316,train
data/raw/coffee___healthy/C3P4H1.jpg,coffee___healthy,C3P4,78e8969de4648c00f95a2d9993f162db49feb1abd931feae8242826640eef723,train
data/raw/coffee___healthy/C3P5E1.jpg,coffee___healthy,C3P5,d7d5aff59db096601628d5cbb3c2f221518392c872aa043b8828f02c6e63136a,train
data/raw/coffee___healthy/C3P5H1.jpg,coffee___healthy,C3P5,95e32f948649b222da0a266e2f7c435f5da133937a869ffeb85a88c6485fffc6,train
data/raw/coffee___healthy/C3P7E1.jpg,coffee___healthy,C3P7,ad97189d80ae03a330ecded1231a796059eacb29737937321eae5aff6d599637,test
data/raw/coffee___healthy/C3P7H1.jpg,coffee___healthy,C3P7,3667f014c6751653d100ee9e3a162b8c1ddc811a3bdd8c720661604ab1826558,test
data/raw/coffee___healthy/C3P7H2.jpg,coffee___healthy,C3P7,7524b5eb52aed4082644ec1c3d4924e17e777db72fb94fbbdb0a96d93955b3f0,test
data/raw/coffee___healthy/C3P8E1.jpg,coffee___healthy,C3P8,e6c411859894b2052aa2e3ca96995041f161a246853417059e7c5d2b3a18ff23,train
data/raw/coffee___healthy/C3P8H1.jpg,coffee___healthy,C3P8,3edfe3fe6ce570f040926c7a32e4be87ed7d1e3c1d9a0299c6a15e55cb116794,train
data/raw/coffee___healthy/C3P9E1.jpg,coffee___healthy,C3P9,a90bcb772a601664baee4b49ee34b2980c5937550ea4729c7aa8a7321b148c38,train
data/raw/coffee___healthy/C3P9H1.jpg,coffee___healthy,C3P9,41d0ca5e9ab2f12d10c76faf74182892a1e8e152334e08048fea97782221eba9,train
data/raw/coffee___healthy/C4P10E1.jpg,coffee___healthy,C4P10,c218ee34848cfdf5777daf52e8f76aec1a0045da5c311ca6970847ebcc1e1ae6,train
data/raw/coffee___healthy/C4P10H1.jpg,coffee___healthy,C4P10,d95febf70ea861f67fe92cbda8d0b74c5881f0626bd6cae7f600f622341cbf3a,train
data/raw/coffee___healthy/C4P11E1.jpg,coffee___healthy,C4P11,9f78b2243868ad30438936accb08155ad7144ffefefa1a8f4f83eedcb5eacf09,train
data/raw/coffee___healthy/C4P11H1.jpg,coffee___healthy,C4P11,cb8739d2739524eebb7fe5872e4129667829ceb35630cf9745648d457d8610e0,train
data/raw/coffee___healthy/C4P12E1.jpg,coffee___healthy,C4P12,aa9a977c40f25d4db9e09e621ed392f2067a1035f864a0796403cd2ad561e222,train
data/raw/coffee___healthy/C4P12H1.jpg,coffee___healthy,C4P12,298e084f49037642017bedf5fbf4661fee61234415b6ae895d93e6aaec0f07fd,train
data/raw/coffee___healthy/C4P13E1.jpg,coffee___healthy,C4P13,0184d8fd8a81e2d8c7fa7e2fd03b8af0ddbfb3b1f26ae10c1bd03d07ed2132fb,train
data/raw/coffee___healthy/C4P13H1.jpg,coffee___healthy,C4P13,63153bab106b329e11ea55eb3cbaec74f735c56c438a77710534cf1d214f7e59,train
data/raw/coffee___healthy/C4P15H1.jpg,coffee___healthy,C4P15,0fbc994e4b7be74e8a275277fe30abae529d10f07b3971c8704143adf5abd346,test
data/raw/coffee___healthy/C4P16E1.jpg,coffee___healthy,C4P16,724de284c2d3df57b9414216b9fbe1e60a7ad2a6962690ba356f0e7263fd605b,train
data/raw/coffee___healthy/C4P16H1.jpg,coffee___healthy,C4P16,508b83397f5e36ca3ecb334cbd7518689d50f4be715b16e59588e6c8115f83f8,train
data/raw/coffee___healthy/C4P17E1.jpg,coffee___healthy,C4P17,99ae692dfec313bd5a2ec0ede11d18ad09e06bc24a7710492611c7d06a537dc6,test
data/raw/coffee___healthy/C4P17H1.jpg,coffee___healthy,C4P17,8dd0a3243ae12c5e73372e289871bf1178c6165ec4caef8d965e14307f8e6ac5,test
data/raw/coffee___healthy/C4P18E1.jpg,coffee___healthy,C4P18,0c30cbb617b74450176deb4813dc3e3b1a198ab3a87b366f4e60978533094361,val
data/raw/coffee___healthy/C4P18H1.jpg,coffee___healthy,C4P18,2adc84f06e3c74cc7297c7cce52a7b9a080de66be2d706fa40733d28e161ddf1,val
data/raw/coffee___healthy/C4P19E1.jpg,coffee___healthy,C4P19,b7f9c04ee61d4f2918768e485d9954a32d37d62e327165001d6b6de86c6d0648,val
data/raw/coffee___healthy/C4P19H1.jpg,coffee___healthy,C4P19,5b55bd8b4031b88d90c308fff21fd97ab96b1e38abd2e86cd3377bb57e93d410,val
data/raw/coffee___healthy/C4P1E1.jpg,coffee___healthy,C4P1,202afd661ad97361f5a302d7b7cf98b796373b6302e48a072d75395d91e9f710,val
data/raw/coffee___healthy/C4P1H1.jpg,coffee___healthy,C4P1,1a620a3437ac09c6031ad15389dc7f4f7425a4c474b4713fd73f5d96c428f5f7,val
data/raw/coffee___healthy/C4P20E1.jpg,coffee___healthy,C4P20,a7fe2d70120d4282b28589dd81e830f17eb39dcfd8526d219ef3b299aa4a6fbc,test
data/raw/coffee___healthy/C4P20H1.jpg,coffee___healthy,C4P20,b3b7a3dd451f4d94b40781652b3aa6faeb79b30bfc97855450e61f4338a9378b,test
data/raw/coffee___healthy/C4P21E1.jpg,coffee___healthy,C4P21,80c5a46fe52c4462e1053a74fe0c6b4565f6a49f286d7f65ce5a7e7a2504b632,train
data/raw/coffee___healthy/C4P21H1.jpg,coffee___healthy,C4P21,d8bf64df3a1188b71b144bfe06beb073718df614cc3380b30798d0a3e7abb92b,train
data/raw/coffee___healthy/C4P22E1.jpg,coffee___healthy,C4P22,859f9dc4ad3597e884d3c61f262a6485eb372eeabcb5f1cb4ddcf6b11b36164a,val
data/raw/coffee___healthy/C4P22H1.jpg,coffee___healthy,C4P22,43ec1335b3f5726b63eb94babaa34d0483190a3b6153df54025ffe0bd1a8bb01,val
data/raw/coffee___healthy/C4P23H1.jpg,coffee___healthy,C4P23,d5d08aa02a2ef8c1878ae330547eec63e099ceb5b63070f2500382f635d84a7d,train
data/raw/coffee___healthy/C4P24E1.jpg,coffee___healthy,C4P24,94a9f9133153314378c5c04f08c330f99a361746134d3beaef943d92d38d24de,train
data/raw/coffee___healthy/C4P24H1.jpg,coffee___healthy,C4P24,3a322093e7c86a334a7a316b8f7bd5f2e1eae9c0b52215fea7e9bb7e42684a12,train
data/raw/coffee___healthy/C4P25E1.jpg,coffee___healthy,C4P25,6f23c4190b037e752f74eb70bdb3661e3c1e7407a3377f81b9bd276bedb1028a,train
data/raw/coffee___healthy/C4P25H1.jpg,coffee___healthy,C4P25,720d65f60ac14e2cdf8f9c7914939a35434f4d4f360d0cad57c1fa79d0754719,train
data/raw/coffee___healthy/C4P26E1.jpg,coffee___healthy,C4P26,3b91c9b1bb20e4c20c3304133e57443523aeb90c288507d95d1e2920d19ccb8f,val
data/raw/coffee___healthy/C4P26H1.jpg,coffee___healthy,C4P26,2f37202bae2d4f4d41fee3f5ad098331fbf3ce5ab0aa1ec1389599dbd306a56a,val
data/raw/coffee___healthy/C4P27E1.jpg,coffee___healthy,C4P27,528358209da9b98411bb059cf2b8aa0126b9044f87fcf25276673fce922d0156,val
data/raw/coffee___healthy/C4P27H1.jpg,coffee___healthy,C4P27,7d45e51998d1f4243922040d0a879c0dbfddfdff390ea61898a37e8c2eafbd5e,val
data/raw/coffee___healthy/C4P28E1.jpg,coffee___healthy,C4P28,af73e2defa8e48f607d0114635e0fd5e10dfaddf5beb748ef6a684ad0acb05de,test
data/raw/coffee___healthy/C4P28H1.jpg,coffee___healthy,C4P28,e99981ab5d4aef9de9e490d071e9e843b41602d363eafce228915653ed475ed7,test
data/raw/coffee___healthy/C4P29E1.jpg,coffee___healthy,C4P29,591e0816c6883fadb27c74b52abc28d7ccc3631de3de851b2fe8b4c973e8c22e,train
data/raw/coffee___healthy/C4P29H1.jpg,coffee___healthy,C4P29,afd6e3d47ec8ce7c0760f33329e5e588fd7e6e8ddfce24407f30a102b959578e,train
data/raw/coffee___healthy/C4P2E1.jpg,coffee___healthy,C4P2,3b4a62954822827be7ca934bc5d5910b9c8dd57563850f4752079b657d99d9c7,train
data/raw/coffee___healthy/C4P2H1.jpg,coffee___healthy,C4P2,d67fb797ab864fcc20ae25aecee27f4596f34d7b7d247efc4d3c232fecdcd620,train
data/raw/coffee___healthy/C4P30H1.jpg,coffee___healthy,C4P30,8fa2765e1dbb8d91273430d0e535dc91cba442f0ebc4cbe3b4d7a8b05e667f4c,train
data/raw/coffee___healthy/C4P31E1.jpg,coffee___healthy,C4P31,31b88d25dcf872bbe70820b5e79e0300eaa5ac8076b891acef31c5b6ad483aa2,test
data/raw/coffee___healthy/C4P31H1.jpg,coffee___healthy,C4P31,de110d910e3a1b0cf8353bbce72627c334bdea25755e0c138d3328a020f0ad1a,test
data/raw/coffee___healthy/C4P32E1.jpg,coffee___healthy,C4P32,5dfc1648746001012016d864e812fe2c9a50d3718d0f44b5621a33bf38a127d7,train
data/raw/coffee___healthy/C4P32H1.jpg,coffee___healthy,C4P32,0fbb0e92adc117e62608b7ee21d178bd9a9964fc93c34a92f9f433bd7492be93,train
data/raw/coffee___healthy/C4P37E1.jpg,coffee___healthy,C4P37,a4e71b993e3fb9c7bf61439cbb38f41bab8761e1b7187c603c2f5716424cb613,test
data/raw/coffee___healthy/C4P37H1.jpg,coffee___healthy,C4P37,72656db5aca533a4eaaeec6233a2b750d76b1bb9fdcdcc08b5c40ef623f95d9c,test
data/raw/coffee___healthy/C4P38E1.jpg,coffee___healthy,C4P38,27116e6c5061da1a527d570916174f5ba72f509b559be040649d895e5e8b4c98,test
data/raw/coffee___healthy/C4P38H1.jpg,coffee___healthy,C4P38,0036e1d5f9d5bf59ee4eabd9f09e1277d96b1779030d0a5ecdc0835abcb4a8b4,test
data/raw/coffee___healthy/C4P39E1.jpg,coffee___healthy,C4P39,989badd05f8eb86f6c6fb95d87e1b17eaa72a7c47b1bc90bb68d9fa107859cf0,train
data/raw/coffee___healthy/C4P39H1.jpg,coffee___healthy,C4P39,da9b2344f83b9bc4e6d1141e9df941d3443d74bf0e04843cbf611be48f384edc,train
data/raw/coffee___healthy/C4P40E1.jpg,coffee___healthy,C4P40,7a2fdaf90662536580af81ece93a3f7cf429690ccfedd3cacae64d8112b48d40,val
data/raw/coffee___healthy/C4P40H1.jpg,coffee___healthy,C4P40,c45d1420e55fb5807f9535997b0abad6fb05f06b8b4565892dd631b66b5b786f,val
data/raw/coffee___healthy/C4P4E1.jpg,coffee___healthy,C4P4,1a47e53b9597bc66a19d5a1b456d565e6aaf8c356ebc39ed13e36995fbdeef37,test
data/raw/coffee___healthy/C4P4H1.jpg,coffee___healthy,C4P4,771985d2bafd38a1ec88388a5e6894443a6cbf789d96ea696a157eaccf55943e,test
data/raw/coffee___healthy/C4P5E1.jpg,coffee___healthy,C4P5,27ad16b3d2864582df6c1fcfc068e1579184ce07e08dbad8a3e2461be3b3d343,train
data/raw/coffee___healthy/C4P5H1.jpg,coffee___healthy,C4P5,95bebc87516905d7c2f266c9c4f171f38d23cff6b88b835e76f2514ab9ad6f3b,train
data/raw/coffee___healthy/C4P6E1.jpg,coffee___healthy,C4P6,6c1bfaad769b600e2727aa7adce1b2cff8a0dd5a1a05f3cfa37a518632a6a9b5,test
data/raw/coffee___healthy/C4P6H1.jpg,coffee___healthy,C4P6,5625d741a24a0e9d20819a02052e5d3d7fb62f78b18836d600fc47b3ff0b15e0,test
data/raw/coffee___healthy/C4P7E1.jpg,coffee___healthy,C4P7,6e10e21c488ae9177fd34395f2b2716439dbd1dc6d29220a099d5b522b6b12fb,test
data/raw/coffee___healthy/C4P7H1.jpg,coffee___healthy,C4P7,0c13e2333b0c670843b6b9073ab96f28f3e3e96ba382df79fb14775040e25b9c,test
data/raw/coffee___healthy/C4P9E1.jpg,coffee___healthy,C4P9,3a81793a8a3f9d281f88ce4696696c864d1491ae2a9fd3a51d690d6236e80e3d,train
data/raw/coffee___healthy/C4P9H1.jpg,coffee___healthy,C4P9,b96aa22c87a5d61cfa01a98d4e6fd69fc61b6ed90b8cfa93aefd303031fb1721,train
data/raw/coffee___healthy/C5P10E2.jpg,coffee___healthy,C5P10,b2e6d3e664a09aed0255a6c35a50229f819fdce3e01d606efbf4a0bb08e4ce06,train
data/raw/coffee___healthy/C5P10H2.jpg,coffee___healthy,C5P10,c917efb1b71973b2341fea59731a581c160f71a3004b55ca99e4963c96585f59,train
data/raw/coffee___healthy/C5P11E2.jpg,coffee___healthy,C5P11,7e5f940dba6070b24ab3fff6c9e616415ec76ab3e5ee7403eaefbdd2c33f06e0,val
data/raw/coffee___healthy/C5P11H2.jpg,coffee___healthy,C5P11,90c87c3c9533dba19fa2c2da9aaecea355d4d016809d73d1776a2684ecb706e5,val
data/raw/coffee___healthy/C5P12E2.jpg,coffee___healthy,C5P12,1ae294ac37fec471fbcbb7bd10f4cba6fc9ad4a51ecf74e9d025bc4de0e6a3c9,val
data/raw/coffee___healthy/C5P12H2.jpg,coffee___healthy,C5P12,3dc61abe2963801f9e409a5a293df66d6388a2bd9dbdf96d61b548dc1ee7caba,val
data/raw/coffee___healthy/C5P13E1.jpg,coffee___healthy,C5P13,e67363de740fe53678eadfa98d70858548935bc7ab90d2695ca6efac7e62b2c9,train
data/raw/coffee___healthy/C5P13E2.jpg,coffee___healthy,C5P13,92124d601cc3ecd10ae274540118886e89421f25d76ef57c288218f3d6c4e7ae,train
data/raw/coffee___healthy/C5P13H1.jpg,coffee___healthy,C5P13,d89bcf7ee4c9927b423d02b6ea6e951503b0208a59a26f7bb7cc99f4305801d2,train
data/raw/coffee___healthy/C5P16E1.jpg,coffee___healthy,C5P16,4f2d813dfdd3488651665b1b65d4b967e85fbed282fc53ff8657d78df86ec937,train
data/raw/coffee___healthy/C5P16H1.jpg,coffee___healthy,C5P16,68f7247ccf6b41d54b8f0a573fe90b4efe9c5c3c47e1e24ee0238711a4da040f,train
data/raw/coffee___healthy/C5P17E1.jpg,coffee___healthy,C5P17,b83219d11387d0230dec440eb3a80050123d286bd808dbf5877b8570a74417da,test
data/raw/coffee___healthy/C5P17H1.jpg,coffee___healthy,C5P17,40ab983414de811e9f53429faba35bd94573c82be6f081cbc24b15f3cd575d11,test
data/raw/coffee___healthy/C5P18E1.jpg,coffee___healthy,C5P18,fe10cc536ae472fcce8050947beaa88d1fb6449eb27fc20df8d61eb9c9c7cf47,train
data/raw/coffee___healthy/C5P18H1.jpg,coffee___healthy,C5P18,ba263843defb3b912681aff7b70158db9c0bd2a44641f0b203d7a88c8f3970a0,train
data/raw/coffee___healthy/C5P19E1.jpg,coffee___healthy,C5P19,a4a23e4e8ae6c588d71cc6f9bc1a51e9ebdc9ea435e5bbd78ba9f08462e989d7,train
data/raw/coffee___healthy/C5P19H1.jpg,coffee___healthy,C5P19,1e44cabcf06268dcdd48743df58785d2acecb68e1c355b7b0fc73e2d7f878ed8,train
data/raw/coffee___healthy/C5P1E1.jpg,coffee___healthy,C5P1,c4e910ca5c84aa9b8d6bb920b8d44e5dd5941433524337d39b36e7d8a5b7dffc,val
data/raw/coffee___healthy/C5P1H1.jpg,coffee___healthy,C5P1,02c1693a5c8e45434950cd2a0766a1ff7d587a2c718e75584e42c946489b3882,val
data/raw/coffee___healthy/C5P21E1.jpg,coffee___healthy,C5P21,37d9ddc59854c3e1870947b412585dab97e62aebe52fcbb7078da2014a790f89,train
data/raw/coffee___healthy/C5P21H1.jpg,coffee___healthy,C5P21,0fbdddda294d836d8c1239e8a5aa59f3bad69775b44960ea2c42c39f16fe8532,train
data/raw/coffee___healthy/C5P22E1.jpg,coffee___healthy,C5P22,54ac503a1d6d88832fbe5d01b6af923b18af1e90dafcc3d356e711ad3eba9ba9,test
data/raw/coffee___healthy/C5P22H1.jpg,coffee___healthy,C5P22,171cc6bc74928b5a2b59be2fc009adbddeb4869e998f41c096dc59fea34906f8,test
data/raw/coffee___healthy/C5P24E1.jpg,coffee___healthy,C5P24,bc43dba43b94411e4ef8dbae50e42052c5a2ae0df125c98c73d8ace2776fabbc,train
data/raw/coffee___healthy/C5P24H1.jpg,coffee___healthy,C5P24,dac6efd25a70ba3b267198232a1b35b12975c7dae4f4edd8bdbd1db76fdd059e,train
data/raw/coffee___healthy/C5P25E1.jpg,coffee___healthy,C5P25,ca0ba178f675890157474feb4c25e9e800ba2cf76b5cd8162b92e814a80a77e2,train
data/raw/coffee___healthy/C5P25H1.jpg,coffee___healthy,C5P25,3d59a32abf130a37ff340cb3688c632eb32d8ea55cf4dfa16b49b26f8c86ab3a,train
data/raw/coffee___healthy/C5P26E1.jpg,coffee___healthy,C5P26,9ae74481f8de82063478850312ddf7d17fc5e93661ca16bf63a87014f2e2ba39,train
data/raw/coffee___healthy/C5P26H1.jpg,coffee___healthy,C5P26,e577a3b5ff4d0893c97385637bcd83f8dfcf774e731b0c41d849c83153f8ec29,train
data/raw/coffee___healthy/C5P27E1.jpg,coffee___healthy,C5P27,373c742ae773580f22c766af59218413c98fb7b3bcea591c8c065b195ba01bd6,train
data/raw/coffee___healthy/C5P27E2.jpg,coffee___healthy,C5P27,212cdd7eae3acd382a38e2e7ca3f920213f91621071b4d877acb11784ee3d063,train
data/raw/coffee___healthy/C5P27H1.jpg,coffee___healthy,C5P27,e75a117d4ba7d62a9e1647f5b984cf53260dfd95daa564d287ddd96e7b386749,train
data/raw/coffee___healthy/C5P27H2.jpg,coffee___healthy,C5P27,8cad7276da616cd43156b6222ac6b836b13dc19ce041790e2138188b8c3ef4da,train
data/raw/coffee___healthy/C5P28E2.jpg,coffee___healthy,C5P28,f355e9e9a6a5261ba54d0bbf176cd76a3756dee01fb32d12d8ba94ff4b8a897a,train
data/raw/coffee___healthy/C5P28H2.jpg,coffee___healthy,C5P28,409e3679cdef00ebd1c9423960bcfc880d3480df9eea6952d10be07076b2360f,train
data/raw/coffee___healthy/C5P29E1.jpg,coffee___healthy,C5P29,49fd32bc6ca5c3259af4f444fc6c7d77f73ba3856a22aaf2dd951e3826c7e654,train
data/raw/coffee___healthy/C5P29H1.jpg,coffee___healthy,C5P29,ee5cfcc3c8ea633ff8b82197e6dfa89b87e9c86e332b1e8028f02e350b7a82b6,train
data/raw/coffee___healthy/C5P2E1.jpg,coffee___healthy,C5P2,08575d302bf9880b96d851179cd3f963c857c980237c5b514d3bd4fc63338b93,train
data/raw/coffee___healthy/C5P2H1.jpg,coffee___healthy,C5P2,d2c41b0bb09f4c710a9489dd628a99d37fd28695bb28a8b5275ae307752c2f7e,train
data/raw/coffee___healthy/C5P30E2.jpg,coffee___healthy,C5P30,97da8d2dfd80a08872a1afb150c96a0dec5a12ae4bb82ad9bed49f59a98da687,train
data/raw/coffee___healthy/C5P30H2.jpg,coffee___healthy,C5P30,ed97f6211077423557deef916dc1563cf67158f5ef2655f07ed3ca07d0fca202,train
data/raw/coffee___healthy/C5P31E1.jpg,coffee___healthy,C5P31,bc9b4634074d44e8c5927f2085f602a8f564790a5aa9298ebe2cf015bbce987c,train
data/raw/coffee___healthy/C5P31H1.jpg,coffee___healthy,C5P31,1c8c2d4afe9ba16536dbca9f4b3c718d70446019239c95f974eaea0cfe332347,train
data/raw/coffee___healthy/C5P32E1.jpg,coffee___healthy,C5P32,796639edee8dd3c38b3aa4fa81c087f4d7f68b98c5aa1fcae3711ec7c17a8357,train
data/raw/coffee___healthy/C5P32H1.jpg,coffee___healthy,C5P32,fcbbc4ab1e9d1c570324b97a7514f4467fcb94ddf13fd473b6dad55c48990f3a,train
data/raw/coffee___healthy/C5P32H2.jpg,coffee___healthy,C5P32,6db0c329f84267ae8a4416fa39805166bd08f955d3a2e958b60bcb6bf53cf599,train
data/raw/coffee___healthy/C5P33E2.jpg,coffee___healthy,C5P33,f513057348602d84523efd19865449acf0a9a911ee3e3a8b6bf761d209916463,train
data/raw/coffee___healthy/C5P33H2.jpg,coffee___healthy,C5P33,37d4eeaef16c7c04358646ceec4ecc3a4831a0102c629e91cc85180eda7b968d,train
data/raw/coffee___healthy/C5P35E1.jpg,coffee___healthy,C5P35,c482ebdb91b4005b3610af2ea9fc85ae71073804bc464fb40c48054be5bf1066,train
data/raw/coffee___healthy/C5P35H1.jpg,coffee___healthy,C5P35,d954f168f940689bf60a02854b3d1abead712fcc17c2922c96ef952e30efd4cf,train
data/raw/coffee___healthy/C5P37E2.jpg,coffee___healthy,C5P37,295f80c80927dcb188bcce7f2fc8ea105602f0521c5a88a1db5290304e291d46,test
data/raw/coffee___healthy/C5P37H1.jpg,coffee___healthy,C5P37,b010f7330323f424fa35e8b266ddaf4943270eb239f545fc6ac445b28cdc5670,test
data/raw/coffee___healthy/C5P38E1.jpg,coffee___healthy,C5P38,c76f8cc92a9483ffa779cbf7187861fcadcad532e9f8cc4a66409ae5b3d2aeb3,train
data/raw/coffee___healthy/C5P38H1.jpg,coffee___healthy,C5P38,7f5ac02b9a0c416cb33d14f4e5a03a3be1b9f76d7223064eec7f0c81a73439eb,train
data/raw/coffee___healthy/C5P39E1.jpg,coffee___healthy,C5P39,2b3e0a9d7c0d14908515ffa35b6c3d66b9111ffea0d400f7e1e29ad70ce76a40,train
data/raw/coffee___healthy/C5P39H1.jpg,coffee___healthy,C5P39,b34a06805405ca64a11ae5bd2cfd7afff596866f2c803489821d8347fc704087,train
data/raw/coffee___healthy/C5P40E1.jpg,coffee___healthy,C5P40,307a4ff74ac26f2279a39bb6dd420cdbd4c723caaa811b25934d6179ddf96905,train
data/raw/coffee___healthy/C5P40H1.jpg,coffee___healthy,C5P40,8ec9282c4298c449b42a39ca624e6f4e803998757cfafd705026d00a540f51a7,train
data/raw/coffee___healthy/C5P4E1.jpg,coffee___healthy,C5P4,5b703f41db2d3fd156624b674f5feb85211b1b872bfd439e6e31f5dd672f7ee0,test
data/raw/coffee___healthy/C5P4H1.jpg,coffee___healthy,C5P4,ff9c6f8e347642b424be57743e12f7db78871a5e0940858728639c806e708214,test
data/raw/coffee___healthy/C5P5E1.jpg,coffee___healthy,C5P5,f2c2c11858f700b3d74f55b8c2f55ccb269a2124ca1e08f00dce905ebd9ecff1,val
data/raw/coffee___healthy/C5P5H1.jpg,coffee___healthy,C5P5,0998b934f849045bd9167e8a4c20477ade24bf7e28ef84b94760efd5c97d8b63,val
data/raw/coffee___healthy/C5P6E1.jpg,coffee___healthy,C5P6,d29e9c7a3c9637da05ae7d8ea9833b85f3000e29621f50440e57072704ed4668,val
data/raw/coffee___healthy/C5P6H1.jpg,coffee___healthy,C5P6,3f35e0467bab5d821001536541acae8a20d2f74d96b7dd1e1b55e21de447c33c,val
data/raw/coffee___healthy/C5P7E2.jpg,coffee___healthy,C5P7,3e2a8d71093ca65d14a30c1d545ec40db541739eb11356db97c7f4c5004d66ea,val
data/raw/coffee___healthy/C5P7H2.jpg,coffee___healthy,C5P7,60504936dd1ecb083c37d0f4cae7f2580abda2b1f885bc7df6db434ecf8eea67,val
data/raw/coffee___healthy/C5P8E1.jpg,coffee___healthy,C5P8,09da55e09f6c1f2af0e7efb3707fc5ea4550b25b9d88684cb8193d6816ef1658,train
data/raw/coffee___healthy/C5P8H1.jpg,coffee___healthy,C5P8,fcd061fb84a6ca658ddb1d49b7709e6dc062fabdc9e07b718739ff94417d1aa3,train
data/raw/coffee___healthy/C5P9E1.jpg,coffee___healthy,C5P9,7f15df7cad7c7b8c8f47cb892f6e3799afb2b84a36a302cb15930aa494e20047,train
data/raw/coffee___healthy/C5P9H1.jpg,coffee___healthy,C5P9,6e23c838d890edeed46f936d8f33ad9e75a126b218772e154e13ab4d08531030,train
data/raw/coffee___healthy/C6P10E1.jpg,coffee___healthy,C6P10,70de9867042c280f3f5c9be2136b0b5410252069c1b62e33e012840c32e58fb1,train
data/raw/coffee___healthy/C6P10H1.jpg,coffee___healthy,C6P10,2d9256f423acd37933bf471a1902105b92905b631717e11849a2bbdf99e6596c,train
data/raw/coffee___healthy/C6P11E1.jpg,coffee___healthy,C6P11,1cd013a8746d911b9490e2c7d089f57bd99123c27a1a93656259e55c3bc4bb65,train
data/raw/coffee___healthy/C6P11H1.jpg,coffee___healthy,C6P11,86491c3f1d071f3bb11cba608b781e1b71e6451f8d6eeb9f27db8731122d5460,train
data/raw/coffee___healthy/C6P12E1.jpg,coffee___healthy,C6P12,4a3a483b21897ffdddcfa2948a1e45d64c35ac4e6889cedc52d2efe949203cb6,test
data/raw/coffee___healthy/C6P12H1.jpg,coffee___healthy,C6P12,fe7e1f6b1329dad492dfebbabc92fb29abb0988ef701110ce9bb0452a47bda23,test
data/raw/coffee___healthy/C6P13E1.jpg,coffee___healthy,C6P13,b38f59c165956ac69891354eae4ab6c9ecf204cf0d62bac4a677cc0d170dcb9b,train
data/raw/coffee___healthy/C6P13H1.jpg,coffee___healthy,C6P13,306c00bae2db26edf16040a660bc7297fa5ab955798aa061b3e6a413b738d102,train
data/raw/coffee___healthy/C6P14E1.jpg,coffee___healthy,C6P14,5a343d052976da721b6aeb52ea271bcc5182a3c75d001894a3040ede9ff8b971,val
data/raw/coffee___healthy/C6P14E2.jpg,coffee___healthy,C6P14,58b94f61e623657842f262b95b47079c958aaf351b8bbc3dd344eb2e7db7a9cb,val
data/raw/coffee___healthy/C6P14H1.jpg,coffee___healthy,C6P14,d1732997e9eb75345bbc688c75c00d782f24b10165d183801eb9d024b094f9dd,val
data/raw/coffee___healthy/C6P16E1.jpg,coffee___healthy,C6P16,14a38582646f0023c57f60913a0b58960b3721c26431a167377cf38a24831136,train
data/raw/coffee___healthy/C6P16H1.jpg,coffee___healthy,C6P16,217b806cbd939b649233afb2c5f50fe38fe44e5550fe80d89a0bfd842d9e1bef,train
data/raw/coffee___healthy/C6P1E1.jpg,coffee___healthy,C6P1,9fdce04c6171b86563363c11c8d02655e2e84abb364ec7ebb78d6be23e35a972,train
data/raw/coffee___healthy/C6P1H1.jpg,coffee___healthy,C6P1,dbe29dc19290cc37ee87121b37f47eee7695a59a3b6e2cc515338394a7f7f3e6,train
data/raw/coffee___healthy/C6P20E1.jpg,coffee___healthy,C6P20,ba3f32b62264efcd53d6604d071538a6838161ec0519c7381dd61680d789cf45,val
data/raw/coffee___healthy/C6P20H1.jpg,coffee___healthy,C6P20,37dc2ec6affc4d564417b8a7fc59480b59a190cc0328f0eb566c51e7ab8abc2d,val
data/raw/coffee___healthy/C6P21E2.jpg,coffee___healthy,C6P21,9b4e0f401540da0d186e4ae10309e3419ae958ccb62b2ff5d3652ef53cac909e,train
data/raw/coffee___healthy/C6P21H2.jpg,coffee___healthy,C6P21,08810c5dd9cf0f110298cfdb6925671e22fa393bdd79d8e8beb2a166dfaea786,train
data/raw/coffee___healthy/C6P22E1.jpg,coffee___healthy,C6P22,91de9634b3d4214d0422c60841e9800340f9dfd153fadac307251d2542589af8,test
data/raw/coffee___healthy/C6P22H1.jpg,coffee___healthy,C6P22,6aecd4bbd5ff1eddfeda97772eb0f400df8b8fe4fac5842e0f208f61b8844036,test
data/raw/coffee___healthy/C6P24E1.jpg,coffee___healthy,C6P24,a851f03e1ec7d8a88f3a7eac398f9eb1942e4f4e7224f4452f1061fd28ba8382,train
data/raw/coffee___healthy/C6P24H1.jpg,coffee___healthy,C6P24,025b06cec7454c3abda06efdba168d93afa27ae13c12905de657ae3887ab2cb1,train
data/raw/coffee___healthy/C6P25E1.jpg,coffee___healthy,C6P25,b1ebb9ab8cde6f9eff58cbb635841605a8a7c5806b1ed6671aa72830340294d5,train
data/raw/coffee___healthy/C6P25E2.jpg,coffee___healthy,C6P25,c3a5d4476726e943418a8d8df07ad19457d3be6f01a7d98c1f2dc05f59c5fa19,train
data/raw/coffee___healthy/C6P25H2.jpg,coffee___healthy,C6P25,8e8f91e4d22ee6acae38e9dbda677306f6a372fd0a22f186bc376756a18abd16,train
data/raw/coffee___healthy/C6P27E2.jpg,coffee___healthy,C6P27,d7ba1e9bb32a61573aa7aa832ed6b6b7e2e95ead29d77e80315ca751231d202d,train
data/raw/coffee___healthy/C6P27H2.jpg,coffee___healthy,C6P27,61cf1e0e5d60731d86021a242275fc3ec2d2f79df2aa8556db92bfc84f9971ca,train
data/raw/coffee___healthy/C6P28E1.jpg,coffee___healthy,C6P28,5831f32c7a0eae41678e782cafadf7065c007e778142032a3a9acd4506d1bb09,train
data/raw/coffee___healthy/C6P28H1.jpg,coffee___healthy,C6P28,0dd071b91163355fc0bc3b9e76400ec535ff3c53ea83b9e957ba8181dc70520d,train
data/raw/coffee___healthy/C6P29E1.jpg,coffee___healthy,C6P29,53380ba8f7e1b1299608edd04d11931812b0dd9f42ac9f327372a5dc7b1db6f9,train
data/raw/coffee___healthy/C6P29E2.jpg,coffee___healthy,C6P29,0005edcb95132c56d8a21c5296a5efb824dfd27bdf14539eb3a8283cb1a22a82,train
data/raw/coffee___healthy/C6P29H1.jpg,coffee___healthy,C6P29,14a255b7adc291ab23a15b915809b7567d2cba73a92aea92f505e5ea3631bb0f,train
data/raw/coffee___healthy/C6P29H2.jpg,coffee___healthy,C6P29,ec5b6a519354424eb2c0597d8a25591c8880859cc415706b2d82c8773674a7ce,train
data/raw/coffee___healthy/C6P31E2.jpg,coffee___healthy,C6P31,3e47823941de65d42f95db62650dbda4a3523f61b968456faffe07b309ae1af7,train
data/raw/coffee___healthy/C6P31H2.jpg,coffee___healthy,C6P31,86ca25712e7ac91f133c881379ad5e9c484f1c48ade7e71976bc517a945b9fc9,train
data/raw/coffee___healthy/C6P32E2.jpg,coffee___healthy,C6P32,84ecc2ac629122806a7f980813c32db8b611f1c5fc483174e98515e5ac6eb3e3,train
data/raw/coffee___healthy/C6P32H2.jpg,coffee___healthy,C6P32,d63499153f1fa0daea430684a4f7c8e416cf098013db79e901cbd248782aa514,train
data/raw/coffee___healthy/C6P33E1.jpg,coffee___healthy,C3P19,b586937aa7850b449050af209c326a7cb96a4138e42af545a0b4516d95efa13b,train
data/raw/coffee___healthy/C6P33H1.jpg,coffee___healthy,C3P19,45bdec360a433563d56d53d2725b3d6d391c6a16e2551f47e63f9af6e68b0d5f,train
data/raw/coffee___healthy/C6P34E2.jpg,coffee___healthy,C6P34,86afed31e082cf8739a7b17e33c680972f9e9c4b9c58af62808f550fdebce9e4,train
data/raw/coffee___healthy/C6P34H2.jpg,coffee___healthy,C6P34,6b38c3c624749db45bd6a674bab773d0bdd61abc25f5a857ce0f027fcdb201e1,train
data/raw/coffee___healthy/C6P35E1.jpg,coffee___healthy,C6P35,e136f8fb5db4cb59de49614c8ba914aefa11d92c9767b21ac56e4edb52dd14e5,val
data/raw/coffee___healthy/C6P35H1.jpg,coffee___healthy,C6P35,fafa6c398c07e3d58e9e7897b1de094001eaa6a43bc5a68ac66d6441b2ff3f67,val
data/raw/coffee___healthy/C6P36E1.jpg,coffee___healthy,C6P36,4d9e6b9affbb3b339652d15be2632ef24de099bdea24fd3555413af8a710bfca,test
data/raw/coffee___healthy/C6P36H1.jpg,coffee___healthy,C6P36,70cae0a35f70bca42a9bcbd39d92f55dfb84c9210272efe332d70a79ad78b3ca,test
data/raw/coffee___healthy/C6P37E2.jpg,coffee___healthy,C6P37,b980bbb05cf0e376e8dd08f5a0d523d01fe904f49301aeefa900c98eae307a66,train
data/raw/coffee___healthy/C6P37H2.jpg,coffee___healthy,C6P37,a5f5e133522d786718af8b45c5f4cae11de917341d62c1871c4ef108d3087e23,train
data/raw/coffee___healthy/C6P39E1.jpg,coffee___healthy,C6P39,b2b1e2b72e731fe920e95700de5f2270b2d53ab9a794fe0e655fb427015b666a,test
data/raw/coffee___healthy/C6P39H1.jpg,coffee___healthy,C6P39,2e337c8228009f14c13a7f1dcbe2d995326c5384a7b4f624c8062759edd1f13f,test
data/raw/coffee___healthy/C6P3E1.jpg,coffee___healthy,C6P3,f51bc1c1a62710c3feaf3b0aeb8d08325c79a533c1a64296ce968056ef0edcd8,test
data/raw/coffee___healthy/C6P3H1.jpg,coffee___healthy,C6P3,664d030c5c109dd0137ab83b4385e1272734762913cfa7f5161ff571db9230a1,test
data/raw/coffee___healthy/C6P40E1.jpg,coffee___healthy,C6P40,a25159b3d62627ec2d2efef8e8f863cddd976cbb0c6ed2f1eb3dde44854019dc,val
data/raw/coffee___healthy/C6P40H1.jpg,coffee___healthy,C6P40,7a2428961339dc83007829ad57fe1d088e44218339695a225ca9e5c5d9652e43,val
data/raw/coffee___healthy/C6P4E1.jpg,coffee___healthy,C6P4,b27f97a4ae3acae781bf177a976239f4f28c9cbd0d6397312fa8a6b50506fb43,test
data/raw/coffee___healthy/C6P4H1.jpg,coffee___healthy,C6P4,6c18a6391bee22107637b723ba5cb23f8fa51c620531c9efe022e645c77de922,test
data/raw/coffee___healthy/C6P5E2.jpg,coffee___healthy,C6P5,009c064d51e110bc881c424c5d05602a1d12117978dbb377a21b36d9b2186566,train
data/raw/coffee___healthy/C6P5H2.jpg,coffee___healthy,C6P5,38eae30b3e3bb31cea22ace30eb0b2b683e342a76889d45a275f97d258e74b41,train
data/raw/coffee___healthy/C6P6E1.jpg,coffee___healthy,C6P6,ef9f313b90c28947d999b6975a44ea50f21b23bbab3c474ed1e58bbe407815fd,val
data/raw/coffee___healthy/C6P6H1.jpg,coffee___healthy,C6P6,b775ac68c085ffb233983d366ff723c1e17f1cedd18c4cff52ac7a66c351b461,val
data/raw/coffee___healthy/C6P8E1.jpg,coffee___healthy,C6P8,22fcda305f643c1c0942dad02c69c8e5840a68115b2af88cdb447db240e7be61,train
data/raw/coffee___healthy/C6P8H1.jpg,coffee___healthy,C6P8,f2bac83d51a15342e6793865ab590c131f20295e3ec5685182dad119006059c2,train
data/raw/coffee___healthy/C6P9E1.jpg,coffee___healthy,C6P9,a329bd58187bf46712ed1613bfced2610d069370ba57065756516d0295317ab8,test
data/raw/coffee___healthy/C6P9H1.jpg,coffee___healthy,C6P9,1cdafbfd4ddf9f7f3ffbc47eef6fa966d2501065ca3225bbaf935a3abac4ab7e,test
data/raw/coffee___healthy/C7P10E1.jpg,coffee___healthy,C7P10,1e1c9706c53274d2f97695a11f35cf8362eab925e21a1b085c21ee4368d50349,train
data/raw/coffee___healthy/C7P10H1.jpg,coffee___healthy,C7P10,8192a5fb9c29b2784180da0aa8752f5d3ed66122d0e941e7e7bf7cb37062f6b2,train
data/raw/coffee___healthy/C7P11E2.jpg,coffee___healthy,C7P11,b2ded5e0479767c653edb66c4dbd8a0dec33f5eb299834c8846f0133b20f1e2d,train
data/raw/coffee___healthy/C7P11H2.jpg,coffee___healthy,C7P11,dbf08050d9c8882dbdf704451bc02dae322f39ed4719c9b67303e63c083a84af,train
data/raw/coffee___healthy/C7P13E1.jpg,coffee___healthy,C7P13,6288363dc02428bd3adb9e715e8a595cda1ecef240cdb9992f0a4402ca6881bd,train
data/raw/coffee___healthy/C7P13E2.jpg,coffee___healthy,C7P13,81e7ab7c08a81bf8ddf77835d7d892e8f7207f5ea0f38253d380c7fca8e75b25,train
data/raw/coffee___healthy/C7P13H1.jpg,coffee___healthy,C7P13,5f3d820324d848a5d5e343b44b31fcc9e7e608639c5714e35c543d8dabb7cf81,train
data/raw/coffee___healthy/C7P13H2.jpg,coffee___healthy,C7P13,589bf0ecdba05f6657fe9cdb94e84353f54b9a3239a18477e4868f6013c8019b,train
data/raw/coffee___healthy/C7P15E2.jpg,coffee___healthy,C7P15,58cfce704b1253d0094d6c6f6d9ede1892656fe530ee0a92991acf0d3f3dea2a,train
data/raw/coffee___healthy/C7P15H2.jpg,coffee___healthy,C7P15,8c509adfdea6c1a0d9b4a17f64d8997e214fa3dba7fedadbe4c10aa348004005,train
data/raw/coffee___healthy/C7P17E1.jpg,coffee___healthy,C7P17,e22216e71a9dcfc06f14bfb95f54baaf797422928c4189add53db071f9402228,val
data/raw/coffee___healthy/C7P17H1.jpg,coffee___healthy,C7P17,de6ca3b24c494e1086786566418fcffd38102aec7ef5179f811197f30c45f233,val
data/raw/coffee___healthy/C7P18E2.jpg,coffee___healthy,C7P18,2b693093973bd34ba297305efb038f7926fd2202594cdbffcbadb126cab79b62,train
data/raw/coffee___healthy/C7P18H2.jpg,coffee___healthy,C7P18,b10e8d379240e086c43bee5e5b2d6d611fa59c67efa2de79248649b20fcc9358,train
data/raw/coffee___healthy/C7P19E2.jpg,coffee___healthy,C7P19,ef5c7d5176c6dc7244bbd32c38fdef75c430e11ab3b40112d897a7fe6ce7dd61,val
data/raw/coffee___healthy/C7P19H2.jpg,coffee___healthy,C7P19,f0b0b3601565ddede9ac3b5d93bff115da219013b49b83367f382f9bb76d1e25,val
data/raw/coffee___healthy/C7P20E1.jpg,coffee___healthy,C7P20,f2d6558fb30ce83646b90af7ea7742538fe6922eb139b5fe67e54a24bfa1131a,train
data/raw/coffee___healthy/C7P20H1.jpg,coffee___healthy,C7P20,1c8add0b2cf1afc48129a0310832748b3f57a0c6a660f60779d3635d74e3e693,train
data/raw/coffee___healthy/C7P21E1.jpg,coffee___healthy,C7P21,1219c3f2778d20316e887680d6d21de2bc1b3ec641eea2e0a443c09517966f63,val
data/raw/coffee___healthy/C7P21H1.jpg,coffee___healthy,C7P21,dc4ab05b1f340e8293e044fb453a9182d277fa40ed5b9454ab97771295143eb7,val
data/raw/coffee___healthy/C7P22E2.jpg,coffee___healthy,C7P22,e1f84e46b3cc1a248e1c063aed189ddad6e80306f6ac327cc5a8e3b4e1aa3b0f,train
data/raw/coffee___healthy/C7P22H2.jpg,coffee___healthy,C7P22,44f2c2728c15df09a8ba991aaf24580d821a4c367201ac636b85e2278397f7aa,train
data/raw/coffee___healthy/C7P23E1.jpg,coffee___healthy,C7P23,12d804b2ee96b50acfc7f022688ea0ff0a17c0dfde111d801055702e15ccb657,train
data/raw/coffee___healthy/C7P23H1.jpg,coffee___healthy,C7P23,4227e9ab8a80261c25f2d44866a4f3111cb98458f15e467dc6f277310b80750b,train
data/raw/coffee___healthy/C7P23H2.jpg,coffee___healthy,C7P23,d3939e316f29d27873ddccbfcb7c86ebc01fc59c274c2d62d76636dbaae3cceb,train
data/raw/coffee___healthy/C7P24E1.jpg,coffee___healthy,C7P24,1accddd4767358b9dcebfbe192542377de2436a1e5acf877aa658073cb1c8454,train
data/raw/coffee___healthy/C7P24H1.jpg,coffee___healthy,C7P24,31f2a25ff5ba80a277d22f81ac9966c4b2fac90d368614ee271ffd48b1d5590c,train
data/raw/coffee___healthy/C7P25E2.jpg,coffee___healthy,C7P25,1220f0032afb26b909e89979d30923959316f43c41eaade865d01f4f29bff17f,train
data/raw/coffee___healthy/C7P25H2.jpg,coffee___healthy,C7P25,a2efb81534a468038e4c168225efaeb5084fa5417987d38589133c06ec351aa8,train
data/raw/coffee___healthy/C7P28E1.jpg,coffee___healthy,C7P28,8356aa213932f46972d426089ab0fac8697102fe08e5c5a8372afbdc84527cf8,train
data/raw/coffee___healthy/C7P28H1.jpg,coffee___healthy,C7P28,7ca9f85f5c749efa96637755536e53e18fb5d98a9f4c6d567b17397feb68cc92,train
data/raw/coffee___healthy/C7P29E1.jpg,coffee___healthy,C7P29,0e0743f5e629e89012d9c3fe072c6b41da2edb99ca59022a31ee75cf43a8de19,test
data/raw/coffee___healthy/C7P29H1.jpg,coffee___healthy,C7P29,1fd3e6c5fa2f5dd2f8cb55dc52ae2eb975a1d2d526f3352fe8a75897d741108c,test
data/raw/coffee___healthy/C7P2E2.jpg,coffee___healthy,C7P2,2734fb22ac08586f0e65e3fe9a58ab049e37a2554da609b1b7e882992b88483d,test
data/raw/coffee___healthy/C7P2H2.jpg,coffee___healthy,C7P2,1d44f33c5ec93eed9c34809aff2c9e6f8a5295c201c48ca72c4a5b35a2ff032c,test
data/raw/coffee___healthy/C7P30E2.jpg,coffee___healthy,C7P30,c0d6e7afaf741972def003fdd4daacf676fc650bf9c397e2d00c29f138fd8e8e,train
data/raw/coffee___healthy/C7P30H2.jpg,coffee___healthy,C7P30,e249c3e6349ee0766ec0b04092219b6a28df2c1fcd1ac64f28b4095e699ab958,train
data/raw/coffee___healthy/C7P31E1.jpg,coffee___healthy,C7P31,def69678e32ce5092699142b8b564391e379fe147c04f8960b08b07d00e31ea4,train
data/raw/coffee___healthy/C7P31H1.jpg,coffee___healthy,C7P31,b1f51ff7a98294e0954452c0e2e0b6eab6ef46ddaa05e5bd9a618f4fc58cb0c9,train
data/raw/coffee___healthy/C7P32E2.jpg,coffee___healthy,C7P32,670cfffa2ad8a5d4fd7b505a7b869c1813ee727be5cd784f37744202a31e8cb3,train
data/raw/coffee___healthy/C7P32H2.jpg,coffee___healthy,C7P32,17c0b63d32465615da97fe5fc206405bcbfd97e3b3dd1d92b58b3e7066bafe0f,train
data/raw/coffee___healthy/C7P33E2.jpg,coffee___healthy,C7P33,c082b3746595133c303589aca2b4e226e03ec570ce7c7d266bdc3547c539f5cf,test
data/raw/coffee___healthy/C7P33H2.jpg,coffee___healthy,C7P33,59449ce41cc7e916d70a148936cf267e0c44f937ca3eafd2a436828aca944767,test
data/raw/coffee___healthy/C7P34E2.jpg,coffee___healthy,C7P34,13f8200e58587166e80a6d2a79c9110799b5b545c97e7a2f54e794172152c458,val
data/raw/coffee___healthy/C7P34H2.jpg,coffee___healthy,C7P34,94201e3a4f9b57c7d8b652bd6b7101499ac9f08c7084aef5db9330a4c95b2c6d,val
data/raw/coffee___healthy/C7P35E1.jpg,coffee___healthy,C7P35,bf874670fafa195f7f738a092931ca4ca3b67e0a90340c135a8a96d7fa84bd65,train
data/raw/coffee___healthy/C7P35H1.jpg,coffee___healthy,C7P35,5d2c7045cbc13c5b2c564c7d9a2478d5b1a45aef4e4b7ae734cc8c78741dc237,train
data/raw/coffee___healthy/C7P36E1.jpg,coffee___healthy,C7P36,583278c78f6511245dae4d0d20af806157af1e02decb161156c35c0e09459797,val
data/raw/coffee___healthy/C7P36H1.jpg,coffee___healthy,C7P36,6a6444f0fbebc1472a0ea4d937f8fc58f32148afc285a4c1387e7cff9bcbb97f,val
data/raw/coffee___healthy/C7P38E1.jpg,coffee___healthy,C7P38,e3cfa4a17fadabc1e07ee0b18313f28489a6e84b3c447c0cc3be4234f6535ae1,train
data/raw/coffee___healthy/C7P38H1.jpg,coffee___healthy,C7P38,086d7165fe8395e22969e7ee0e45f32f53c173bfaae2279f63fae697e0d123d5,train
data/raw/coffee___healthy/C7P39E1.jpg,coffee___healthy,C7P39,f5b3026bb96fa739c25d8633ddc8882e9f7ec60a37434729665cd74d66f814d5,train
data/raw/coffee___healthy/C7P39H1.jpg,coffee___healthy,C7P39,812089c31c5327f74c19da60fa3008d57cf3e470bf5910e8a8490dbf3ae9b51c,train
data/raw/coffee___healthy/C7P3E2.jpg,coffee___healthy,C7P3,7eb1f2842563b54614100f7e2863501096186a56ded0e7b82f5eb99eea65b4bd,train
data/raw/coffee___healthy/C7P3H2.jpg,coffee___healthy,C7P3,ea1a65fe1985990a30304d0080370cf8079077c4fe42301dbff1d9644f92b40a,train
data/raw/coffee___healthy/C7P40E1.jpg,coffee___healthy,C7P40,146670565960082c7ad5175d17bdccf560eaa1439ec35d95b5bf77b3161333c6,val
data/raw/coffee___healthy/C7P40H1.jpg,coffee___healthy,C7P40,f01396f63688f42411cf6a898be696a997a16dbf3ee29243831c3c2f323f39fb,val
data/raw/coffee___healthy/C7P5E2.jpg,coffee___healthy,C7P5,6c3ee8c469ea60e16b9164ea4e4b0ad6aa5b072310e86891882909d923d3cf27,train
data/raw/coffee___healthy/C7P5H2.jpg,coffee___healthy,C7P5,d36fc8d122f0b9f4308031fda1a89d68696317714ee097c12a88b1a9ad9bb270,train
data/raw/coffee___healthy/C7P7E1.jpg,coffee___healthy,C7P7,900d582f7f4a8b195c1619b81cc749c8029c8a62ab19e5e008346e5383bfe297,train
data/raw/coffee___healthy/C7P7H1.jpg,coffee___healthy,C7P7,2b9198df3566a71c26669fbfbfc6b6a9c4d17eb93149d6e549aa7b897f0a8eff,train
data/raw/coffee___healthy/C7P8E2.jpg,coffee___healthy,C7P8,becb4359841473cd5c4c475d0e95620359aa5b7a0a3089e804c24ab082719416,train
data/raw/coffee___healthy/C7P8H2.jpg,coffee___healthy,C7P8,477dc0ba1eb2ac58e6341e45f9ee39f87409bf992db2eba56fd53c78840c75d1,train
data/raw/coffee___healthy/C7P9E2.jpg,coffee___healthy,C7P9,aa86cac9c2f2938fc697cd72d0b0a95b465a20602fba64101c226a19bd197eed,train
data/raw/coffee___healthy/C7P9H1.jpg,coffee___healthy,C7P9,390f69bf7f25cc1acab3320e1c6136b97c972f4742b64db336562dc49533c62c,train
data/raw/coffee___healthy/C7P9H2.jpg,coffee___healthy,C7P9,73beaff27a6d78558c42d349de4d9f2ed397f83e8791007cb8ff7d4215593e93,train
data/raw/coffee___healthy/C8P10E1.jpg,coffee___healthy,C8P10,6e76483110e09c2a76cd2aad2345f7788477e8a4c2ca701947c35638b8018f65,train
data/raw/coffee___healthy/C8P10E2.jpg,coffee___healthy,C8P10,f120112c7ab9e69f5e38ecf10fc014fd112df85d3349263f52da7156c108b4a1,train
data/raw/coffee___healthy/C8P10H1.jpg,coffee___healthy,C8P10,28a68d3416a273f6da1af41a7d9a64987186ffd58da66a883cc2ae3c3e045b6a,train
data/raw/coffee___healthy/C8P11E1.jpg,coffee___healthy,C8P11,3bdbba77b33afcd45e8a189cf26c47ffa065921451644578bc4ad40322604a1e,train
data/raw/coffee___healthy/C8P11H1.jpg,coffee___healthy,C8P11,069922f7a743327cc171a3467130d275a10595e0a88213556b67e810549a6f5b,train
data/raw/coffee___healthy/C8P12E2.jpg,coffee___healthy,C8P12,d2faba9ff8c6bf873eda3a8a5170172e12652c718a39f8f7fbd36650f7f4df86,val
data/raw/coffee___healthy/C8P12H1.jpg,coffee___healthy,C8P12,df89d53780ef6e0e3c3ba0256a8a5c2d36a0a4bedd2ff8671b56b9c1c6a908b0,val
data/raw/coffee___healthy/C8P12H2.jpg,coffee___healthy,C8P12,7476133ea5350ad05ac618ab055b52581e63e7a60cb02365cfd5967471c2373f,val
data/raw/coffee___healthy/C8P13E1.jpg,coffee___healthy,C8P13,458bf8c2ddeb5f491f215b67306f70d81da2081e49b99b7bd3133c2cd7e8f9b7,train
data/raw/coffee___healthy/C8P13E2.jpg,coffee___healthy,C8P13,be498eefbc6d936287adedb9ddb2dff94e20771c5e8db8fa86480ae1020228b1,train
data/raw/coffee___healthy/C8P13H2.jpg,coffee___healthy,C8P13,7a4ac9551a895353b49b0cde52f4f5d8c1c7e217383c394a927254d985dee1b0,train
data/raw/coffee___healthy/C8P15E1.jpg,coffee___healthy,C8P15,0ef938d9239e2b541e5006e98e3153da17c619731c3e86de967228e90f4a526d,val
data/raw/coffee___healthy/C8P15E2.jpg,coffee___healthy,C8P15,75358909ae2775af0a7d3a2f4ddd70824395b0052d56f2dad1929e6c205c02d0,val
data/raw/coffee___healthy/C8P15H1.jpg,coffee___healthy,C8P15,039f51399b1a88ee4aa41c71eb4e5986c5239e91cd9457701ba1292465138331,val
data/raw/coffee___healthy/C8P15H2.jpg,coffee___healthy,C8P15,a0ee2decf109a98ef2ed821839ae67f3dd186db495cd956d94bb960278297906,val
data/raw/coffee___healthy/C8P16E2.jpg,coffee___healthy,C8P16,93aa117fd56fac1541936145b31d9e4e9319de585b71c3475087a1990990c2bd,train
data/raw/coffee___healthy/C8P16H2.jpg,coffee___healthy,C8P16,1eac0207972e45d9f553db3ab0548a323cd7d2dc5eaec6005b2970ce2119b15f,train
data/raw/coffee___healthy/C8P18E1.jpg,coffee___healthy,C8P18,44c05c5b7fded58bcccd3295a294afb46bcaff71e21ff9bad70d8ee7ae68aaba,train
data/raw/coffee___healthy/C8P18H1.jpg,coffee___healthy,C8P18,b716c9d0ac19de85fc7b991c7bf1a72486353590ccc6dcc326ef1ca7269cdee8,train
data/raw/coffee___healthy/C8P19E1.jpg,coffee___healthy,C8P19,6004bb41025239e3631b75c0d17d2b35e698f09980bb23c7e07315f0ad13dc3f,train
data/raw/coffee___healthy/C8P19H1.jpg,coffee___healthy,C8P19,e33fd7e57e4f000660a588917446dd78d16ecba4f16fa7cc6a4fd2d16896c9c3,train
data/raw/coffee___healthy/C8P1E1.jpg,coffee___healthy,C8P1,f30c5763d67ee2da067d8f3bffee2c22f7a6c25ec597bf890d2ef9af4e041bdb,train
data/raw/coffee___healthy/C8P1E2.jpg,coffee___healthy,C8P1,65c27936d7d45d41f28948b16966cf1c396d6bde3ee9ce73e7ae27f7fb7acb30,train
data/raw/coffee___healthy/C8P1H1.jpg,coffee___healthy,C8P1,0f263f364039a8bdad094aa6a93d92c3f4272fffc6566de0f80da0c819aec13a,train
data/raw/coffee___healthy/C8P1H2.jpg,coffee___healthy,C8P1,2ac41e202452b49c9e535f5e668abd1d5bcf7b606c698ed92b2b53eb3e3b769d,train
data/raw/coffee___healthy/C8P21E1.jpg,coffee___healthy,C8P21,4cc09a3d98fb1a9278411d4aa626eb0afc97dfac8705a3487749f08181b88e84,train
data/raw/coffee___healthy/C8P21E2.jpg,coffee___healthy,C8P21,c85b463d26c0776940e542140dc3293069a7d8f90fddc44163df57ba059f9064,train
data/raw/coffee___healthy/C8P21H1.jpg,coffee___healthy,C8P21,839ba1189472f44ebb515c34d947de6ff3dc33aa5d217cb741c7aa05156737ec,train
data/raw/coffee___healthy/C8P21H2.jpg,coffee___healthy,C8P21,03e3a56e90d4c5156c962185d6b8acac72786da01a8503a959cd1dcdd061cbdf,train
data/raw/coffee___healthy/C8P23E1.jpg,coffee___healthy,C8P23,4d7c9c41dea8329f180b1ff8ff82ed9980c0cbfa305b76221c94ece5580e0dd0,val
data/raw/coffee___healthy/C8P23H1.jpg,coffee___healthy,C8P23,7a16bc9d6d2b794f6b6d6c4c2a676506aa7c42f27cfec300d85ab60f736e5b08,val
data/raw/coffee___healthy/C8P24E1.jpg,coffee___healthy,C8P24,e96e8059aae459c152718b8718eae43f92d3119808bc755b5672b594424ef0cc,train
data/raw/coffee___healthy/C8P24H1.jpg,coffee___healthy,C8P24,44889c9c57a62dc91a4e3b1f9e2ed088989a295f994408933281e9001d9bb1cf,train
data/raw/coffee___healthy/C8P25E1.jpg,coffee___healthy,C8P25,7061f42da035080aa49a5dd37568bb79c341ae9a41c69d1ffe084f4de0f3e38f,train
data/raw/coffee___healthy/C8P25E2.jpg,coffee___healthy,C8P25,241732f4d0ae3bbb6c8f8d203ade9392bf2fcb955f8e3d6afdbda6bcb75c225e,train
data/raw/coffee___healthy/C8P25H1.jpg,coffee___healthy,C8P25,b940be0b0f94ac44861ce490adb76b6d4bb908881696abcf65cd792e18c35da6,train
data/raw/coffee___healthy/C8P25H2.jpg,coffee___healthy,C8P25,6f5c25ea85f61ec5223f1bf21ea77e5f30c682a28fc57545a2434e77fe245021,train
data/raw/coffee___healthy/C8P26E1.jpg,coffee___healthy,C8P26,b707bfa0bb106815aa4eed61abd2adfb2c79941908a934ea895582f2faa24087,train
data/raw/coffee___healthy/C8P26H1.jpg,coffee___healthy,C8P26,c4a2cb0fdb285ef3bac8599eca18fd6763a9bb3444131f6760facef865c81fc8,train
data/raw/coffee___healthy/C8P28E1.jpg,coffee___healthy,C8P28,6b49fc541c8ab34b0a235c261ca3333e44d7629137210325c705e6c0035766db,test
data/raw/coffee___healthy/C8P28H1.jpg,coffee___healthy,C8P28,38be5112f1126ff7cd9a27e97f0457a6d3e33c231447275ad16bf69afb920407,test
data/raw/coffee___healthy/C8P29E1.jpg,coffee___healthy,C8P29,66d47ff7619dd585f69386b9f3736cdbc0897bdae73d683e912c105ddfd07925,train
data/raw/coffee___healthy/C8P29H1.jpg,coffee___healthy,C8P29,13766b19caeb002860fe843cba1749973548b3e7027ffba7dc1563c3ef6732fa,train
data/raw/coffee___healthy/C8P30E2.jpg,coffee___healthy,C8P30,f6ad7c8b4f234ca191b202cf67d67234f0c50f1b16b38a95a2f920c44c693b2e,train
data/raw/coffee___healthy/C8P30H2.jpg,coffee___healthy,C8P30,ff77ba4fe3b6c1a11cdbf50eab1139fee6b351215af117a70727c5e924b30000,train
data/raw/coffee___healthy/C8P31E1.jpg,coffee___healthy,C8P31,1fc492ad04a20b1792b7d831e0685b3e0b2bfdf292ededa3127d1f6582a1688b,train
data/raw/coffee___healthy/C8P31E2.jpg,coffee___healthy,C8P31,f002d95732af1c837b1c1224fab47abecbf196f67f6d9e25f5d7d1ea92471076,train
data/raw/coffee___healthy/C8P31H1.jpg,coffee___healthy,C8P31,e3eefda44318cf15bab05a44f7b10441f74e609748988a6fbdf9bd015a0fdc26,train
data/raw/coffee___healthy/C8P31H2.jpg,coffee___healthy,C8P31,2c263979ccb70fa20e775c86e0a9047520bef5e59a37e8ac6f5b80c1d1e8b62b,train
data/raw/coffee___healthy/C8P34E2.jpg,coffee___healthy,C8P34,eb7335b6b1271db18eb60e22077953c5a9874b79030fcd3d66072228a17fc4d4,val
data/raw/coffee___healthy/C8P34H2.jpg,coffee___healthy,C8P34,250fdd7ccaf3e07e400606685f51585174e37b6d46a334de391059c5a966762c,val
data/raw/coffee___healthy/C8P35E2.jpg,coffee___healthy,C8P35,8d93c97f59678877b747a62d286001b3e5b40069622bf8f7bdc7ccc032641e12,test
data/raw/coffee___healthy/C8P35H2.jpg,coffee___healthy,C8P35,8a0fa5d1274c28af88fde0c07627f3d0161c2f79670236022e4341702145847d,test
data/raw/coffee___healthy/C8P37E1.jpg,coffee___healthy,C8P37,48090afe2c8bf07d30ec34592f713a671f335294856460e40667c5e0d5f1c6e5,test
data/raw/coffee___healthy/C8P37H1.jpg,coffee___healthy,C8P37,2c0075efdc1e4e2f72223fca7b325a46b17b42872bf52ce99fe978941a9354b0,test
data/raw/coffee___healthy/C8P38E2.jpg,coffee___healthy,C8P38,40ced5e499c22e0ca680490f66642aebf47a5f0211e362bee81ef5b620a1380c,val
data/raw/coffee___healthy/C8P38H2.jpg,coffee___healthy,C8P38,4315c895f95f8236d156469fd30d485ada4a0487cf658d06ad58f6b150ea45ce,val
data/raw/coffee___healthy/C8P39E1.jpg,coffee___healthy,C8P39,138976b8cd9f807926480bf2a20d8e4c3ecf0bb7a8aad23268c9d8da40eaec35,test
data/raw/coffee___healthy/C8P39H1.jpg,coffee___healthy,C8P39,4c0d4d7f39dee46328a0684fc29c59dfe276b6f95dd53d5b2d1195630815b14a,test
data/raw/coffee___healthy/C8P3E2.jpg,coffee___healthy,C8P3,aa8432dd9ea0a9d85bae1ff60ff9d901b89a215715a7da141f0842bf70049273,val
data/raw/coffee___healthy/C8P3H2.jpg,coffee___healthy,C8P3,bd4d6724a301e90fb4f68ac19f18320b16c60e7ad0e44e5b762617f9070d71b4,val
data/raw/coffee___healthy/C8P4E2.jpg,coffee___healthy,C8P4,2220466ad9489d0776e6ad12cad18944dd1441c4298a9b8f5bcb0cb4eca4030b,train
data/raw/coffee___healthy/C8P4H2.jpg,coffee___healthy,C8P4,bfc7a3900af4f58b2a7f77050d3c531d81002bdec6b8d5d422d80f9716312118,train
data/raw/coffee___healthy/C8P5E2.jpg,coffee___healthy,C8P5,655a9c64bba2817d88882257559dfe68f1fbb8cfff779a6f628b26d517601924,train
data/raw/coffee___healthy/C8P5H2.jpg,coffee___healthy,C8P5,10cd412251219eb510e02e7c1b81116bfad2c8bf1bb633d1e11fa7f23f6e07ef,train
data/raw/coffee___healthy/C8P6E1.jpg,coffee___healthy,C8P6,ed9adfd2165701383c9cbf3e76fe5ee26770dd91987e6d4532ac1d4890be6d65,val
data/raw/coffee___healthy/C8P6H1.jpg,coffee___healthy,C8P6,0727631ca1bc85223bbd92d6d6fd4c706d7689d9a8281234f66b8519c119de9c,val
data/raw/coffee___healthy/C8P8E2.jpg,coffee___healthy,C8P8,f2edd1baac295efbee65b9c2755e397ae3914271dde4d6fb8581aa0aa967c76f,train
data/raw/coffee___healthy/C8P8H2.jpg,coffee___healthy,C8P8,276f35378cca0b074d3d8d4d49e70487608e8e5a0a7596cd1ff856bb9a1ed222,train
data/raw/coffee___healthy/C9P10E2.jpg,coffee___healthy,C9P10,a89a159ff28c759a8ef39007181300f1a8f9b948d3126fbf6b5e9b9c5d0a6bf7,test
data/raw/coffee___healthy/C9P10H2.jpg,coffee___healthy,C9P10,efd5dc6fe75c3d0723cc1bc8a8b1098c89c1812a55955f34796aa90c3930476a,test
data/raw/coffee___healthy/C9P11E2.jpg,coffee___healthy,C9P11,ff92a093d43a30758b8b9838bd8ca4acf0a4804c19b648f418caf7db1ac77d86,train
data/raw/coffee___healthy/C9P11H2.jpg,coffee___healthy,C9P11,1cc599556593c99cc506356f5348b43aa982e15392be18a247e59b51521a9442,train
data/raw/coffee___healthy/C9P12E2.jpg,coffee___healthy,C9P12,b2374a02f5859d6642590647ee61ba6e7b8a6b72f2a50aa1f3910da9979ee4ee,train
data/raw/coffee___healthy/C9P12H2.jpg,coffee___healthy,C9P12,176cfdcbf01c1de74f641991ec199d97303ec9bc30725b07a48a6263fca0a428,train
data/raw/coffee___healthy/C9P13E2.jpg,coffee___healthy,C9P13,15d39da738991d181479a35fa234b0c7e8fcc9f1df2201ab3a382c50be4fab25,test
data/raw/coffee___healthy/C9P13H2.jpg,coffee___healthy,C9P13,e224bd7f523d10ea6826326581a0f18740a83a941c263a90a96b7b1ecd522dd2,test
data/raw/coffee___healthy/C9P14E2.jpg,coffee___healthy,C9P14,69c57227c4b47636794af00f02061c596e7b361348b350a4f261302b8e3714ee,train
data/raw/coffee___healthy/C9P14H2.jpg,coffee___healthy,C9P14,f1c1fae47cc991146b847cea9a6909f2a996fa0617192e1fba679e201c7bce8a,train
data/raw/coffee___healthy/C9P15E2.jpg,coffee___healthy,C9P15,cd45929a54cfe6c335ba19cb42a650acd398739bdc280d2ceb3cbe3bf2bbefc1,train
data/raw/coffee___healthy/C9P15H2.jpg,coffee___healthy,C9P15,c5739467944b27a5b881a0538d919fae1c33696edc2bf8cbfa32b522c7d04018,train
data/raw/coffee___healthy/C9P17E2.jpg,coffee___healthy,C9P17,a39c30bc1affe1f7816c4f0b84c2b2300036c62da74d83ac86006f5eeeb081e2,test
data/raw/coffee___healthy/C9P17H2.jpg,coffee___healthy,C9P17,f29c2ba26db4cf6662cd0d9af2c6d72ed02a6f91467d9a818182167910e4488f,test
data/raw/coffee___healthy/C9P18E2.jpg,coffee___healthy,C9P18,79f10b2997f2e3fbb46157592cad96a097b8fdc0625616193de917150d28a8d9,train
data/raw/coffee___healthy/C9P18H2.jpg,coffee___healthy,C9P18,1274b8dce9b223e0eed90b3fbd8975201f9554b9e2faac56589b30327a1e54e6,train
data/raw/coffee___healthy/C9P19E2.jpg,coffee___healthy,C9P19,40d933bf23ed7a143cdaa0693a1b671f77d15d0ad8140bd8a02479665de30d96,train
data/raw/coffee___healthy/C9P19H2.jpg,coffee___healthy,C9P19,8e5d8ccaab0d10ada4e44947e063af6f29b916afec1e22d60aa09d0c68c7d385,train
data/raw/coffee___healthy/C9P20E2.jpg,coffee___healthy,C9P20,b6e3cf0a0d005fb7e36c483c623b356555434b70f8c67d0ba778cce778a7e4db,test
data/raw/coffee___healthy/C9P20H2.jpg,coffee___healthy,C9P20,45b70e5fd97646d2282082478dc1b5ae1187780a32b186b4a29b6556668512ac,test
data/raw/coffee___healthy/C9P21E2.jpg,coffee___healthy,C9P21,51352caf686b9cbf8729152c9fdc0e00c998a7b6152fadebcfaa799e218bc1a6,train
data/raw/coffee___healthy/C9P21H2.jpg,coffee___healthy,C9P21,27f3a315d2b350adbe2c09a2ca8877fe9c9f2beb16ce92fb3718ee7b6db42919,train
data/raw/coffee___healthy/C9P22E2.jpg,coffee___healthy,C9P22,0c87759d2374ebb274a8d06397187a5b2d8ea75e8ef46e049e0c729d7cf09672,test
data/raw/coffee___healthy/C9P22H2.jpg,coffee___healthy,C9P22,6f933c54f56b4c3a141c5909c774d2e52cb05a82d28e1a0574ba0a51b954ecc0,test
data/raw/coffee___healthy/C9P23E2.jpg,coffee___healthy,C9P23,0841bff504672ad0f25e3c405c7cc6f61155372283a18781d8de31f20dec56ba,train
data/raw/coffee___healthy/C9P23H2.jpg,coffee___healthy,C9P23,5070259e68fe54564c6db9956f5e8c84a4ef2ccb8a25b9b8ffde5ca3c9844791,train
data/raw/coffee___healthy/C9P24E1.jpg,coffee___healthy,C9P24,e63daaf69d653a0d68613ae894b7f5ee1cf15b38dd371155aedac9219321227b,train
data/raw/coffee___healthy/C9P24E2.jpg,coffee___healthy,C9P24,ac51266124752bbaff327332abd31a4d83c7a4b904de3d9027e184c41297d2f6,train
data/raw/coffee___healthy/C9P24H2.jpg,coffee___healthy,C9P24,a761b48bfb04a054b5c434ea9605ab13055d41368bd98b9564838af778d012c2,train
data/raw/coffee___healthy/C9P25E2.jpg,coffee___healthy,C9P25,7b8bcad5c0af3a44069da5ece43b9b7e794b240c840c32d810c65c3fa04522ce,train
data/raw/coffee___healthy/C9P25H2.jpg,coffee___healthy,C9P25,4afb49401d87bd3382b712debf50090b7114aa1a785dc5fed109d9ced5890867,train
data/raw/coffee___healthy/C9P26E2.jpg,coffee___healthy,C9P26,7c043162afd53f23fadc035b596a023809ebf31e2e03de358ae532f9e579fc68,train
data/raw/coffee___healthy/C9P26H2.jpg,coffee___healthy,C9P26,60469ee4eab56f209955fc0eee00ec24831b3d1e3a4835120eb029661617a975,train
data/raw/coffee___healthy/C9P27E2.jpg,coffee___healthy,C9P27,0886999f07066fccfa84bc296d8661b8cb1c08a8f36936d2f14f5d65f879d326,train
data/raw/coffee___healthy/C9P27H2.jpg,coffee___healthy,C9P27,33cb94df3a115ba8bf28a0d8c295009b8f9e3f194af0a33ee6e0d7b6bf59ecb5,train
data/raw/coffee___healthy/C9P28E2.jpg,coffee___healthy,C9P28,eba90c41c5010350e716772b95dad2c4c9396f4da18ab740288d80f59ca09c6d,train
data/raw/coffee___healthy/C9P28H2.jpg,coffee___healthy,C9P28,dafdac7f07b2d98f87e360a3880783a667add79940d33e5f6cdf2ff008a36518,train
data/raw/coffee___healthy/C9P29E2.jpg,coffee___healthy,C9P29,df3fc99538840cd849988fb9463a4caaff5178508f9a4db2691fda42f7d8bf53,test
data/raw/coffee___healthy/C9P29H2.jpg,coffee___healthy,C9P29,302c5153e9081f1513dd0b80ed24406a32cf12d0462af8bbc3025db885a109b0,test
data/raw/coffee___healthy/C9P30E2.jpg,coffee___healthy,C9P30,ddcb92e082a537792b359c11dd9f2c1c9e7677c1cf29ebc832ae2835e2681b11,train
data/raw/coffee___healthy/C9P30H2.jpg,coffee___healthy,C9P30,c55108df2ddc83db08b7ae350cf946a751c9c95798cd3813429244cd28535959,train
data/raw/coffee___healthy/C9P31E2.jpg,coffee___healthy,C9P31,51b10936dc63e9c2755a37e4a8ecd6e90fbdd6aa0fc7dce70f51219c998a6cdd,train
data/raw/coffee___healthy/C9P31H2.jpg,coffee___healthy,C9P31,7109a76f96c0ec4dee26ddaafdb1fc88a5916e574d149819f9616523c9ab75d1,train
data/raw/coffee___healthy/C9P34E2.jpg,coffee___healthy,C9P34,49a75c33c8c4badd4d507fc08681e9ba075619c91ebe1b902ad5690ed15f4d9e,train
data/raw/coffee___healthy/C9P34H2.jpg,coffee___healthy,C9P34,af5682166e78cf3b478232cd0b9bea569ad1c221fbe7d2442babc26062d35765,train
data/raw/coffee___healthy/C9P35E2.jpg,coffee___healthy,C9P35,2891a8edb4e8c4bff4e09da30801e2504585e3bb4cc51838392d299dd900f542,train
data/raw/coffee___healthy/C9P35H2.jpg,coffee___healthy,C9P35,142e9749d15fc2a920ebfe2a76b22da88e07b5cd01334156acfd623dab892b50,train
data/raw/coffee___healthy/C9P36E2.jpg,coffee___healthy,C9P36,b553195b8d700428d5d11394bb7f3f2511edb17ced349730b832be7b78d60dd5,test
data/raw/coffee___healthy/C9P36H2.jpg,coffee___healthy,C9P36,4d3b6891540b3e5e445b9c6acbbfa571e453acf5498655edf736202b7e6f3fcb,test
data/raw/coffee___healthy/C9P37E2.jpg,coffee___healthy,C9P37,792dd1d974fcb421996db0f530cee0845aa93eb4df53ad242a1ad9ea7995f6c5,train
data/raw/coffee___healthy/C9P37H2.jpg,coffee___healthy,C9P37,f96bbbf225e0ce926ec8aa841d6c04953fd5f109e684c2744a5f3e59029338a4,train
data/raw/coffee___healthy/C9P38E2.jpg,coffee___healthy,C9P38,55430290df60ba94286b11f89c64f628995a0ae3cc2d608d72b08eb9709fac58,val
data/raw/coffee___healthy/C9P38H2.jpg,coffee___healthy,C9P38,5232893436fc1a11d37e9409ab38e9785e6bade8ba5ed8d3ab1c18687a0a8708,val
data/raw/coffee___healthy/C9P3H2.jpg,coffee___healthy,C9P3,b6a01c6fd3869848dcb97222f60afef4a978fbe2dc628ac700406a0e7a247267,train
data/raw/coffee___healthy/C9P4E2.jpg,coffee___healthy,C9P4,eea44c48d6136e72ed65fc742b1c7759ca345bb49ae25978542e2c503f87d7ea,train
data/raw/coffee___healthy/C9P4H2.jpg,coffee___healthy,C9P4,6686c8982f1c0b754f7f664e90ff99c689581d733fdb489e18c5c619881c2309,train
data/raw/coffee___healthy/C9P5E2.jpg,coffee___healthy,C9P5,f869361015b7de113d7e72efa873b5758e55f8103c5d3fafa599e7b81b0357d1,val
data/raw/coffee___healthy/C9P5H2.jpg,coffee___healthy,C9P5,3f55de417c03c51a423a476a4c337b037617617469e5cceb270aae1d298f17be,val
data/raw/coffee___healthy/C9P6E2.jpg,coffee___healthy,C9P6,a0969b164817be3f2031eb7e972b529158210d0ed99e0b093e9873801cc82b33,val
data/raw/coffee___healthy/C9P6H2.jpg,coffee___healthy,C9P6,4361ddd3d442a8ac72f142c979d5a34fa848e18c717576fa573c6fecd072e298,val
data/raw/coffee___healthy/C9P7E2.jpg,coffee___healthy,C9P7,ddbf03265f49828799fd71f05a17ea2d22f5853185799f70a298223bf561f76a,train
data/raw/coffee___healthy/C9P7H2.jpg,coffee___healthy,C9P7,35578537632f4b9963b74bddb2c5ba7f8816a077f0b8d4f4e409f6452f00c938,train
data/raw/coffee___healthy/C9P8E2.jpg,coffee___healthy,C9P8,5c298db78b28afa1eb5226d71f40f07647b1cafe5972f23bc421a1e32c568b29,train
data/raw/coffee___healthy/C9P8H2.jpg,coffee___healthy,C9P8,efe0a7a14f20605efd94dd0eb9c2ee48a0177db559426833316a68ff41f4bb9e,train
data/raw/coffee___healthy/C9P9E2.jpg,coffee___healthy,C9P9,ab8e344554209672b6116f3b53d82969f7a21fd59aae27788b7da8a789d93285,train
data/raw/coffee___healthy/C9P9H2.jpg,coffee___healthy,C9P9,4a42d538c25d65028c3e4aa1fccd04e1f0f244c6fd418bc705ad4d8c9952a709,train
data/raw/coffee___red_spider_mite/C10P13E2.jpg,coffee___red_spider_mite,C10P13,f90b30102891856eae0b16667fc5b28c0dbde8440a502d9d0545bb91a67dcae6,train
data/raw/coffee___red_spider_mite/C10P14E2.jpg,coffee___red_spider_mite,C10P14,4249edcc2f936e410af6e598577ef61ca21643ead420fd61d14741eba9f27a23,train
data/raw/coffee___red_spider_mite/C10P18E2.jpg,coffee___red_spider_mite,C10P18,956b11eacfaf200bbaa3434056875996ad58dd7ba0f9c2677429b211a258e86d,train
data/raw/coffee___red_spider_mite/C10P1E1.jpg,coffee___red_spider_mite,C10P1,b9530a321fa42a15f9b2f47f88c84c728565d7af29fb1526bcae2ff77f2b4ded,test
data/raw/coffee___red_spider_mite/C10P22E2.jpg,coffee___red_spider_mite,C10P22,9abcf6647e077e6bb881de817e02bdaf7f3bc5e5f70912d6d30cecd148a7847a,val
data/raw/coffee___red_spider_mite/C10P22H2.jpg,coffee___red_spider_mite,C10P22,962530b5768d94fcde1ce010710e5767842b1a4f93c234c69ad3d380288ff6a5,val
data/raw/coffee___red_spider_mite/C10P24E2.jpg,coffee___red_spider_mite,C10P24,87ac3bf5eb0121e9d109d243bf33cddcc7d60bb1645cf9b505c6cc88d0475c41,train
data/raw/coffee___red_spider_mite/C10P25E2.jpg,coffee___red_spider_mite,C10P25,2133ffd2b7c6a0e467770f769cd4adb4a51e87084073faeb93bd986a58e99915,train
data/raw/coffee___red_spider_mite/C10P25H2.jpg,coffee___red_spider_mite,C10P25,0536b4f517728292b32850ef3a293fb1338b49acae4fa5ca3e5e4b7b917e1916,train
data/raw/coffee___red_spider_mite/C10P28E2.jpg,coffee___red_spider_mite,C10P28,b1abcd49faaa6f8adb11900364c636a7d15945c625b9212dfe3bb26ce5dff22f,test
data/raw/coffee___red_spider_mite/C10P28H2.jpg,coffee___red_spider_mite,C10P28,0943274b5417851604b4d8490311b96792707fbe7eb7a119307ab24189a82f6f,test
data/raw/coffee___red_spider_mite/C10P29E2.jpg,coffee___red_spider_mite,C10P29,aea445ac8e59206c42eac65a069e239115320412d9e93f0620cadb77b9e89ceb,train
data/raw/coffee___red_spider_mite/C10P29H2.jpg,coffee___red_spider_mite,C10P29,afefbfcfb7e167785d6bb24ce3194e3fbb093b280be5774aff113bcc39f1a661,train
data/raw/coffee___red_spider_mite/C10P35H2.jpg,coffee___red_spider_mite,C10P35,617d3c5368c8b5689ec13d5a956c9dfc2a3dd1142f8826e4f011a77ac416465e,train
data/raw/coffee___red_spider_mite/C10P36H2.jpg,coffee___red_spider_mite,C10P36,1bf7f1851fbef8aa634094dc8a84d73f01202c708bffbc0822f7c2ca53197992,val
data/raw/coffee___red_spider_mite/C10P37E2.jpg,coffee___red_spider_mite,C10P37,e80a04d6009ba40b8cc54d6912b1352079a280a903c521cf57adf4ce09690637,train
data/raw/coffee___red_spider_mite/C10P40E2.jpg,coffee___red_spider_mite,C10P40,676d35b1ecaa5d3b1d4da0d7d65146287b3abc8045d1ddaa5de4cb03adeeb0e5,val
data/raw/coffee___red_spider_mite/C10P40H2.jpg,coffee___red_spider_mite,C10P40,45694f3066ebedce11e1c079e1c301da15550640cc5f14dba456197c4d4d46a9,val
data/raw/coffee___red_spider_mite/C10P9E2.jpg,coffee___red_spider_mite,C10P9,937f67108b3064f143ca593928857a30cff0a6c3e0e77ae57cc56861a56ed2e2,val
data/raw/coffee___red_spider_mite/C11P2E2.jpg,coffee___red_spider_mite,C11P2,da4d0f7678b4e5426ab84331a8ea084edd96bc575408a64d28ed8275490b1a4e,train
data/raw/coffee___red_spider_mite/C11P30E2.jpg,coffee___red_spider_mite,C11P30,2d3239d652589261313bacc31b45963200d62e30fb3f3cf961f9b5ebd9fca533,test
data/raw/coffee___red_spider_mite/C11P31E2.jpg,coffee___red_spider_mite,C11P31,88e37c7e3489a8911907d6bca8ffad440590bf084bd888c82206c511e0e2f0c0,val
data/raw/coffee___red_spider_mite/C11P32E2.jpg,coffee___red_spider_mite,C11P32,72b4582c8d4e9a21b211e48c5f9ad668522b82ec278e6098a79b7895ea9b3461,val
data/raw/coffee___red_spider_mite/C11P34E2.jpg,coffee___red_spider_mite,C11P34,5c744c7ebb0dc04345aa86b43aeba2667151f121db15c78644dd299e7cc31f7a,train
data/raw/coffee___red_spider_mite/C11P36E2.jpg,coffee___red_spider_mite,C11P36,71d0a037a981013efe3eeef58e5174abe468c1968898ca4914521d22ad5c4022,test
data/raw/coffee___red_spider_mite/C11P37E2.jpg,coffee___red_spider_mite,C11P37,8f78162468747965756431fb23116ae4207a16924c63d01d475d03122609bf20,val
data/raw/coffee___red_spider_mite/C11P39E2.jpg,coffee___red_spider_mite,C11P39,9de2820c88cccd56cff2db686c1a07557cd4ae82d080b15a110c4c7d364c51ec,train
data/raw/coffee___red_spider_mite/C11P39H2.jpg,coffee___red_spider_mite,C11P39,ae30d29156c0a498fca7f3b1b4834a10cc205d026f12a35e2928280ba7b71725,train
data/raw/coffee___red_spider_mite/C11P9E2.jpg,coffee___red_spider_mite,C11P9,50b88b5d363921b92807d1749af037d807223114bef38f878b283cc7da2a1210,train
data/raw/coffee___red_spider_mite/C11P9H2.jpg,coffee___red_spider_mite,C11P9,fd49f1929b67941b75f8263b4472580856a80ce287d33b2097a06873e069bc96,train
data/raw/coffee___red_spider_mite/C12P13E2.jpg,coffee___red_spider_mite,C12P13,6c61bed56a7ce872caa631d671d3fdb7d807696f445acef07f2487e5aff1572d,val
data/raw/coffee___red_spider_mite/C12P13H2.jpg,coffee___red_spider_mite,C12P13,b0c26c5b1c91e34e0784b5dcebca15eb3a11ead38edd663b04c56151f7b92c2e,val
data/raw/coffee___red_spider_mite/C12P17E2.jpg,coffee___red_spider_mite,C12P17,95a9d24f8c620b5c24fbfaa8356a0801399fda816068d0ab9c1dcaca068024c1,test
data/raw/coffee___red_spider_mite/C12P1H2.jpg,coffee___red_spider_mite,C12P1,2ebb17ab8929ff6bd62a65d4dd9b95adef87ffbfa01a87e66acfec528c9d8fd7,val
data/raw/coffee___red_spider_mite/C12P20E2.jpg,coffee___red_spider_mite,C12P20,2a882d6c49fe521eee550e51727bab3548f61ead47eca2378a8a6b531c6329c7,train
data/raw/coffee___red_spider_mite/C12P4E2.jpg,coffee___red_spider_mite,C12P4,0eafd6311a97205bbc669837488da76fa8c6955713c1ce5184782111c9df4160,train
data/raw/coffee___red_spider_mite/C12P4H2.jpg,coffee___red_spider_mite,C12P4,d0f3f84bdebd310a3d26941cec548001ab32482ab416000476ff6f6498eaab32,train
data/raw/coffee___red_spider_mite/C12P6E2.jpg,coffee___red_spider_mite,C12P6,a22db2c0085326fbf7f053dc41eae76d9ab5c948aca3f0deeebc3c7dcb6b431b,test
data/raw/coffee___red_spider_mite/C1P33E1.jpg,coffee___red_spider_mite,C1P33,f113c4b65d8fea9c265392c77d18a981f601144b65fbf26838ccf617a88f1963,train
data/raw/coffee___red_spider_mite/C2P10E2.jpg,coffee___red_spider_mite,C2P10,8ae8a4c71e5b477dd52b4528a96a182b8deb301e3e22689608e5effb0fbf03e8,train
data/raw/coffee___red_spider_mite/C2P10H2.jpg,coffee___red_spider_mite,C2P10,c83ff54f83e8e0ab39406b714b3d344395a72dee433bb0b35c9cb9731df9f4a3,train
data/raw/coffee___red_spider_mite/C2P12E2.jpg,coffee___red_spider_mite,C2P12,858d36224b07ac7bc0f7fcc8287bd3ad7857cee3c299a223504ce94af828dd9e,train
data/raw/coffee___red_spider_mite/C2P12H2.jpg,coffee___red_spider_mite,C2P12,676f1969434eeb8255c7253f3216b5fa8c2341e8e4cec3342c6596e5c58d7468,train
data/raw/coffee___red_spider_mite/C2P13E2.jpg,coffee___red_spider_mite,C2P13,56c12149eabd9ebcbbc81e2656bd7497c15973e9b5ddf5ad19bea71f10ad478f,train
data/raw/coffee___red_spider_mite/C2P13H2.jpg,coffee___red_spider_mite,C2P13,108bbcd549b4622dd4c7a6491f5f1438caf394818390bb25f5717bfc317641d9,train
data/raw/coffee___red_spider_mite/C2P14E2.jpg,coffee___red_spider_mite,C2P14,8f637ab50bb552826867ed967fdef2f5f60b45cbcf7b86eada82271773a52ed4,val
data/raw/coffee___red_spider_mite/C2P14H2.jpg,coffee___red_spider_mite,C2P14,47da0ce1abd0d554833ce00a88ced39adee4e4154feb2f57adf143abcfd0ea72,val
data/raw/coffee___red_spider_mite/C2P15E2.jpg,coffee___red_spider_mite,C2P15,2a9368607f8924d4ccc0729c97c63d7a1636e8839984b1edf8c59f3d79dd904e,val
data/raw/coffee___red_spider_mite/C2P17E2.jpg,coffee___red_spider_mite,C2P17,f190fd4e54d53b8ac5301fe9f85c3e7a9b9cdfed222d97e277851d005c467446,train
data/raw/coffee___red_spider_mite/C2P17H2.jpg,coffee___red_spider_mite,C2P17,e5f7cbfab2ae51005dbf7eed4bdde8ce74d4071cd62271122be8dfa47b5a1667,train
data/raw/coffee___red_spider_mite/C2P18E2.jpg,coffee___red_spider_mite,C2P18,d435a0d40770981cdefe20d31308c3cc38e589309a36f24e69f906db88aac40a,val
data/raw/coffee___red_spider_mite/C2P19E2.jpg,coffee___red_spider_mite,C2P19,70288b4f847819372337e781175993010cfeca03375dd16b95037f027c49646d,val
data/raw/coffee___red_spider_mite/C2P22E2.jpg,coffee___red_spider_mite,C2P22,f6d3a86f83b54dba38948387135f6f9baf697eb8ada87dc8ffc2695d97491c16,val
data/raw/coffee___red_spider_mite/C2P23E2.jpg,coffee___red_spider_mite,C2P23,c9c09217c84388463766ca684f7a8ade155f8c88a1558674cf99f22ebd8cff48,train
data/raw/coffee___red_spider_mite/C2P24E2.jpg,coffee___red_spider_mite,C2P24,fa2b5f2d4f81996067d97731603cddbd99b19ac317704a22fb2d40d0e404d265,test
data/raw/coffee___red_spider_mite/C2P27E2.jpg,coffee___red_spider_mite,C2P27,74a0c3bd2ace0277b8487a137345cbcc2a128a09f3f94f2ac055fb87224a89c6,train
data/raw/coffee___red_spider_mite/C2P30E2.jpg,coffee___red_spider_mite,C2P30,05fed2bdd12b00df85da7f838559cfda47b08aa9c8b7d41357a4049c92a5890b,test
data/raw/coffee___red_spider_mite/C2P30H2.jpg,coffee___red_spider_mite,C2P30,d083ca27d09f9af9879866b4dead63b4a6fb38cfc31cb5645c4fdf0474749239,test
data/raw/coffee___red_spider_mite/C2P31E2.jpg,coffee___red_spider_mite,C2P31,213f759b7f83ddf0b1f3f0d7ece3773c3ebaf50fbdff62b43053575dde8266ce,train
data/raw/coffee___red_spider_mite/C2P31H2.jpg,coffee___red_spider_mite,C2P31,5c1e3f5b967c7987604ff4212c8ea3d181a1f3b69f968ff8f589e2bb25357bc9,train
data/raw/coffee___red_spider_mite/C2P33H2.jpg,coffee___red_spider_mite,C2P33,19d0595e98bdadc0a47a592b89e06a6c42993efe5db2a142ba3bd1fb3704f354,train
data/raw/coffee___red_spider_mite/C2P35E2.jpg,coffee___red_spider_mite,C2P10,d01260f45dff2112d59f6b41ac0e2705c38c7a2f7ddec9a5beae8930c18e6373,train
data/raw/coffee___red_spider_mite/C2P35H2.jpg,coffee___red_spider_mite,C2P10,13ee8d787d895bff855afdcd226e92006af11f8e1dab9532ca6e7f81533d6490,train
data/raw/coffee___red_spider_mite/C2P39E2.jpg,coffee___red_spider_mite,C2P39,f082a25379ec119f90f91b49c54d0586ee169a39dffe23b00d35d1e9dcf06119,train
data/raw/coffee___red_spider_mite/C2P7E2.jpg,coffee___red_spider_mite,C2P7,1506231b1e2ce0eaefe7fdad28024b6eaf458d5ce40fcab2182895030fd38609,val
data/raw/coffee___red_spider_mite/C2P8E2.jpg,coffee___red_spider_mite,C2P8,a2f3b78ba5cfc7d73bb0b38a35a185d39521b7f7a7ccdea8fb9a8aa7849102a3,train
data/raw/coffee___red_spider_mite/C2P8H2.jpg,coffee___red_spider_mite,C2P8,9de7ce1ebf4be6724ebf94e8164386a5cd30697916b11703bc1c2a991beed36d,train
data/raw/coffee___red_spider_mite/C2P9E2.jpg,coffee___red_spider_mite,C2P9,72c0c527d8836b7e603b6ee5212a41a2b86501a3b91171ed7fa0ac4765cb27d9,test
data/raw/coffee___red_spider_mite/C2P9H2.jpg,coffee___red_spider_mite,C2P9,62acca80ca6dbe119e00d1099fcdf51318c65ce5fa0db8d13cc7c7dc8ea0f9f0,test
data/raw/coffee___red_spider_mite/C3P10E2.jpg,coffee___red_spider_mite,C3P10,800504df5ab5773bf9a49031cc80bb3365c62878e9b22ac0e5df854567de807d,train
data/raw/coffee___red_spider_mite/C3P13H2.jpg,coffee___red_spider_mite,C3P13,b85ac2edbbc7b7c1461ec4c8ddc31a657d5e039f226acbe03e6031f775a5e5ad,train
data/raw/coffee___red_spider_mite/C3P16H2.jpg,coffee___red_spider_mite,C3P16,9604582d11a31083b9404efd6ce5da00bd40660053260335a6214d75d9d90c41,train
data/raw/coffee___red_spider_mite/C3P19H2.jpg,coffee___red_spider_mite,C3P19,b395feafab3af2a57bd01932a76110f62af6ea7fd641d4f4126a1b859655e077,train
data/raw/coffee___red_spider_mite/C3P22E2.jpg,coffee___red_spider_mite,C3P22,8947e422864b614c651c4ea7b5ddb6166e2628153c8e1570496bfa6ad748fcbd,train
data/raw/coffee___red_spider_mite/C3P22H2.jpg,coffee___red_spider_mite,C3P22,d884543a3536c9574c61934b13644076961b2d87c8afe5a7e9509b90fff0756b,train
data/raw/coffee___red_spider_mite/C3P23E2.jpg,coffee___red_spider_mite,C3P23,651d0b164b494dddbecefeb15df09180b2a82b1cf1264b2d827ed3021afa2fdf,train
data/raw/coffee___red_spider_mite/C3P24E2.jpg,coffee___red_spider_mite,C3P24,2251a13f4d58c9ca69b3be55823bef1a669eabecd11e1e8f61df73dead592691,train
data/raw/coffee___red_spider_mite/C3P26E2.jpg,coffee___red_spider_mite,C3P26,11638e78d593087c39f5e0db219c80aa102e165c5c794b6038eb2095fe32224d,train
data/raw/coffee___red_spider_mite/C3P2E2.jpg,coffee___red_spider_mite,C2P1,48ec189e504f765e4c8bcea282c158936aadbe114915ae7fa1c1b66ba4df128b,train
data/raw/coffee___red_spider_mite/C3P37E2.jpg,coffee___red_spider_mite,C3P37,32d96a942277206f75b05461b9949d2495fe7b876bd15a67e8feef441c16cea5,test
data/raw/coffee___red_spider_mite/C3P38E2.jpg,coffee___red_spider_mite,C3P38,d60f8b5ef8d8a9fb9122ca1e87657e2034221f9dd0111036eebb856243669c43,train
data/raw/coffee___red_spider_mite/C3P39E2.jpg,coffee___red_spider_mite,C3P39,93cab6350d8162e706cf08dfd8bf378ab8853646a602d3177c6de34781abb1b8,train
data/raw/coffee___red_spider_mite/C3P3E2.jpg,coffee___red_spider_mite,C3P3,6ce9f58efeac0d1077b748ab65b76780a243288259e8fd33bda5d4d809ff093b,train
data/raw/coffee___red_spider_mite/C3P3H2.jpg,coffee___red_spider_mite,C3P3,d5b0e80513f2b3b67eee38ebcd95202b539a158b6f68acb29e62b0ddb991c471,train
data/raw/coffee___red_spider_mite/C3P4E2.jpg,coffee___red_spider_mite,C3P4,0c6e9435f5b74d5f013b9303edda1c3dec0d15e66e8e9785fb917ccb8a0628d6,train
data/raw/coffee___red_spider_mite/C3P4H2.jpg,coffee___red_spider_mite,C3P4,c9a7e4a230c7d58ff80a60003d6d5ae6ecfa1ef922e145ce84ebec73c139508d,train
data/raw/coffee___red_spider_mite/C3P5E2.jpg,coffee___red_spider_mite,C3P5,e29c8b170fef419e606393cf718058c43f32d7553e9a9117b003c47fded99c4d,train
data/raw/coffee___red_spider_mite/C3P7E2.jpg,coffee___red_spider_mite,C3P7,2152b4d2302e29e1aabae05b744e895bf945823f517b9253662bf747e7d33a50,test
data/raw/coffee___red_spider_mite/C3P9H2.jpg,coffee___red_spider_mite,C3P9,439623d523f8c829c9094b902e0f6a165c95ffa4959acd118587ffa7ec9229e9,train
data/raw/coffee___red_spider_mite/C4P10E2.jpg,coffee___red_spider_mite,C4P10,a639c9f35a28ab8e655ba56b9bde28322f82ba31c0073b042c1b61c92376c326,train
data/raw/coffee___red_spider_mite/C4P10H2.jpg,coffee___red_spider_mite,C4P10,921ebe77dd507268690ca293a64d1ac26fda38e1df02a921f6e7e83cfbae3205,train
data/raw/coffee___red_spider_mite/C4P11H2.jpg,coffee___red_spider_mite,C4P11,ce150eec217ea07d753cb1ec2165b75f6dc81bc5afd5db9b36b6b0d07c4a2fec,train
data/raw/coffee___red_spider_mite/C4P13E2.jpg,coffee___red_spider_mite,C4P13,24ab9e0a0a8a03fc64be256529815c340d77989f4093f67055c2026863305d4d,train
data/raw/coffee___red_spider_mite/C4P15E2.jpg,coffee___red_spider_mite,C4P15,9d9201f6adc9e7ee6d9a03d948edc8bb8a5600015156617ac8ea52191a3af167,test
data/raw/coffee___red_spider_mite/C4P19E2.jpg,coffee___red_spider_mite,C4P19,6708698903c4c29d58b23af98cf848c041df1c3299bfec6017c5488bd32edac2,val
data/raw/coffee___red_spider_mite/C4P19H2.jpg,coffee___red_spider_mite,C4P19,87443827082cc8914d0c3c9dd4cf386ead2209236d8de9be039952ba663c7ff2,val
data/raw/coffee___red_spider_mite/C4P1E2.jpg,coffee___red_spider_mite,C4P1,7e2064c8841ef6389336fb742f4b4e53e7826fd46903f2293833c933b428a01a,val
data/raw/coffee___red_spider_mite/C4P22E2.jpg,coffee___red_spider_mite,C4P22,274b88733e48d7ab18c4d8ae696b8eec56766893b7ca0f087ec362a64ea5250b,val
data/raw/coffee___red_spider_mite/C4P22H2.jpg,coffee___red_spider_mite,C4P22,75605da262fbe436064d8ce70598224c25aab1ab97583278e80b7293864db90e,val
data/raw/coffee___red_spider_mite/C4P23E1.jpg,coffee___red_spider_mite,C4P23,80c84e87a2c76eeb394f6b1d8a9b06ee3ce931b54e7f41f9551e5d82e0358b17,train
data/raw/coffee___red_spider_mite/C4P23E2.jpg,coffee___red_spider_mite,C4P23,670beca099f7a5d0b8f869e39023a854f2b02afcfd090345fbd4d6fc1588a7ee,train
data/raw/coffee___red_spider_mite/C4P25E2.jpg,coffee___red_spider_mite,C4P25,73f6d65a67cafa6642423e0c7501c95f2f3de38a832dc2dce9cc3572905891bc,train
data/raw/coffee___red_spider_mite/C4P25H2.jpg,coffee___red_spider_mite,C4P25,27317ae3eedba31df165b6e91c1f8072ec9744362b1b7e47450b2782d623d198,train
data/raw/coffee___red_spider_mite/C4P27H2.jpg,coffee___red_spider_mite,C4P27,ce58cea0b5b380a27b0b8a36286af977ca6321bebd651759703c92041e963778,val
data/raw/coffee___red_spider_mite/C4P28E2.jpg,coffee___red_spider_mite,C4P28,a6771f0df3c554b03d86c3a7446090014b17d4a9e9b04e01474facbd633661b9,test
data/raw/coffee___red_spider_mite/C4P29E2.jpg,coffee___red_spider_mite,C4P29,0e83e25bdac2acb2e004a2bf04285a13e5c7e0a94f263468c46668f53c7d49c6,train
data/raw/coffee___red_spider_mite/C4P2H2.jpg,coffee___red_spider_mite,C4P2,e179cbc18b135a4b00ae8f47d5c5d1b217c5b76662747eae09cb81864aef044a,train
data/raw/coffee___red_spider_mite/C4P30H2.jpg,coffee___red_spider_mite,C4P30,4f0150153c682e28c0c644b8981f0678c85823c9a9deb4427d7d36c153d8a930,train
data/raw/coffee___red_spider_mite/C4P32H2.jpg,coffee___red_spider_mite,C4P32,c94f58b045bfd9afa324043d26aa71642a16e4c671f7bc8c2a9772c9aac87bd2,train
data/raw/coffee___red_spider_mite/C4P37E2.jpg,coffee___red_spider_mite,C4P37,80695209862e6529f26e3d97f7ff6fe0ef51b1a22de06d822fed892f81679c2d,test
data/raw/coffee___red_spider_mite/C4P4H2.jpg,coffee___red_spider_mite,C4P4,741457926bbca13ea2cd400e4ff71ea047a38945049e757977cbb61c49492b13,test
data/raw/coffee___red_spider_mite/C4P5E2.jpg,coffee___red_spider_mite,C4P5,ee89bc92777f349a75493ab5c3ab71a0b7379a5dd56b97a24384cacab285f4db,train
data/raw/coffee___red_spider_mite/C4P6E2.jpg,coffee___red_spider_mite,C4P6,ba74d44e5bab292e727b1aabd7c5aaf6256ad110be1a8bc06a693165ba84f27a,test
data/raw/coffee___red_spider_mite/C4P6H2.jpg,coffee___red_spider_mite,C4P6,9e4f6fbe70b3a46f6918179fae0a5a893b5cfd6f1a5b34e98f925d37bb68e4da,test
data/raw/coffee___red_spider_mite/C4P7H2.jpg,coffee___red_spider_mite,C4P7,43a08759415045a40c18c21811605a2d4abeefc27e3fa62068ce1efc1d54ef00,test
data/raw/coffee___red_spider_mite/C4P9E2.jpg,coffee___red_spider_mite,C4P9,28baa6ba811f2d44e9346d253d99ffc106094fa9310a4c4c589d8c07f1b05bdd,train
data/raw/coffee___red_spider_mite/C5P18H2.jpg,coffee___red_spider_mite,C5P18,f863d661a93af32f2522fc2d111a861d8b2b6aa1091abd78c4b912969bb59554,train
data/raw/coffee___red_spider_mite/C5P1E2.jpg,coffee___red_spider_mite,C5P1,9e3f0a94aed308fd2d99ee676e9bfdb4654da61a79688260b07cba03b1cb12b6,val
data/raw/coffee___red_spider_mite/C5P1H2.jpg,coffee___red_spider_mite,C5P1,4d0b3e12d94a65286d0f73b47be37c7bdbe60b83d203d609d4b2181c0052b351,val
data/raw/coffee___red_spider_mite/C5P24E2.jpg,coffee___red_spider_mite,C5P24,058c6425c903f328518358de7e5be591fab1bb4324259b1f25a12c7a768280d3,train
data/raw/coffee___red_spider_mite/C5P24H2.jpg,coffee___red_spider_mite,C5P24,e209489bae733dded76877c4c523ca0c8061cfa11b52f57366809de793353a8b,train
data/raw/coffee___red_spider_mite/C5P2E2.jpg,coffee___red_spider_mite,C5P2,f366353cb252b9f5abd89f887b8fa00c827f09f006b12c7b8cb5ec62fb2921a1,train
data/raw/coffee___red_spider_mite/C5P2H2.jpg,coffee___red_spider_mite,C5P2,79d8acdd409e8a146c0304d23df3220d1b3dd1f640461e24550bfb425debefb0,train
data/raw/coffee___red_spider_mite/C5P39E2.jpg,coffee___red_spider_mite,C5P39,f5367fd183ab21ee5a2d5404f994950b2a0389dc74ae9c3c001b8674e62c1199,train
data/raw/coffee___red_spider_mite/C5P39H2.jpg,coffee___red_spider_mite,C5P39,9540da9ad5e9d4ce111e42cd4d89a87812fbc469707df690c7fbb1cbd7053d82,train
data/raw/coffee___red_spider_mite/C6P11E2.jpg,coffee___red_spider_mite,C6P11,803fdfe3d08f55660fd4fd27d2dd81121c74b40bb712b61e53e2de4e68411409,train
data/raw/coffee___red_spider_mite/C6P12H2.jpg,coffee___red_spider_mite,C6P12,f7b5ac3334580aefbb91ebca9f2ec248be4e38cc5bcce0e696a0c42a3e82e3f2,test
data/raw/coffee___red_spider_mite/C6P22E2.jpg,coffee___red_spider_mite,C6P22,c0c17af9b2ce1b89df8fb382ffdf151d131f38e9eef7112d0a9be4f5a2f13ab1,test
data/raw/coffee___red_spider_mite/C6P22H2.jpg,coffee___red_spider_mite,C6P22,93ed39de0f2c3b8fbe35619d4abdaba98ec6419a4e3a0cff6fa150bf2f688c2d,test
data/raw/coffee___red_spider_mite/C6P36E2.jpg,coffee___red_spider_mite,C6P36,cd4f443d70dc9569b3c5256538f6ed06e57ecf99b7af7facaf989ca437d50b55,test
data/raw/coffee___red_spider_mite/C6P36H2.jpg,coffee___red_spider_mite,C6P36,f47fcbeb7ca8fa36020b03720cf0dbeeba6a934d20c3e0106c87da2cd550eea5,test
data/raw/coffee___red_spider_mite/C6P40E2.jpg,coffee___red_spider_mite,C6P40,7a75d013179f196d7902eb5e1f1345bb67b75146833e4b88782814b382d88d8d,val
data/raw/coffee___red_spider_mite/C6P40H2.jpg,coffee___red_spider_mite,C6P40,f6fbc68e3ef07761b554670b0d5436b63a0a96d259a8fae34c64335a10586b41,val
data/raw/coffee___red_spider_mite/C6P6H2.jpg,coffee___red_spider_mite,C6P6,31d8828b2a200e83a120e32c8d4aa2efe33318659ba60c923c0684b4ecdf579c,val
data/raw/coffee___red_spider_mite/C6P9E2.jpg,coffee___red_spider_mite,C6P9,b30de4b95a51a0247784e95ce88b89f25e5bee968b41117dda1a99f60081e467,test
data/raw/coffee___red_spider_mite/C6P9H2.jpg,coffee___red_spider_mite,C6P9,ea40b60824372e60f960ba4e4a85b117c9720657353ad5fbd39c2e20dfb8e4a8,test
data/raw/coffee___red_spider_mite/C7P12E1.jpg,coffee___red_spider_mite,C7P12,0bdb7da1a4c10213bb72b580c50d48dd28f7d05011c8fa07dca22530c8240ff8,train
data/raw/coffee___red_spider_mite/C7P12H1.jpg,coffee___red_spider_mite,C7P12,17a8aef20eaa065013db026f2a2f907c44dc8b9d99e11f6e772180475e17449e,train
data/raw/coffee___red_spider_mite/C7P31E2.jpg,coffee___red_spider_mite,C7P31,c9fbc366bcb1f9b413c3f9491f313b1b3778cc877789e87d5f20075e5b18aabb,train
data/raw/coffee___red_spider_mite/C7P31H2.jpg,coffee___red_spider_mite,C7P31,a4afbd54b2e765d742b33a915647111a3ba38184bdcbfde87363132b07067ace,train
data/raw/coffee___red_spider_mite/C7P38H2.jpg,coffee___red_spider_mite,C7P38,f972700cc80c1d11edeb4eb74f55f36cacdc9f299ff58976eb6e05673b1048d0,train
data/raw/coffee___red_spider_mite/C7P39E2.jpg,coffee___red_spider_mite,C7P39,dbc538d650a06eba800a365a33e6f205d202ea9a3a8ec7ddea832dc2a4243949,train
data/raw/coffee___red_spider_mite/C7P39H2.jpg,coffee___red_spider_mite,C7P39,0175e43d4717b72d446ab13d9c66a41accb288a2da31ad4325e86409a5d91122,train
data/raw/coffee___red_spider_mite/C7P6E2.jpg,coffee___red_spider_mite,C7P6,e663d590e91996f0e6e454ba30d21f8af6fbcf827fe6c449468fa515739a191c,train
data/raw/coffee___red_spider_mite/C7P6H2.jpg,coffee___red_spider_mite,C7P6,c3e9cf269752021a747f2de32ef27017335f0532a8bc2b4150690af58336b2c4,train
data/raw/coffee___red_spider_mite/C8P8E1.jpg,coffee___red_spider_mite,C8P8,54b5603d0eb5fb4fc7ca49cd3a51b6a79595b66f5c4e70820b1e633e0aaa9efc,train
data/raw/coffee___red_spider_mite/C8P8H1.jpg,coffee___red_spider_mite,C8P8,68aa6d1b23c8acfd0f1934201b7aeea08f9f745ca74e95e96f3ea3aa97c844e3,train
data/raw/coffee___red_spider_mite/C9P13E1.jpg,coffee___red_spider_mite,C9P13,b35660a6aae577662beb37ac96c5d08d3ec12994ae49a85aa713dbb030558da8,test
data/raw/coffee___red_spider_mite/C9P13H1.jpg,coffee___red_spider_mite,C9P13,0a35b03475862d49629041e56f30131bf20a78fb09e7aff9a6e7cbb3aefd8684,test
data/raw/coffee___red_spider_mite/C9P19H1.jpg,coffee___red_spider_mite,C9P19,e697b823c7f429cea5321c28bc9649b5c9ebdf4ad49e09f759cd89b9072c2156,train
data/raw/coffee___red_spider_mite/C9P28E1.jpg,coffee___red_spider_mite,C9P28,a536d67f29360871d853a29d415604e4ed36cae015fdcb17bffbb6d018ac00f6,train
data/raw/coffee___red_spider_mite/C9P34H1.jpg,coffee___red_spider_mite,C9P34,b776aee9e2f010a2c2c4245ff73721902a8422ec1992faaeb394460eb4dbe81f,train
data/raw/coffee___red_spider_mite/C9P35H1.jpg,coffee___red_spider_mite,C9P35,131236739f9200d59559646cc80ebee4b7241b5e9c8876982024fd9768ef305d,train
data/raw/coffee___red_spider_mite/C9P36E1.jpg,coffee___red_spider_mite,C9P36,5332cda9cb07a194286e08657561631be4cc249c5550ff15d6a871a4adaf3839,test
data/raw/coffee___red_spider_mite/C9P6E1.jpg,coffee___red_spider_mite,C9P6,5bd20941d2ed267a4203eb94c43b7168db4bba8f3a81e89cc2f771818694890a,val
data/raw/coffee___rust/C10P10E2.jpg,coffee___rust,C10P10,6a79f1e8141497e5f1813f7c8f8343e0949c9ab85d7fbe5f7a57e5d0f7e4c30f,val
data/raw/coffee___rust/C10P10H2.jpg,coffee___rust,C10P10,7de53978c59c2476cdd148255586c9dae08aba2494420a3c08f749dd994191e0,val
data/raw/coffee___rust/C10P11E2.jpg,coffee___rust,C10P11,6e2a7d64665fe0fdea82adcfca0d4c1f0fbb509f012a7358a8abda0231af10ad,test
data/raw/coffee___rust/C10P11H2.jpg,coffee___rust,C10P11,f4d7e585baedc819a4035d9146063c3dca1115a3eaaddea025bbab1ed65dda35,test
data/raw/coffee___rust/C10P12E2.jpg,coffee___rust,C10P12,d52989e1061e85abcb2ed281253e78ad67385c49c5093875370dd3ff7b996532,train
data/raw/coffee___rust/C10P12H2.jpg,coffee___rust,C10P12,76e49484ec19e0254e75813e6c7eb75407328cddff7fdd0b64f4a6240ac466d2,train
data/raw/coffee___rust/C10P13H2.jpg,coffee___rust,C10P13,b447c0a4b9d00043d677aa6bf273d3eb8e657507041ba1fe183c97bf54bb4dff,train
data/raw/coffee___rust/C10P14H2.jpg,coffee___rust,C10P14,0cf484decd6c20d6d25fdff65f94d6f0b3efad338ae42a01766d2145f5dbbea5,train
data/raw/coffee___rust/C10P15E2.jpg,coffee___rust,C10P15,7798f56076dad2469904dc31900c3e077bf7b98af3b5a8047425f6fa921bca00,test
data/raw/coffee___rust/C10P15H2.jpg,coffee___rust,C10P15,029badab5e9a9b3bee853b40bff5490d7d2f25917d83153a8ec8f353229f65e8,test
data/raw/coffee___rust/C10P17E2.jpg,coffee___rust,C10P17,dd5652656836da19c887a41f55ec713dc24fb2d0c430aa2e842c5391cff70ee0,val
data/raw/coffee___rust/C10P17H2.jpg,coffee___rust,C10P17,74820b6d3718632b4e06c6686479c4b4151f69971ad0677e6018ddefb3693e80,val
data/raw/coffee___rust/C10P18H2.jpg,coffee___rust,C10P18,5afea2c805b0f727d4fdf8e961b5a92ade29f461677d93e985fc408e3eadab7f,train
data/raw/coffee___rust/C10P19E2.jpg,coffee___rust,C10P19,a767805f6246d98e4a1ca1359d97e598a2ba5c7b16ba4c9da591d368e526d104,val
data/raw/coffee___rust/C10P19H2.jpg,coffee___rust,C10P19,f46e65c300c69ff7b885bfd4a1415e82d2ff88cdaff29b75d6d0f808c0c187d2,val
data/raw/coffee___rust/C10P1H1.jpg,coffee___rust,C10P1,245a6454eafe4b1f5f562e78ce0b8b43b419c09107df9601727438e228b2e515,test
data/raw/coffee___rust/C10P20E2.jpg,coffee___rust,C10P20,c1a21009e76f6a143d08a84effec25c4570d18f8c040465859b0730852a4af62,val
data/raw/coffee___rust/C10P20H1.jpg,coffee___rust,C10P20,ab9a4969fc99e72ff335c25f7199adbb046665fb3e29f18c7b9b960d755285cc,val
data/raw/coffee___rust/C10P20H2.jpg,coffee___rust,C10P20,925994913c9bda12d4fb6b7740e2d7bf8cf754c04c7d00d8166618af52b5ce4d,val
data/raw/coffee___rust/C10P21E2.jpg,coffee___rust,C10P21,32b7273248046b0df655bd9f90b7be28c66c6654aa339159e27b0958c2d5f778,train
data/raw/coffee___rust/C10P21H2.jpg,coffee___rust,C10P21,1926f63d76bb82c10d275a75e5d9701337efd73713b2e285fb4310082f56ab24,train
data/raw/coffee___rust/C10P23H2.jpg,coffee___rust,C11P14,8e8ed1eeacd92abf53a96191d375c444d73cac246107de52ec9c8da826e6509d,test
data/raw/coffee___rust/C10P24H2.jpg,coffee___rust,C10P24,24de664a0f14f801c7d4c5bf9ff3f9c8e58c75ad36852806b9ad0c39510d7077,train
data/raw/coffee___rust/C10P26H2.jpg,coffee___rust,C11P14,2074275124e7d649c2c1e10cae5273f505e966e2b18d13f2dbcab1723d6d09dc,test
data/raw/coffee___rust/C10P27E2.jpg,coffee___rust,C10P27,123f468835b7bc7cc92f4a16e45417313803d64ccbbd886d7726866fe6e15b3b,train
data/raw/coffee___rust/C10P27H2.jpg,coffee___rust,C10P27,6e400382b7cdfa00375b79d800ec7337facde8cb38a1cda57987671a5308a065,train
data/raw/coffee___rust/C10P2E1.jpg,coffee___rust,C10P2,b61bff8d5aaf02396ac478d6758fc200801d062968f467ff987b43da0ca2abde,train
data/raw/coffee___rust/C10P2H1.jpg,coffee___rust,C10P2,2811b614562350b714ac028d45aadd09cb520d37667043347d453363be2ec1d8,train
data/raw/coffee___rust/C10P34E2.jpg,coffee___rust,C10P34,2442a4ef5c841f6ccca7cb636981258d5fdf53c66cfa98fc948c455dfbb02053,val
data/raw/coffee___rust/C10P34H2.jpg,coffee___rust,C10P34,830044d26354331471a038e58ba27e4da5b93dd8b1834d66cdc6437fa9e12478,val
data/raw/coffee___rust/C10P35E2.jpg,coffee___rust,C10P35,9dcf43987b26cebdf07ea5205feb39ea6366b67fcd0c95b9090ef3add23b0498,train
data/raw/coffee___rust/C10P36E2.jpg,coffee___rust,C10P36,29507c96d911f76b3d040c4bea61fb2096364d7715cf1d041e71edf83ab8b9ab,val
data/raw/coffee___rust/C10P37H2.jpg,coffee___rust,C10P37,2b25e50bd7c77cc40e99e8d4c4feb78a793dc9943498379083029cadbc72773f,train
data/raw/coffee___rust/C10P38H2.jpg,coffee___rust,C11P14,eec782265fadd6d37d89ba375e2687839922c81ce0c10f76466934d713e1c81f,test
data/raw/coffee___rust/C10P39E2.jpg,coffee___rust,C10P39,71feba1b7064352788d7cc3f10174c5728bf25fdaec59e1f174c8bc5cb6d462a,test
data/raw/coffee___rust/C10P39H2.jpg,coffee___rust,C10P39,6d494936e4de9a6bf18bb2cb73805c9778be5a3ff0df98dba322ccd9d8dce73e,test
data/raw/coffee___rust/C10P3H1.jpg,coffee___rust,C10P3,6f1a2689b93abeee88488f620f39517ea8baede57e20640e46d43eb0135a45d1,train
data/raw/coffee___rust/C10P4E1.jpg,coffee___rust,C10P4,63295f937d66b9fb859e800cba4e18503b1303461c832d6c679e4d7af9316012,test
data/raw/coffee___rust/C10P4H1.jpg,coffee___rust,C10P4,cb0374278a255a67dd379212168a0e1c2e7430ed4c7068ec8ea075dfe3287036,test
data/raw/coffee___rust/C10P5E1.jpg,coffee___rust,C10P5,d9b6127f72cdb8f146f2989cb65e5c6fb464315e7f5c20d837111e7c778a1ce5,test
data/raw/coffee___rust/C10P5H1.jpg,coffee___rust,C10P5,8581324872b365588c7585bcf3e817380c11f1d35ec6ec33e988eebe96bf7ce1,test
data/raw/coffee___rust/C10P7E2.jpg,coffee___rust,C10P7,cb7012b1c37a8524cab5d748f721b5e183fb5232584bbf63a419272b9dd1f2ed,train
data/raw/coffee___rust/C10P7H2.jpg,coffee___rust,C10P7,0d22138d5522c0bf33fd250258223c8826be7ae085b1e1d7b79339135f2d1f60,train
data/raw/coffee___rust/C10P8E2.jpg,coffee___rust,C10P8,c06e944767d263d6a47666ed0749fdaa04064510c4727742682d6b3cc8cee07b,test
data/raw/coffee___rust/C10P8H2.jpg,coffee___rust,C10P8,9bfab7d4385e29ad107af90393449de87803a4fba3088692a0381f8e30c628c0,test
data/raw/coffee___rust/C10P9H2.jpg,coffee___rust,C10P9,f6163430905add07d38c9cfbf497b4468a95122443771d886b67ec98694ee20b,val
data/raw/coffee___rust/C11P10E2.jpg,coffee___rust,C11P10,2f7f687ab5cefa22585df37b8befc13d0115da510c47189869d162aeb8fd955e,val
data/raw/coffee___rust/C11P10H2.jpg,coffee___rust,C11P10,97ea82f0b1d465df6fdf3e53c122202f761bb3d4dbbec1356fbfb798fedd294c,val
data/raw/coffee___rust/C11P11E2.jpg,coffee___rust,C11P11,6795c86096805818771115ea6d48166bbd3bc3c9bd16eba14dff9b6f7808a20d,val
data/raw/coffee___rust/C11P11HE.jpg,coffee___rust,C11P11,4138f68ca895e4784b9db488331720682ff27c27fb3699b6eda3d7bcf1b95ff6,val
data/raw/coffee___rust/C11P12E2.jpg,coffee___rust,C11P12,976a1f25c1d507a615e2e04e620af98311a7eb7da1fa0af390aecd6cb76fb52e,train
data/raw/coffee___rust/C11P12H2.jpg,coffee___rust,C11P12,1476c0a27d73e09cab518ea5453a9486a7c4eff3bcd7c18c6909fc4d546899f6,train
data/raw/coffee___rust/C11P13E2.jpg,coffee___rust,C11P13,763f1694743b3300dd318ebf342a042fd6308e9977c556b95f4ec8a386ca8853,train
data/raw/coffee___rust/C11P13H2.jpg,coffee___rust,C11P13,1a38aa524600d548583c507abfef554cdcba96b6e9dbf8e93956250ba5c8948c,train
data/raw/coffee___rust/C11P14E2.jpg,coffee___rust,C11P14,74ce68d438178203edcba7ae395a13f06203aecaa9f52374a95d09ce4ff8069d,test
data/raw/coffee___rust/C11P14H2.jpg,coffee___rust,C11P14,8a46a4b6845000bcaf11004aeea1e89ca23fbcf9805be8b6c44ffc529328c6d2,test
data/raw/coffee___rust/C11P15E2.jpg,coffee___rust,C11P14,4d938dd041bcdc42287c2c1025d8ae76ad662927e3d83704c1b27f4993e5ef31,test
data/raw/coffee___rust/C11P18E2.jpg,coffee___rust,C11P14,e30678b44d1a574f826d876e839bc12170218141908546518de4dfc8d1511fa2,test
data/raw/coffee___rust/C11P18H2.jpg,coffee___rust,C11P14,8fb6991062a99d9fc84e920c7f71b48d17b50155680bddb47acd8dbdf3f6e64f,test
data/raw/coffee___rust/C11P21E2.jpg,coffee___rust,C11P14,f010fe791f006a1e053bb6b7a87150f1d93a7750d6e1ec9418a02f123b8b5204,test
data/raw/coffee___rust/C11P21H2.jpg,coffee___rust,C11P14,f1943977c45e17e8458e58bb4696730f868eb1c89e25fb0a6be0ed7f919b4281,test
data/raw/coffee___rust/C11P23E2.jpg,coffee___rust,C11P14,10f851d07b203bccf26f5a9ff8a6b08eb6117b61308f972870674b6237565763,test
data/raw/coffee___rust/C11P23H2.jpg,coffee___rust,C11P14,7edc0008755aa36a01907d5a87b9dca5d9c1642eabd5b78216383746b3ac12e4,test
data/raw/coffee___rust/C11P25E2.jpg,coffee___rust,C11P14,afffd2427c639cc8405294c7d77a8d8e6ff117f5bc48ccef832c7099eb78790f,test
data/raw/coffee___rust/C11P25H2.jpg,coffee___rust,C11P14,948fd91941411e298568695d30f8ce5f286c8029435e7276cc954c498608e328,test
data/raw/coffee___rust/C11P27E1.jpg,coffee___rust,C11P27,f16d1abddaec0c34778446071ab5955b62277f2d61691c1eb36765dd7e55cc1b,val
data/raw/coffee___rust/C11P27H1.jpg,coffee___rust,C11P27,153a803cb89fe6a8fad3180c0550dbfc6efead5c644c2ce286a879fae2da0619,val
data/raw/coffee___rust/C11P28E2.jpg,coffee___rust,C11P14,93c35ed406e26ce7e04de73918b2ac4d8ced137e52242f7484e76a4bec247eeb,test
data/raw/coffee___rust/C11P28H2.jpg,coffee___rust,C11P14,3f8686f4f584275cd3a8fd9c11701baf06d0bee76689b859e6f2437f7cb7176f,test
data/raw/coffee___rust/C11P2H2.jpg,coffee___rust,C11P2,53953b2a213ba9c0320738950fc660426870b12ccbd417130005a312b0b3f6d5,train
data/raw/coffee___rust/C11P30H2.jpg,coffee___rust,C11P30,4c6ae0ae87e35022301e7dcc536936ed31b82da3c5eae44df795f9ee21e76e98,test
data/raw/coffee___rust/C11P31H2.jpg,coffee___rust,C11P31,efff6bcc1af58bbb8815a7bfc6a6f364f7a5920fc15a53c3fefefcb3a34db5ca,val
data/raw/coffee___rust/C11P32H2.jpg,coffee___rust,C11P32,9b99375410a9bf9a08377581ca613a1cef7f96f15b80b80f8e75d729837cfcd6,val
data/raw/coffee___rust/C11P34H2.jpg,coffee___rust,C11P34,da6e8a7ce455284fd6254998c7b0a56aaadf7b103e2ba085578cb8482f23da16,train
data/raw/coffee___rust/C11P36H2.jpg,coffee___rust,C11P36,06c2dffd06e334dd9499192c3d92f1fb27aaab5b1f756d2b184c32794f8cf19a,test
data/raw/coffee___rust/C11P37H2.jpg,coffee___rust,C11P37,e7ed7ee1d8ec0f4637afd0a6c4981481c4e88db03f1425ede09ddca31e1292b7,val
data/raw/coffee___rust/C11P38E2.jpg,coffee___rust,C11P38,6de1b0f7361fb3ee0ddcff7c3dfb58d5edc6a59f2e628f2dbf1ee4ae57f70cd9,val
data/raw/coffee___rust/C11P38H2.jpg,coffee___rust,C11P38,66116ab90d5ff7d1ca2432640e2cfc76efbf29ab87997a7c948914800824f32d,val
data/raw/coffee___rust/C11P5E2.jpg,coffee___rust,C11P5,0cd3816e1ea6ffb1f097fd5cb3196a355ecfd0114195f70f31f8adc329a286f3,test
data/raw/coffee___rust/C11P5H2.jpg,coffee___rust,C11P5,be27f619c660aecc4a0901335f003afea9f1447a44d02bb6d74a06ad58df200c,test
data/raw/coffee___rust/C11P6E2.jpg,coffee___rust,C11P6,2576b6b4cab417c3ed52c608c6aeb871949799f2c78d523b64e17d984fc3ddd6,train
data/raw/coffee___rust/C11P6H2.jpg,coffee___rust,C11P6,92084ece144793db7294003fcffc4b67b58d19085d27c4400b70e04d0b63f1de,train
data/raw/coffee___rust/C11P7E2.jpg,coffee___rust,C11P7,3befb146911d4aa4c792455a380e9f67eb383d9442b9cce59c184f7ff3f84ab1,train
data/raw/coffee___rust/C11P7H2.jpg,coffee___rust,C11P7,3ae4428a4be6a4b7ab2b8cb2f0614ffd206b755df787bc78d09b95413d796a36,train
data/raw/coffee___rust/C11P8H2.jpg,coffee___rust,C11P27,04d8c290799f7b23a005736b1cf6330fe73178b1dbe3ec2621953c27a1ea8e24,val
data/raw/coffee___rust/C12P11E2.jpg,coffee___rust,C12P11,62e55b8d09557691278eb874bde554535e2ce2d7153b6894de4ec7fda35412b0,val
data/raw/coffee___rust/C12P11H2.jpg,coffee___rust,C12P11,905575366213b3cad002389fae608eca78b2a252277bf699108c41d4850b56a2,val
data/raw/coffee___rust/C12P12E2.jpg,coffee___rust,C12P12,3ae39564d5cc33f3432418f9817c5db04ac561669de4b8512fca7548bc41f4f5,train
data/raw/coffee___rust/C12P12H2.jpg,coffee___rust,C12P12,4d9923ff70a4b4a9f43b80ba681716230158f915c8b9cdc37784e3eb394d6fb2,train
data/raw/coffee___rust/C12P14E2.jpg,coffee___rust,C12P14,ab7f6d4ecdcf3f16345e962dc6b431cef497052b30cf41ec558d547e0b93574e,train
data/raw/coffee___rust/C12P14H2.jpg,coffee___rust,C12P14,78d91e3b5dbb8572eff203fc597f1110dee3550e65522aeb92c0d48fd75c4ad1,train
data/raw/coffee___rust/C12P15E2.jpg,coffee___rust,C12P15,582e10e02b53ae4295390c8cb169efa3d389ec7379770207ce5e29dd5f15e64e,test
data/raw/coffee___rust/C12P15H2.jpg,coffee___rust,C12P15,bcb7a1194969c6d5f3f9ce3da8f083d1465d724861a74300c5a24b0291c05256,test
data/raw/coffee___rust/C12P16E2.jpg,coffee___rust,C12P16,dd4ed5875c27023b846b81b613129e7b36f90269a48b694d117eeac5ebb945cc,test
data/raw/coffee___rust/C12P16H2.jpg,coffee___rust,C12P16,03ca343536ab80e4d1919f50c491f97fc2b7c66ee20aa6947e273accf510edd7,test
data/raw/coffee___rust/C12P17H2.jpg,coffee___rust,C12P17,47e3550679af771e725ff7f39b4a7c4671807421dac07b0b221fc8efa3da6659,test
data/raw/coffee___rust/C12P1E2.jpg,coffee___rust,C12P1,3316f83858ba662ebc73158d8b1a74340d28142ae28024ace4c4c8eb81a95047,val
data/raw/coffee___rust/C12P20H2.jpg,coffee___rust,C12P20,1929f8cc03add861884b94926b9eb8e491b16ace3ad50e84fb31eded4093fdcf,train
data/raw/coffee___rust/C12P22E2.jpg,coffee___rust,C12P22,15bbf20255229f5f52ccb453a2d065c66bfe0201e2b1e62a3d00b4c9770d9fbc,train
data/raw/coffee___rust/C12P22H2.jpg,coffee___rust,C12P22,18b11ad0a1f4a07352d8c94d29d492157dfb356cc4a668a0c82f4ab1af491e10,train
data/raw/coffee___rust/C12P23E2.jpg,coffee___rust,C12P23,ea67a24061f476719c0863a6f7dfc6e0e2877128362ea4cd917d669501b6cbf1,val
data/raw/coffee___rust/C12P23H2.jpg,coffee___rust,C12P23,5ddc0a3c96991af181eaedcdbe8ae127b454901fbd6f6122e5ad4798ccc1727c,val
data/raw/coffee___rust/C12P2E2.jpg,coffee___rust,C12P2,a0d4e4084826b8a479cb2a2abef74a8136f67ca1111d1ed2f6d921dad23f5929,train
data/raw/coffee___rust/C12P2H2.jpg,coffee___rust,C12P2,6ca5a5c1f153d09fd560c30531a9c4d24efa5a9676359645d21420384af28948,train
data/raw/coffee___rust/C12P36H2.jpg,coffee___rust,C11P14,1c9f1cbc569340e6a056a875abf550fa52a699f96b77ce6e6b006a50edbabe4a,test
data/raw/coffee___rust/C12P3E2.jpg,coffee___rust,C12P3,4094ca05ad50c3b438fd9bc120ab73a12c4890093af4ce5e8e0eefc2fa37ef61,train
data/raw/coffee___rust/C12P3H2.jpg,coffee___rust,C12P3,390a97a610201c4cce60b096215c8c8bf9d2f9250a5d882665ddda875249cf89,train
data/raw/coffee___rust/C12P6H2.jpg,coffee___rust,C12P6,4ed6a863577c1a5a414d88285dc2f0e8bde8a119004852c0cb87a6eb5581b529,test
data/raw/coffee___rust/C12P8E2.jpg,coffee___rust,C12P8,4fc00690c5b0567d97e26fc55c6ba569b4e31822307a462612252f24483586fe,test
data/raw/coffee___rust/C12P8H2.jpg,coffee___rust,C12P8,999a9572b5e9f6a917ce0e0eb89154e65bbff9a49fbb218fddf3015182cf3644,test
data/raw/coffee___rust/C12P9E2.jpg,coffee___rust,C12P9,1faea576dc3a69c61cb8a912ecca53fefee64e5205076faa48392b69f4146884,test
data/raw/coffee___rust/C12P9H2.jpg,coffee___rust,C12P9,07dd7213198428a299896524294fc1a4ca2cf98006bbb071c1a7ead0e536ea1e,test
data/raw/coffee___rust/C1P10E2.jpg,coffee___rust,C1P10,1a728689c1607eec84678f9348324b451410f65e3093c8a0150ad5249283b0d7,test
data/raw/coffee___rust/C1P10H2.jpg,coffee___rust,C1P10,cff43887244261dde8e8d794e889548a936a5b4563a619bf0f5ecf572d96ab1a,test
data/raw/coffee___rust/C1P11E2.jpg,coffee___rust,C1P11,4138c162f73ecf5c74fa24f3ad8197935534056e9c397db0703bcf87d4b018ba,train
data/raw/coffee___rust/C1P11H2.jpg,coffee___rust,C1P11,905ca602df1294a421606d35945e03271fcd391b29d7ca32dbfe6d4c3b81ca01,train
data/raw/coffee___rust/C1P12E2.jpg,coffee___rust,C1P12,1dc6554504adc9230a1c27f8ee15b5f41d3a2b416b966879ad76ccaf3e787dc8,train
data/raw/coffee___rust/C1P12H2.jpg,coffee___rust,C1P12,bd37514cc7a5fcf6f7d2f8e9ce643c3a23f3ab697ddb903edae04e6ad4818be5,train
data/raw/coffee___rust/C1P13E2.jpg,coffee___rust,C1P13,555c479a9924b437a827d3fcacc64011f246ea2a7caa567c251e5fa9c4db3889,val
data/raw/coffee___rust/C1P13H2.jpg,coffee___rust,C1P13,e806b6f96c9192478db25572966b768809b9db9c868c36707ca053063831aa1a,val
data/raw/coffee___rust/C1P14E2.jpg,coffee___rust,C1P14,db2394bef0405321e56beb5de6cdb572872cd2bb3d537cc538c9fdf5ce060585,val
data/raw/coffee___rust/C1P14H2.jpg,coffee___rust,C1P14,b66707f683a7a41e42db8697be2cdbba399216d685e98dc53415fa2b6fa4321a,val
data/raw/coffee___rust/C1P15E1.jpg,coffee___rust,C1P15,279ca272022b14f213db2aea12492c07f091ae2ae7a9227df590f461e52918d5,val
data/raw/coffee___rust/C1P15E2.jpg,coffee___rust,C1P15,acb1b085fb9aca2d7e937dbcd71ce3c3a7c0f9c40bb7063ca9fbabd32a857581,val
data/raw/coffee___rust/C1P15H2.jpg,coffee___rust,C1P15,051df0aa166a310a288823eb8dc42f5e253feb892217f3fe8d7c1562656418f0,val
data/raw/coffee___rust/C1P17E2.jpg,coffee___rust,C1P17,9a8db7178183033a01de7a6222302cfe7ec368e48db87379aa858300743e7341,train
data/raw/coffee___rust/C1P17H2.jpg,coffee___rust,C1P17,59f06923a5ac38aff8f474a178064088bd114ca5a50d992fe30a410df81c8f1f,train
data/raw/coffee___rust/C1P18E2.jpg,coffee___rust,C1P18,7e431c10af026b888f61941d9c00a3a58a277766aed09da11539ada6ebd8e823,test
data/raw/coffee___rust/C1P18H2.jpg,coffee___rust,C1P18,382e33218664c12584e765642d166a461e810f5f1f6e344feb32844588817e89,test
data/raw/coffee___rust/C1P19E2.jpg,coffee___rust,C1P19,39ae91bbe69e23dcee9f93bb4b230266c70b2810a12dbcd2bee50dae44583f40,test
data/raw/coffee___rust/C1P19H2.jpg,coffee___rust,C1P19,1e10a9ddb8fa09b7ecb5df6d84f80f8ec2a347335de47448747eb5193d2f7806,test
data/raw/coffee___rust/C1P1E2.jpg,coffee___rust,C1P1,a3aeadcb51bf16a2320dfb0c9447fe2745137dda169c8967827faeacc18fe24b,train
data/raw/coffee___rust/C1P1H2.jpg,coffee___rust,C1P1,62a5f5fde9313bbe62646a6cb5ae4e01f45e54598ac2fefd4ca2754092f4453a,train
data/raw/coffee___rust/C1P20E2.jpg,coffee___rust,C1P20,f7f42a2d16e442ba9b27dc701f521c058b588af300b6d2305e6cbfb06e89bab7,train
data/raw/coffee___rust/C1P20H2.jpg,coffee___rust,C1P20,b82f4753517616c25cd17e362b8658ef5e5e03330b6276ba745c242fa336ff01,train
data/raw/coffee___rust/C1P21E2.jpg,coffee___rust,C1P21,8eaaaada3471ed39e675e45c0c66a77ae0f7907cb94e3fd87159f60d5140ec65,train
data/raw/coffee___rust/C1P21H2.jpg,coffee___rust,C1P21,6b5535946ae2edb14bf512abaeca17a13cb548d7b92aaa1cdf7d13e36cb87ce6,train
data/raw/coffee___rust/C1P22E2.jpg,coffee___rust,C1P22,7957652e3549ea162e6ac7ebb045dc0f6a22464e7c4c800c063545fe1a38c185,train
data/raw/coffee___rust/C1P22H2.jpg,coffee___rust,C1P22,a2e82f2ed2d359b4d08b72d18f415508f1ff15ca551d2e38a6caa35970c6642b,train
data/raw/coffee___rust/C1P23E2.jpg,coffee___rust,C1P23,06e91da742af22aa9b87150ab9079a2bfe1409fbf470f96e0a6b41b48b2ca0e8,train
data/raw/coffee___rust/C1P23H2.jpg,coffee___rust,C1P23,e60d1fda0a37439f879b86f46d4d2a9bfcd76f891010307e75c84900f46a87c9,train
data/raw/coffee___rust/C1P24E2.jpg,coffee___rust,C1P24,d2ae9c0fedb28e89ccea10c4e223c76c8c801b02521374bbf2bba2e016c04781,test
data/raw/coffee___rust/C1P24H2.jpg,coffee___rust,C1P24,7d09afaf94faadea2e4db4f32ef6d5393d3983510676fff0f210be4591014633,test
data/raw/coffee___rust/C1P25E2.jpg,coffee___rust,C1P25,d22489fc8b3d7623d9cdcde759600bfb79d6e63ae42d437cd1bc63434f0d96aa,train
data/raw/coffee___rust/C1P25H2.jpg,coffee___rust,C1P25,e875519d2b2d9c212e69d12b49a91f3fd8aedcc8ad2908fe66b0cc1f4f9f9f4f,train
data/raw/coffee___rust/C1P26E2.jpg,coffee___rust,C1P26,82c7b7acd98cfc6cd7b21ddd17ca593f19f9d255de7a5d9a3391c8c9cf364aa9,val
data/raw/coffee___rust/C1P26H2.jpg,coffee___rust,C1P26,5f513ff6b2c7f1d24e6d9376d41b2d6366666613eb68a49b31a12be597c07727,val
data/raw/coffee___rust/C1P27E2.jpg,coffee___rust,C1P27,cd74b5e066558c86d0436da9283a3057f49bdc1293c5c54528db5f2e486135a8,train
data/raw/coffee___rust/C1P27H2.jpg,coffee___rust,C1P27,b8026c9a609f0cb664eb93790ebe6673a42105408f8e44cc9740bfda8f9dd26b,train
data/raw/coffee___rust/C1P28E2.jpg,coffee___rust,C1P28,dc7d1ad70ddf6722e6ddc2939ce8ad8235ec2ad5107c86ec74b7ac00e6d80195,val
data/raw/coffee___rust/C1P28H2.jpg,coffee___rust,C1P28,71a96221131a3a43b501c259eda95508f93e5dd66401df6552a5b84612637811,val
data/raw/coffee___rust/C1P29E2.jpg,coffee___rust,C1P29,b3a2187ec76a026adb88be24f65b1a9b5170ff910730113ffb4be31e6943047b,train
data/raw/coffee___rust/C1P29H2.jpg,coffee___rust,C1P29,dae769f853dd95e6c774073ed58575f8cea54a5988422388c9aa448aef32e208,train
data/raw/coffee___rust/C1P2E2.jpg,coffee___rust,C1P2,a65b49b11aa61988c8ad8813fac856edfbb852e96177d664049201c53905b522,train
data/raw/coffee___rust/C1P2H2.jpg,coffee___rust,C1P2,1d9207e9510f77252f5ed37e5799fcd59e8b218ac5afea082d1ebc07bcf4a910,train
data/raw/coffee___rust/C1P30E1.jpg,coffee___rust,C1P30,d54848820dee0b0fb2e602526462f42bc30cc92b5ae9e32169a4a9482207e3ab,train
data/raw/coffee___rust/C1P30E2.jpg,coffee___rust,C1P30,4694e7dd48ed792c27cc2c6dc6c0fd513e13e36c8993bf053eb27c48af3e8d36,train
data/raw/coffee___rust/C1P30H2.jpg,coffee___rust,C1P30,16ea0ec08bd2adf84dc71c72dad92008b27a1e593c745facca04267650bc410a,train
data/raw/coffee___rust/C1P31E2.jpg,coffee___rust,C1P31,8c61d577558c63938ca9da2d68eb6f2160aa434c7282b65261af99350d5731b2,test
data/raw/coffee___rust/C1P31H2.jpg,coffee___rust,C1P31,da5cfb331ee64860a78971ce095ee2821b5330db01dbad4d206d500e91d94cb0,test
data/raw/coffee___rust/C1P32E2.jpg,coffee___rust,C1P32,7283ade781a2fe343fb7c73a4d39ffe15228661c084a5e984dd725e0b994ec9a,train
data/raw/coffee___rust/C1P32H2.jpg,coffee___rust,C1P32,cecac7f0a1841ab9658466ce0eb03051c9ea8c9c88c5547204e783e199957dfe,train
data/raw/coffee___rust/C1P33E2.jpg,coffee___rust,C1P33,a076b4b3d4e085b9691ad2553647caeea3ed34fb264b40996af32e95f24d3e0c,train
data/raw/coffee___rust/C1P33H2.jpg,coffee___rust,C1P33,4a2cec02cfed84b195385be2c77cb2eb5552f92494bbf6f4b562c1e4a3d9bc29,train
data/raw/coffee___rust/C1P34E2.jpg,coffee___rust,C1P34,dd719a365e8f718cf58972af634a34843cc03d0eeea3c588f2078b762d8eac1a,val
data/raw/coffee___rust/C1P34H2.jpg,coffee___rust,C1P34,077b5204098bd0e9599693f05745471221d418cf0875269b59d16593038db44c,val
data/raw/coffee___rust/C1P35E2.jpg,coffee___rust,C1P35,2dc2088c3583f40de9fcb48804e83c27389fa9f4a5ab5cea5b0cb6e851cf43dc,train
data/raw/coffee___rust/C1P35H2.jpg,coffee___rust,C1P35,ce0606e26f67146b36ab6002f06eb6e24224207615c8776499a0636fec9a2a75,train
data/raw/coffee___rust/C1P38E2.jpg,coffee___rust,C1P35,a1b9bccc29e3db1dd553b7d40038f585cd1861f86d1ff3388719ab8bb03f0322,train
data/raw/coffee___rust/C1P38H2.jpg,coffee___rust,C1P35,8ed08fdce29de7b0263190bcf25899f6b3fdbb5f3137168fa81589820366ab7f,train
data/raw/coffee___rust/C1P39E2.jpg,coffee___rust,C1P39,4ab757cc1b19c4c2a397e4f2962dca05df1f5706c5ba987cbcb72bcdb0b3dcb8,train
data/raw/coffee___rust/C1P39H2.jpg,coffee___rust,C1P39,dc2dc312ced18dc4e556c0f6936f6d580ede7b75e67485720f4b259fb5b42a0f,train
data/raw/coffee___rust/C1P3E2.jpg,coffee___rust,C1P3,c3bd5e2948dced9c6d3c6cc62f1ac19797d190231f640bb157c5aa8d27d44906,train
data/raw/coffee___rust/C1P3H2.jpg,coffee___rust,C1P3,02f02847adeb46226ba4d69dea6327dadeafc6f36c55b530c8e7c650da4e8c84,train
data/raw/coffee___rust/C1P40E2.jpg,coffee___rust,C1P39,f7cfb588a450c23e5ada07c2d5622003815e9865127bd4f828b2e475366f1130,train
data/raw/coffee___rust/C1P40H2.jpg,coffee___rust,C1P39,74b97efaf426c7758f35f8bfc5744a296428f7c1554850036bf44902b2548d59,train
data/raw/coffee___rust/C1P4E2.jpg,coffee___rust,C1P4,f5405551e7f5df5bb21a67a6b00e874c6cdd7125ca1d5c428ea3e5bd2a6842ae,train
data/raw/coffee___rust/C1P4H2.jpg,coffee___rust,C1P4,77457b625041b4b2f1f8c28d82b3dc867fa677331e38d29f5fedc0c2665a6184,train
data/raw/coffee___rust/C1P5E2.jpg,coffee___rust,C1P5,d4cd2a62380267ab3b77e6dd4b3f6b856de121eed62f7b71533692889e03318a,train
data/raw/coffee___rust/C1P5H2.jpg,coffee___rust,C1P5,0d81d24890f26ede84d74048e24e3c2d2e4eee456d6eb2308cecd154de90bdda,train
data/raw/coffee___rust/C1P6E2.jpg,coffee___rust,C1P6,abae89e939ee487eb022519bb4d4c5b351b1c56ec00b10cfef86c7ec638d972c,test
data/raw/coffee___rust/C1P6H2.jpg,coffee___rust,C1P6,a52d7c9f358340323af2afaf452a0e229f46edb228f19faf6f0245d4fea61810,test
data/raw/coffee___rust/C1P7E2.jpg,coffee___rust,C1P7,11f26a9102bb86b889f28056313c1156b725ac517d7870e9158558419f09df31,val
data/raw/coffee___rust/C1P7H2.jpg,coffee___rust,C1P7,e620fff785febbd3a545e2082c90a31ad45a31c3d889ab3d9ed2447e95d2f060,val
data/raw/coffee___rust/C1P8E2.jpg,coffee___rust,C1P8,0b8f74a05d899d176ec168474d1325dc569eb407f1b4a3b2a1fa5d47994bd393,val
data/raw/coffee___rust/C1P8H2.jpg,coffee___rust,C1P8,4141d804ae182cfc240ee0ac617bd059055c93cd922f0e3f5887764dc13859a3,val
data/raw/coffee___rust/C1P9E2.jpg,coffee___rust,C1P9,32ef75b9eb654fca4ed8355e29a84d1ba9859b940b158a4d1e615e32d9ee9608,val
data/raw/coffee___rust/C1P9H2.jpg,coffee___rust,C1P9,7c28e103fc7d43e157fe96cf6a4d4454ba27b105fa16f0e727734153b59b2a83,val
data/raw/coffee___rust/C2P11E2.jpg,coffee___rust,C2P11,66f100a57e45befff155b44796e652b7bbdeb3d6fea3f48d70c5234e02a62c10,train
data/raw/coffee___rust/C2P11H2.jpg,coffee___rust,C2P11,36272ef270458636a86ea91eba4775fd0b64bfb931e7d7c67d5ee008cd7fdc32,train
data/raw/coffee___rust/C2P16E2.jpg,coffee___rust,C2P16,fde8d6bd65660ea4ee6d85a3bf7d2f586a678845e55c39b29bf9a11bfeec49b4,val
data/raw/coffee___rust/C2P16H2.jpg,coffee___rust,C2P16,ca494ec53ac86e383bde89d2285a18f9d14811824f52df09f9602928f9d640de,val
data/raw/coffee___rust/C2P18H1.jpg,coffee___rust,C2P18,5561a8c7755c817d94462f094d4e2062d98cf8ccd80c55e91447a262e3557780,val
data/raw/coffee___rust/C2P18H2.jpg,coffee___rust,C2P18,a6bb45745c5a323ee214552fc98c83ec37622de17c096030394072ff2e650ce0,val
data/raw/coffee___rust/C2P19H1.jpg,coffee___rust,C2P19,71cba6455faf1fda7247f383b64514988e9d61ba32a06b96f61fc53b85dd015d,val
data/raw/coffee___rust/C2P1E1.jpg,coffee___rust,C2P1,432a3439d8ccf085262992b9e6c84f0eeafbacb9b7eee4c5b81aeefc38aee019,train
data/raw/coffee___rust/C2P1H1.jpg,coffee___rust,C2P1,3554e96b27ac98b781419b4a48ff73c864be5fbc30fd6d815eda5d6a19a56d9d,train
data/raw/coffee___rust/C2P22H2.jpg,coffee___rust,C2P22,d360840c5f26461b788542b2873f8cf53fdcfa94b4c4ec4c6f495977b34fc4b5,val
data/raw/coffee___rust/C2P24H2.jpg,coffee___rust,C2P24,878e1b8917a97c40ff26c76299b761e10a395cf1948a05596d41fe2430f60850,test
data/raw/coffee___rust/C2P25E2.jpg,coffee___rust,C2P25,3bb105415fb644fe72d7431882a6263c2c6c877991eb47d0ed98050eddd5ce21,train
data/raw/coffee___rust/C2P25H2.jpg,coffee___rust,C2P25,97746bf3470e35ddb5ab0053abb4128c0c5300833bc1449ffadd4d4b1de3d6d6,train
data/raw/coffee___rust/C2P27H2.jpg,coffee___rust,C2P27,6356caa1922893d493d10abe751a0ea427ca74794cfa11a50b1e1c75a587e8af,train
data/raw/coffee___rust/C2P28E1.jpg,coffee___rust,C2P25,9a33e3d57a755acdcc96b2832e174d3e2ecf5a472acd010a477393f7f0f82a2f,train
data/raw/coffee___rust/C2P28H2.jpg,coffee___rust,C2P25,af4fede4354fd881c09c120296a84d3edccfac40c6c50ab07e7e25ec0bfdbf1d,train
data/raw/coffee___rust/C2P33E2.jpg,coffee___rust,C2P33,b9c346d84aeb97ab520197bcd141622dfe2edaf98338f774e546b92d6d1203b5,train
data/raw/coffee___rust/C2P38H2.jpg,coffee___rust,C2P38,31ab80416a7c227a9764d7df3eb9e66391bd6a976090d82a34a08a0fefa5d349,train
data/raw/coffee___rust/C2P39H2.jpg,coffee___rust,C2P39,00a0405927d1ba72b34c52c474817ea49ec42fadc2a6efe51ad78346a91c8cf4,train
data/raw/coffee___rust/C2P3E2.jpg,coffee___rust,C2P3,210ff62c12b6db9004ff4ca403695b5de9decff4e0226a21997cb4d7904150eb,train
data/raw/coffee___rust/C2P3H2.jpg,coffee___rust,C2P3,60c7897b7a66a88007eafe458f0d2a5b0603ba7cee966de02d0e9735d1cf842a,train
data/raw/coffee___rust/C2P4E2.jpg,coffee___rust,C2P33,ebfce16f80fcc72c064732cbb54b59d72d03b63d9c2b1b54ef7427f222ebb8d4,train
data/raw/coffee___rust/C2P4H2.jpg,coffee___rust,C2P33,97c664b08090d6738d07e6329d6b03a0809246a94b0520a31d8a4cfcd19bd868,train
data/raw/coffee___rust/C2P5E2.jpg,coffee___rust,C2P5,d57afa5ff2c46bd88384272470edd2a1b597b4076fafaf750722185c07f4f213,train
data/raw/coffee___rust/C2P5H2.jpg,coffee___rust,C2P5,c18a84eac265e8241439592d314747bb32c282aa595bb897ee6ad2a16e3ae652,train
data/raw/coffee___rust/C2P6E2.jpg,coffee___rust,C2P6,a56af6d53f117156531ae65842e96b7153ccb5fe975fe0c3962c911d33efe863,train
data/raw/coffee___rust/C2P6H2.jpg,coffee___rust,C2P6,f68938cbeb23df364e5da7e813bc8ae9632b769ba6db2a1fb6f73dc25e9ec4af,train
data/raw/coffee___rust/C2P7H2.jpg,coffee___rust,C2P7,83fab932d03b0c7fb0ca3baeb63f41f751405fe46b15f89a72d50c4953d54989,val
data/raw/coffee___rust/C3P10H2.jpg,coffee___rust,C3P10,341b56c7215f555831a9fb22e2e1ab5a21ac1806b72a6f26ef7e46ce52555dfd,train
data/raw/coffee___rust/C3P12H2.jpg,coffee___rust,C2P1,a395067049776bd83db6b28872a504bea5aea8441a4f8bfa89cc7b3f983e61e1,train
data/raw/coffee___rust/C3P13E2.jpg,coffee___rust,C3P13,a64b8cf345b1a129d7e1b1fdc7119c1cbfb16e806337ae9a6d84cf42956c24b1,train
data/raw/coffee___rust/C3P14E2.jpg,coffee___rust,C3P14,0561e96a4360aa4b1750a83127aca885cfabfda10972cb11bc32f50d9695bbfd,train
data/raw/coffee___rust/C3P14H2.jpg,coffee___rust,C3P14,574144c44350441b0ef70a61cd27e838e0979e36e234591b2aba544c66bb26b7,train
data/raw/coffee___rust/C3P15E2.jpg,coffee___rust,C3P15,448b234b0eb98e380274afc29b68e12f6022aee80f7cf031644d73ae1a19c7af,test
data/raw/coffee___rust/C3P15H2.jpg,coffee___rust,C3P15,2da36facfc3e0b2a6991c25f2b60353348791fb906236fd8f11cd1b0f21c47fe,test
data/raw/coffee___rust/C3P16E2.jpg,coffee___rust,C3P16,abe63677e3335f6b6c70d7c989b6c2e92b5d06eaa661c9c0d38bfa67615642e9,train
data/raw/coffee___rust/C3P16H1.jpg,coffee___rust,C3P16,9ea776ef608e34e50551a8719a9a8e9bc3dfd5830a3c36ebec6e2388b4fefa9a,train
data/raw/coffee___rust/C3P19E2.jpg,coffee___rust,C3P19,5041897b19aea56fbfeae9714047d504003972c8998d5e17d2eb1cf218f35c9a,train
data/raw/coffee___rust/C3P20E2.jpg,coffee___rust,C3P20,7def94a756c2b37fdaabca8034083bc89e37ebe97b24092f37c2b2602f000ba9,train
data/raw/coffee___rust/C3P20H2.jpg,coffee___rust,C3P20,d5a997b4490bf42e232bebcd0077f14ffe0b00910a99cc2c7e5e05b3f8e7a55e,train
data/raw/coffee___rust/C3P21E2.jpg,coffee___rust,C3P21,af341fd79b117444abfcaec37bceb15b012d40c910028d111eb39e846bf82dcd,val
data/raw/coffee___rust/C3P21H2.jpg,coffee___rust,C3P21,e7e10160d233c71c608dc55396d668135fae2fd07a54fb8485239652f2072b04,val
data/raw/coffee___rust/C3P23H2.jpg,coffee___rust,C3P23,419fc5659a4496399bdd44960b521d27c372b56a23f9c7f5a76718c1065cd2f3,train
data/raw/coffee___rust/C3P24H2.jpg,coffee___rust,C3P24,c1727206fb1952f57493da23fca2640e04d0af85042c2902e0a01440cda30138,train
data/raw/coffee___rust/C3P25E2.jpg,coffee___rust,C3P25,9f58172ffde9ecc120aeb21b2fa496c3778583bd50777bf18a34ecd263b2219e,train
data/raw/coffee___rust/C3P25H2.jpg,coffee___rust,C3P25,a0c5dd957d45f5c89b7a62e14ab2175d4b72a375541d74469665d4fc38b6bc0b,train
data/raw/coffee___rust/C3P27E2.jpg,coffee___rust,C3P27,a78d3b90d09b432b4119660b7ba4fd77ec7c64a682b3a74faaa822de59e62ec0,train
data/raw/coffee___rust/C3P27H2.jpg,coffee___rust,C3P27,1de26ee4bbf6d33ee4776d9ce8ece5cc499544428fe19eb81ef33af5180ef788,train
data/raw/coffee___rust/C3P28E2.jpg,coffee___rust,C11P27,95e41365a8b585c644532b3c29a2df00ec59fad21098e3403dfbf9463d37a874,val
data/raw/coffee___rust/C3P28H2.jpg,coffee___rust,C11P27,c24adc527229bc45b461be5faa0d2c90a56ed41b19dbfe43d76456d7d9760223,val
data/raw/coffee___rust/C3P29H2.jpg,coffee___rust,C2P38,574385cc5a64ae13cb2fc1c02468ea7f0924fa3400938735abee709c1e4d1b24,train
data/raw/coffee___rust/C3P30E2.jpg,coffee___rust,C3P30,edf00864e64211e3f5954ffabee78e066b3de13c5489fc7740f113a6d71ded53,train
data/raw/coffee___rust/C3P30H2.jpg,coffee___rust,C3P30,698b24caa3d8b46bc70a66bd244ebe4f31da0c667d169a5c2cb7750fc3488faa,train
data/raw/coffee___rust/C3P31E2.jpg,coffee___rust,C3P31,6637685597de2916726df270278f24d49299a7785f025d1f7e6a82f067bcf929,train
data/raw/coffee___rust/C3P31H2.jpg,coffee___rust,C3P31,b8d8fd89fcdbe2221117f0b5094239488364e5f0d7db59a8fb4487cd084935fd,train
data/raw/coffee___rust/C3P32E2.jpg,coffee___rust,C3P32,3c03cca128f1273b0123a6782e4c1705cef291e04722db2481fea0edf67d2d8d,train
data/raw/coffee___rust/C3P32H2.jpg,coffee___rust,C3P32,6e4a06dcd12692ee5e737850c26d06af5b1b6fb5c13256bea0ffa875679d9feb,train
data/raw/coffee___rust/C3P33E2.jpg,coffee___rust,C3P33,b7ddc06c368bcb62b76a19894e6cd554761654fa7f9974abaf145e4ee2ae3489,train
data/raw/coffee___rust/C3P33H2.jpg,coffee___rust,C3P33,cbdcad9f5f389f5fba0c802c78ca1917866c395c42f222230656fc81b0e7fb3d,train
data/raw/coffee___rust/C3P35E2.jpg,coffee___rust,C11P27,f8bab9bb5bf2fa88a94bb85436e907e8c02d166760cdbbdf4d6d5bc6544b4020,val
data/raw/coffee___rust/C3P35H2.jpg,coffee___rust,C11P27,7e9992f7bc85610277d859a73e59292e741516563c4d285f9060bebea48b5c3d,val
data/raw/coffee___rust/C3P37H1.jpg,coffee___rust,C3P37,887ccb2c6843ac28245340766df635019dc83c92301ab76df98db50ce6290108,test
data/raw/coffee___rust/C3P37H2.jpg,coffee___rust,C3P37,50286c8cfc3ff4eebe0c6ee36083a5a724fb275adec808fe3e5e2d80bc930755,test
data/raw/coffee___rust/C3P38H2.jpg,coffee___rust,C3P38,7e21e033d955dccafcc59c4031047cf631b80883e35c979756647dc3e2082784,train
data/raw/coffee___rust/C3P39H2.jpg,coffee___rust,C3P39,2ae2073af64f17fb43060fa8e9ae99338a330465b7d52670148d7efd9532aea3,train
data/raw/coffee___rust/C3P5H2.jpg,coffee___rust,C3P5,d8aabbabd0f7550946fd516832df12d7bfe2e642d7379b9f78e9f5867e175ed0,train
data/raw/coffee___rust/C3P8E2.jpg,coffee___rust,C3P8,9455ae694c5985e427fc5acfcc241d2b93b2fc3ae2096c25e1358360c639a2d5,train
data/raw/coffee___rust/C3P8H2.jpg,coffee___rust,C3P8,c9c555cdabe549d26cb94453238e13791b332276323f72ab75808c1e8d960c77,train
data/raw/coffee___rust/C3P9E2.jpg,coffee___rust,C3P9,b39d2fdcbbf9128ed00df91a35e91e4d1f09d24e12da3e920ff0392ef993cc0f,train
data/raw/coffee___rust/C4P11E2.jpg,coffee___rust,C4P11,7bb7dc9c1053793af74b0b03e8bf38187506779d907827203d052c2acb12e9c4,train
data/raw/coffee___rust/C4P12E2.jpg,coffee___rust,C4P12,8c865dad9dfd99374fb4e098e963d6f1b8ad826ff97f377f99ac48147d114720,train
data/raw/coffee___rust/C4P12H2.jpg,coffee___rust,C4P12,5c4a0254a134f283946d76a71942f9d8570d0e1ec89a0157bce27ee987d108eb,train
data/raw/coffee___rust/C4P13H2.jpg,coffee___rust,C4P13,f0aad0b5eb2b4e79e0561ac87a584aa229d7ce98cbfe1411640b5306c9bbab81,train
data/raw/coffee___rust/C4P15E1.jpg,coffee___rust,C4P15,d4ef6603cf34ca4139153c0a5121d740074774d7679fee2088a0f34661283663,test
data/raw/coffee___rust/C4P15H2.jpg,coffee___rust,C4P15,a95f32867b955b598bf91aac7731c0a25deee686ea1297e8aeecd0e520a43bff,test
data/raw/coffee___rust/C4P16E2.jpg,coffee___rust,C4P16,eed953c5567174bf4620dc3aa70f2a1315669943f13692f90da07efd79ee302d,train
data/raw/coffee___rust/C4P16H2.jpg,coffee___rust,C4P16,5e9aee6d0e8bd20c0e797276241a2c78052a88187645ba95d25d75b4c8c2cd26,train
data/raw/coffee___rust/C4P17E2.jpg,coffee___rust,C4P17,1278d597ac2f0fb863b6ed79dd4f334618b31b39eb9001a6e29df96ce9110bbb,test
data/raw/coffee___rust/C4P17H2.jpg,coffee___rust,C4P17,9a6a8f1d6c61c48f5dbed97d0969fd98e870e9a55d330b5ec64ff1041b957006,test
data/raw/coffee___rust/C4P18E2.jpg,coffee___rust,C4P18,59172814125bf43a326a27d4c8083b6d189ea19576588d780dbb6ca2c31d30a8,val
data/raw/coffee___rust/C4P18H2.jpg,coffee___rust,C4P18,2e6c111eb2baebdecc69c669d969b435ca00996b47dfc04f733ef460b8adda6a,val
data/raw/coffee___rust/C4P1H2.jpg,coffee___rust,C4P1,844985277a0de3d6430f8394373c87858cca104382ab08ac73c670fc77e6af6e,val
data/raw/coffee___rust/C4P20E2.jpg,coffee___rust,C4P20,4ac006ad17f61abde655c6c31cdcceb03e45cd065a924634c497fbb1abb1fee8,test
data/raw/coffee___rust/C4P20H2.jpg,coffee___rust,C4P20,b18603319cb223b2bc33b6ee31b23a1cb31afe33d47e8b5126fe932ae5a115df,test
data/raw/coffee___rust/C4P21E2.jpg,coffee___rust,C4P21,bb93fa0ffce116ac454602b064d9aba2ccd36b0062074ff5586eaa4f3601fe5b,train
data/raw/coffee___rust/C4P21H2.jpg,coffee___rust,C4P21,30d0d1c6b173dcf55a7e81ac609c7f0d8249fac50640d75a8cbc1630f9664911,train
data/raw/coffee___rust/C4P23H2.jpg,coffee___rust,C4P23,927c2a9dc5bc6c3b595baa0777e5f7612553b8994d9bb5f1c2aac8486a689572,train
data/raw/coffee___rust/C4P24E2.jpg,coffee___rust,C4P24,9cea8d73a3360e8a9dc73fa0a22f9e7017340d30e6414e6012752755d2cd17ce,train
data/raw/coffee___rust/C4P24H2.jpg,coffee___rust,C4P24,d2c7ab0f8efc39101f86048e81b933d574a022bc769f14106fded4c7c994cd3a,train
data/raw/coffee___rust/C4P26E2.jpg,coffee___rust,C4P26,85bdd8ee85bf680680491d4310cabeeb4ad443a83add7cc6a33209a9c2d3f550,val
data/raw/coffee___rust/C4P26H2.jpg,coffee___rust,C4P26,182a801132df655a2cc49209a97d9a8f115a78900b520aa27753b2daa7e583b9,val
data/raw/coffee___rust/C4P27E2.jpg,coffee___rust,C4P27,dd983e31c6366ce9280da4449dc308da3f7eec4eb7aef1f01b9d9b1376fbfe09,val
data/raw/coffee___rust/C4P28H2.jpg,coffee___rust,C4P28,efc62b0d9d3dad1e2e2f91676e5f0d3ffa256860343ae62b3dae2302f74c947b,test
data/raw/coffee___rust/C4P29H2.jpg,coffee___rust,C4P29,86e34b375050372065d28f5cc71a4d5d7fae51d4c858de147d8772dccc5b924a,train
data/raw/coffee___rust/C4P2E2.jpg,coffee___rust,C4P2,04bc67560bdb92b1615e523aa12801d8a723d189db4916c86252d762733bc210,train
data/raw/coffee___rust/C4P30E1.jpg,coffee___rust,C4P30,50dd9c658dc0ff8959a91513f8494364d93faccd071df9a18cf0d99e15f1851d,train
data/raw/coffee___rust/C4P30E2.jpg,coffee___rust,C4P30,a4557c6c3c3f7e8b83b3fe1ad17597d05ac2f291011cec1e8aa6e80bc197e23e,train
data/raw/coffee___rust/C4P31E2.jpg,coffee___rust,C4P31,ce07a026995b8f23963b1d032262bb09734c28da7520d477a9460012e5dc4b66,test
data/raw/coffee___rust/C4P31H2.jpg,coffee___rust,C4P31,e711c8a08c828f45283d77bc2aa05c62dfbd11e58bc11383d3622d30decb104d,test
data/raw/coffee___rust/C4P32E2.jpg,coffee___rust,C4P32,0946e7c1beb8be47110aa7dea1673d316eac5278515cec8adc98d9fcd0d8773e,train
data/raw/coffee___rust/C4P37H2.jpg,coffee___rust,C4P37,cc2759895b3dd946707affbd311652cca191a5228e814425cb17ee5934810ab5,test
data/raw/coffee___rust/C4P38E2.jpg,coffee___rust,C4P38,392916ed751783d0791283d5c92beb6c20180f4c9cfb53624c11d3b9ff534a3d,test
data/raw/coffee___rust/C4P38H2.jpg,coffee___rust,C4P38,2ff64860a8291834b3a015b57f0c37bada0325d0c9f63a66482c8583cbb441b2,test
data/raw/coffee___rust/C4P39E2.jpg,coffee___rust,C4P39,7db02fb3c21801946bcaaf8832d961b37b649dd9b879bab1f48de52b523063a1,train
data/raw/coffee___rust/C4P39H2.jpg,coffee___rust,C4P39,5587d4072587047fb4283d42a0b05f1822ed41e8ab95c23255a9cd388799b516,train
data/raw/coffee___rust/C4P40E2.jpg,coffee___rust,C4P40,17bc7d6fca14c3d47f493718e5dca5b8a676c21cdb0abf2d323599d4e66409b4,val
data/raw/coffee___rust/C4P40H2.jpg,coffee___rust,C4P40,c28875b35e8e3835466f3287e070eee8c80016d5a5f1fb5e4d5990f2ff546045,val
data/raw/coffee___rust/C4P4E2.jpg,coffee___rust,C4P4,b48efc33e4c3c0452942a1bfe1a1a8f11609e8083ea6a1e7e2383f0e5bd2dd16,test
data/raw/coffee___rust/C4P5H2.jpg,coffee___rust,C4P5,217c45da64a3fe5aaccaf183f6a3e85b50d43bc9aefb5c2b1356baf251ccf50f,train
data/raw/coffee___rust/C4P7E2.jpg,coffee___rust,C4P7,e8f04b857924baf3031882944ff6208184db0995bf5859eef951c42937176589,test
data/raw/coffee___rust/C4P9H2.jpg,coffee___rust,C4P9,a22b625b65a1aa9644916e39787621a58f930deccd20eee3a98278d6b8cc1f62,train
data/raw/coffee___rust/C5P10E1.jpg,coffee___rust,C5P10,c10289cf479fd8c3219128a5eeea799241b80f12d7ff1bd43eb781c9b6c35d73,train
data/raw/coffee___rust/C5P10H1.jpg,coffee___rust,C5P10,5b1767a961c9a97d70093218360fe7b480ad883c9d96ebd15da38f43c6827f52,train
data/raw/coffee___rust/C5P11E1.jpg,coffee___rust,C5P11,8e3df57d4c045bd8f276f14413a9278ca282e75244417f36f6462358a36618a1,val
data/raw/coffee___rust/C5P11H1.jpg,coffee___rust,C5P11,b7f61f43ed232c35c819510f93f95fb6ad02061339d94817d819eef271c57d3e,val
data/raw/coffee___rust/C5P12E1.jpg,coffee___rust,C5P12,0e9404f9bf80cfeed44a091b4fabe4210b1eef8d635453ff5458e8cc8fd28b88,val
data/raw/coffee___rust/C5P12H1.jpg,coffee___rust,C5P12,8ef9a97c84d901675303142f6659d5127890905e22f038bbeac23a6670a4fd5b,val
data/raw/coffee___rust/C5P13H2.jpg,coffee___rust,C5P13,3eefa0cf1dc77301a743db0776fdfa8a9f0ef4f69cdfd7daca376315b31fb5bc,train
data/raw/coffee___rust/C5P16E2.jpg,coffee___rust,C5P16,3dcd714d3ad43711630dbc605c8cc233fc93e7ece89d94bde14b91cebd22fc94,train
data/raw/coffee___rust/C5P16H2.jpg,coffee___rust,C5P16,07de992b3492ddb3ac1a09ec179714fb2ec19f60306a3c9651fc0b4b4c44d1bb,train
data/raw/coffee___rust/C5P17E2.jpg,coffee___rust,C5P17,4b15f2b4cc89f33176406db4787731d63756c5696416d4ec9b2b9b155a900225,test
data/raw/coffee___rust/C5P17H2.jpg,coffee___rust,C5P17,9d6297d62c90bbacd8186373391513f44f5ea273fd408a2247a0db9f79515bc3,test
data/raw/coffee___rust/C5P18E2.jpg,coffee___rust,C5P18,31528486f375d3c627c7423b00abda89b03749fb968de60f6edb1c1e724737e6,train
data/raw/coffee___rust/C5P19E2.jpg,coffee___rust,C5P19,4b94b90eb2a093603c25ea5c2110f524217c66762c77607989f9412e587f8aa6,train
data/raw/coffee___rust/C5P19H2.jpg,coffee___rust,C5P19,68bdd22b60c90bc953428463d79b94481b5defcf889ac2e3d7d89e35ccf14edc,train
data/raw/coffee___rust/C5P21E2.jpg,coffee___rust,C5P21,1ca541110db52f7fa91641ab63c95d78fe82345cc80b25561c1b427aa958d450,train
data/raw/coffee___rust/C5P21H2.jpg,coffee___rust,C5P21,10cb4878a0c43d670da479cdcb407c187b4cfd14bce82cef6016a3cdb0872a49,train
data/raw/coffee___rust/C5P22E2.jpg,coffee___rust,C5P22,d69318c133ee7644b44e61691f45b06df4b3703ee0dbbeaeb9b86679ab2d4bf9,test
data/raw/coffee___rust/C5P22H2.jpg,coffee___rust,C5P22,c3e0f267701531d5cf4fa2b74eb487d82822666c348f701002bb86dc4a468895,test
data/raw/coffee___rust/C5P25E2.jpg,coffee___rust,C5P25,f01c27d4f618a77c18496b5169f5cbe865cffb9e52f64d2a64be7721a5378684,train
data/raw/coffee___rust/C5P25H2.jpg,coffee___rust,C5P25,bac1eab3b7a3f9fb0ea7e47ebb43cece4f3239356639089d1a0606562e54a09b,train
data/raw/coffee___rust/C5P26E2.jpg,coffee___rust,C5P26,5e66642da9a4f32a3246155efbf030fa9e1f4bbe17aa9b8171f7d97c8dee20f3,train
data/raw/coffee___rust/C5P26H2.jpg,coffee___rust,C5P26,d5d168fdb815fac1f7fc1488aeb380739cd1519e3b672d9d70a8206ecb683a64,train
data/raw/coffee___rust/C5P28E1.jpg,coffee___rust,C5P28,b343271f4c2d5fe4c3c1847c3a587bd6b2b4a548dcdf6ee5dbf0e1857ace0ee9,train
data/raw/coffee___rust/C5P28H1.jpg,coffee___rust,C5P28,89ce4e6395e832a640b6819b9d3b77f73e56aeaf69f3fab0540cd6391ad2c470,train
data/raw/coffee___rust/C5P29E2.jpg,coffee___rust,C5P29,c057c386fea59127595cec8c56450f9ddf2dd045d618cbde9df1889d45dafc6a,train
data/raw/coffee___rust/C5P29H2.jpg,coffee___rust,C5P29,61b7371e275c19687b22d341bad7f4c11b0115cbbc908be6f21605042859dfad,train
data/raw/coffee___rust/C5P30E1.jpg,coffee___rust,C5P30,ea9139cefce185849f4efa017498cd37b936b49d846db9963abeff5a84b05107,train
data/raw/coffee___rust/C5P30H1.jpg,coffee___rust,C5P30,07a364454ce94dd2ba49e4aeb109607a8eab154f49b951318c491bd6f6f36765,train
data/raw/coffee___rust/C5P31E2.jpg,coffee___rust,C5P31,9fc7598394a10ac33c428a443aa7332a3cc681ad477ddd12ab69e3c47bcbd570,train
data/raw/coffee___rust/C5P31H2.jpg,coffee___rust,C5P31,7b3e874acea8bb2678193bc09e1624f0f932525b348cce6a53cc7eb1ec2d4251,train
data/raw/coffee___rust/C5P32E2.jpg,coffee___rust,C5P32,f6e762b19b2c9da2a3328759fc8eb3b649412cee74674fb2225927666ab7967d,train
data/raw/coffee___rust/C5P33E1.jpg,coffee___rust,C5P33,3c98a53e68c6bb474a4e2660e2cd9f7c0ad73fcf8185ebf4dfd4946a24025dbc,train
data/raw/coffee___rust/C5P33H1.jpg,coffee___rust,C5P33,e1fa1e9afc98c2d0daf4aafe76d6aacb3fe755412433b116581ee87bc505d183,train
data/raw/coffee___rust/C5P35E2.jpg,coffee___rust,C5P35,56eae94525cf3676613e1a580e11acda3bf4d93ccc2b1cd0771c7de13a6fa445,train
data/raw/coffee___rust/C5P35H2.jpg,coffee___rust,C5P35,bc72030e68f146186ee75c4dac2d38860f3130c641314d704d38658761f1a3d4,train
data/raw/coffee___rust/C5P37E1.jpg,coffee___rust,C5P37,a465706826e4be915df08abb1e560c63fc8e0d6690b628e11f4c6fd24611a5a5,test
data/raw/coffee___rust/C5P37H2.jpg,coffee___rust,C5P37,d2ea791411a81e5b9543c5f5cebe3b4b06d61ac5911182c3fa445761cd696074,test
data/raw/coffee___rust/C5P38E2.jpg,coffee___rust,C5P38,32b64e689e9eb5ec1436984d636a8238e4177bcd10713f69453fb4339f47b5fc,train
data/raw/coffee___rust/C5P38H2.jpg,coffee___rust,C5P38,7eb90ef7a6897ebd564e06fe016dfcde461fbbabef264bd78b972cdc86278014,train
data/raw/coffee___rust/C5P40E2.jpg,coffee___rust,C5P40,5fa4ab18eef09ab27fc22e4850018f4be6f7e23ccd567b7ec94486ff0f300a38,train
data/raw/coffee___rust/C5P40H2.jpg,coffee___rust,C5P40,4f9367462c272d9325764689c597f992d9bbd6ab7dab4e8d68f633d71d2a9c28,train
data/raw/coffee___rust/C5P4E2.jpg,coffee___rust,C5P4,7323913f0dc2f096ea431184f758cd4108952ea209774ba4967e9492fe41285b,test
data/raw/coffee___rust/C5P4H2.jpg,coffee___rust,C5P4,9c2a5c47a31545573bf5665a2997e401f1cf5b54b12a6f95f3929a158f39fbaa,test
data/raw/coffee___rust/C5P5E2.jpg,coffee___rust,C5P5,b166f7ef019848aa1e59ad4ad563228c390314664d75e6644d9690ad2cdb5cea,val
data/raw/coffee___rust/C5P5H2.jpg,coffee___rust,C5P5,c08a1a41a104e7a3d6a6884ae03bf8032f0a388de8db151fd676a770d905faf2,val
data/raw/coffee___rust/C5P6E2.jpg,coffee___rust,C5P6,e6fafa177dcb3628958aea11528d4c2383617eb18f77627d5aa9bbbb9e72cd5c,val
data/raw/coffee___rust/C5P6H2.jpg,coffee___rust,C5P6,504c3e975e905e6e8cb1fda019d555e92a57e48db6fefc7dc83eac63790ed6d2,val
data/raw/coffee___rust/C5P7E1.jpg,coffee___rust,C5P7,8feb47eab633b43ad87332ee0a7fdaa2f7b952605d5dfbdef1a2abf810eeff80,val
data/raw/coffee___rust/C5P7H1.jpg,coffee___rust,C5P7,c199c166540e95268befc80886912a069b107093890b576df6195fb2ba576758,val
data/raw/coffee___rust/C5P8E2.jpg,coffee___rust,C5P8,4c5b34e0c471fe30dc975c00fbf29c510cdc45875f20540e388efae0075bdd30,train
data/raw/coffee___rust/C5P8H2.jpg,coffee___rust,C5P8,ea3d265bf5773acde226a67e4b62b0c6033b91b53771e18221fc701441ae9e9c,train
data/raw/coffee___rust/C5P9E2.jpg,coffee___rust,C5P9,90d12740e74705ddd10f95f59ed5a8cb5476e9c45f31293349d1455701d7ce08,train
data/raw/coffee___rust/C5P9H2.jpg,coffee___rust,C5P9,09fc4c019fb113b8df97542ba1d1322915cd9a745393ea665d8c7133b68a104e,train
data/raw/coffee___rust/C6P10E2.jpg,coffee___rust,C6P10,f9f079ca4e8f750ec103252e9b300c1dab1f0db1bf332759d4a181c8a65141e3,train
data/raw/coffee___rust/C6P10H2.jpg,coffee___rust,C6P10,bc54d56df76ed851ec918218b36243b1c76d8f8d59ba54b7ae406f8c1756ab61,train
data/raw/coffee___rust/C6P11H2.jpg,coffee___rust,C6P11,f8c6e8b11813be0d2581666757a0fe68c8f15e5cb61383256653c8ada39f232e,train
data/raw/coffee___rust/C6P12E2.jpg,coffee___rust,C6P12,acefdc80dac534e1474752fcbf825a967212b4d1bde8756bdea3094babc2bb5f,test
data/raw/coffee___rust/C6P13E2.jpg,coffee___rust,C6P13,9cdf89eb352ae788b5e3001a4f25cb6828e22cf8ec06ebc5df69aab667acae45,train
data/raw/coffee___rust/C6P13H2.jpg,coffee___rust,C6P13,ec1d603e587639234b038f259c7c14c9a0a1e58cf6959295a7d493c760ace463,train
data/raw/coffee___rust/C6P14H2.jpg,coffee___rust,C6P14,b71be6bcaeab606ffe08ae04a89a5ec89259f6e0a406c5c9914b7fd7408cba67,val
data/raw/coffee___rust/C6P16E2.jpg,coffee___rust,C6P16,945b611703224aea4ae8fefb3f6a61f391b5620a9bd60ef8871e5c4825f47a33,train
data/raw/coffee___rust/C6P16H2.jpg,coffee___rust,C6P16,5f046a3de0025f92bb53eb9e1405b8de977a7d4747f041b1f5274b4cd48f73eb,train
data/raw/coffee___rust/C6P1E2.jpg,coffee___rust,C6P1,75b82a4280d416c70644cbb40aea863018b89340946d01171f47144839305d69,train
data/raw/coffee___rust/C6P1H2.jpg,coffee___rust,C6P1,91fc6fa1a0e04f97f560389a41ab82c47def744579e2ae921208256492976dad,train
data/raw/coffee___rust/C6P20E2.jpg,coffee___rust,C6P20,7a5ae2fa0fd0af6063a60aee71b1e8616a644db714254529219e4b6da3738b4a,val
data/raw/coffee___rust/C6P20H2.jpg,coffee___rust,C6P20,7c27675e8d71ab2063c65d7725dcba90ec472867dee6a56b00eda563e1a4f86a,val
data/raw/coffee___rust/C6P21E1.jpg,coffee___rust,C6P21,f37e52a2a67b52168171e1062e26452c79f266dcf199f6c16af8e9f6fb337ff9,train
data/raw/coffee___rust/C6P21H1.jpg,coffee___rust,C6P21,fa6c52351450d8313cb6c899b34477ce9473ef99e2ab4a6f8e937d74afa46a49,train
data/raw/coffee___rust/C6P24E2.jpg,coffee___rust,C6P24,7e01a358745871d25a8d7726b9d2cedef383e7338ad26a74c5ac8c0e56ac5040,train
data/raw/coffee___rust/C6P24H2.jpg,coffee___rust,C6P24,610dc68193558dbeb818ae205ef989cf6bd8ae325a80ade6ffb0745522ed69cc,train
data/raw/coffee___rust/C6P25H1.jpg,coffee___rust,C6P25,7a64bc84ed990d05eb5fefebc47d934cf24cf10b6399d616a068b52457d0ced6,train
data/raw/coffee___rust/C6P27E1.jpg,coffee___rust,C6P27,7925b47018e3a4c417fa7f45614d563b1a28f838af8bce1815b1a0600b1b58f7,train
data/raw/coffee___rust/C6P27H1.jpg,coffee___rust,C6P27,2378402f45630cf7dc777d08dc6fe6780b9a277546c41058255ac0bc6f40d6da,train
data/raw/coffee___rust/C6P28E2.jpg,coffee___rust,C6P28,aa6685d5d65fb434274f69c19a30e685985f99b6247d307c9b20bad601eadced,train
data/raw/coffee___rust/C6P28H2.jpg,coffee___rust,C6P28,fe35073f424b205bac94d35c5b8dd12cb6cd64bbc9b68aaa222f407b0755919b,train
data/raw/coffee___rust/C6P31E1.jpg,coffee___rust,C6P31,242b0ccbebae5c14c31e82dd6b93fcd7fda8e9fcab77e7d42f5e5402ae74026c,train
data/raw/coffee___rust/C6P31H1.jpg,coffee___rust,C6P31,8001f01057c582140dab39c0a41fe2d310f4725251256541775284b2bb8187c9,train
data/raw/coffee___rust/C6P32E1.jpg,coffee___rust,C6P32,31b21e76d103ed3f98027caac613ee14d50b03e8ef9f353921f9a9aa6b985f65,train
data/raw/coffee___rust/C6P32H1.jpg,coffee___rust,C6P32,f1a20b20c6ea9d9acb56b3eb65a4ffd0749a7a3fa75e90a2d567e7e9262a8f36,train
data/raw/coffee___rust/C6P33H2.jpg,coffee___rust,C3P19,54465a0a2ee2d6f02c7e8425624e1de2ff9024f0169cf007e50bb5187bef52e6,train
data/raw/coffee___rust/C6P34E1.jpg,coffee___rust,C6P34,90a35da93845fe5cb725a7d9598917b12c9b00d7ebfb77da4a6061c38f980c7a,train
data/raw/coffee___rust/C6P34H1.jpg,coffee___rust,C6P34,fef76167ec75b51fd3c7d2df2d0d637003285ff5d9d928f2aeefb2c1fdd344f2,train
data/raw/coffee___rust/C6P35E2.jpg,coffee___rust,C6P35,ecb0eb72e4187a303549b100e179dd093a6c1ce1b133c1a3497cdbf0b1c5667a,val
data/raw/coffee___rust/C6P35H2.jpg,coffee___rust,C6P35,8a75d7585d71eacb5cdfd3d0f6bf2e1e2f1af6174583d876159512393adb6c8d,val
data/raw/coffee___rust/C6P37E1.jpg,coffee___rust,C6P37,92b599ebab7bd9c31973d1725b2a1bd66e164b4c884de1b282db0e1ec44e5748,train
data/raw/coffee___rust/C6P37H1.jpg,coffee___rust,C6P37,58b4f105eedc9bc3ff35b3a04eccf6485aa10792c878ea8f56e315ed8788246b,train
data/raw/coffee___rust/C6P39E2.jpg,coffee___rust,C6P39,9568eed8d783ffeaab2e7aa44295aa6c909dc2305f6cc637be42c8689fe648fe,test
data/raw/coffee___rust/C6P39H2.jpg,coffee___rust,C6P39,588124171dfb34a22c908bb93f77724ec88299ef4c8c048b49bb1d06a8fd0d37,test
data/raw/coffee___rust/C6P3E2.jpg,coffee___rust,C6P3,80cd53fd6555938945023039b949777d43ef49fe2f131e3a58d98dbf8a5f08c2,test
data/raw/coffee___rust/C6P3H2.jpg,coffee___rust,C6P3,9ed3d1d27731712b58e9bf5f4e1850cc9463dd7e39cc6e047f7977b52c6b52c2,test
data/raw/coffee___rust/C6P4E2.jpg,coffee___rust,C6P4,1b33726ca30990573a26cb1017170c87d98a3a93693a34305382413f48d02689,test
data/raw/coffee___rust/C6P4H2.jpg,coffee___rust,C6P4,72bdaaaf6c09f2f5e29667d6b5dca68a5dabd2a094f8d836f943845c419764c6,test
data/raw/coffee___rust/C6P5E1.jpg,coffee___rust,C6P5,7004d9d81aed2c8cd20b47722da7edf28d64121714412bdfbe9a4985373f8fb3,train
data/raw/coffee___rust/C6P5H1.jpg,coffee___rust,C6P5,353126ca7e306937d860f411b1bb61d8986267d500dfa387bcae0496b26b8029,train
data/raw/coffee___rust/C6P6E2.jpg,coffee___rust,C6P6,fcc9ca0822bfe9e0b3bdb0a969200482891003a0c303f3bc2cb07f38a63fc5df,val
data/raw/coffee___rust/C6P8E2.jpg,coffee___rust,C6P8,2989fb7d2a3b67124fc63cc17b6f173be451d740500bed9acc860aed7cd07c47,train
data/raw/coffee___rust/C6P8H2.jpg,coffee___rust,C6P8,30212c8af3a0e3fc0d9ddf7c62b92703f59b024aabc8f0c6475f1e81d118f178,train
data/raw/coffee___rust/C7P10E2.jpg,coffee___rust,C7P10,5dfea5b8c71289d6474741648660f2a892d21b841724b1ef2ea937872392f32f,train
data/raw/coffee___rust/C7P10H2.jpg,coffee___rust,C7P10,1eb8df53e659129f3e69bd6096378d8ad72b212ee778185748ba3d10f1433d88,train
data/raw/coffee___rust/C7P11E1.jpg,coffee___rust,C7P11,6e08009b563c164f722abb774aae0c045e3ea87c058e912a8e722572ae8da104,train
data/raw/coffee___rust/C7P11H1.jpg,coffee___rust,C7P11,512b04a30a611a74ecc78c443c81846d13c8ee2385f16c966289697f0cbd38c7,train
data/raw/coffee___rust/C7P12E2.jpg,coffee___rust,C7P12,46bd79a063628c4f8130e82d6ad5022d7a3858c740764d854690f574844d4295,train
data/raw/coffee___rust/C7P12H2.jpg,coffee___rust,C7P12,4f5da8b8a4f1265dd636c4d9bb63f52cab5be599890c54d46f13ac63fdd30f8a,train
data/raw/coffee___rust/C7P15E1.jpg,coffee___rust,C7P15,61c20cd5218c859ff2e873f422ce8f2ff203294cc54de0be5c7edd1d3462aea4,train
data/raw/coffee___rust/C7P15H1.jpg,coffee___rust,C7P15,e40c66a9610c21b1eda83e621d4c0fe3f2b26fe2f041a0926a6d8aca991f7c0b,train
data/raw/coffee___rust/C7P16E1.jpg,coffee___rust,C7P16,d0e8062cc75884baaff0f2915565aee90bbb94851c04f5ee0d6eb8b34ca0f3c4,train
data/raw/coffee___rust/C7P16E2.jpg,coffee___rust,C7P16,36fdbbadba63ca55678153123b9650219d3cf392d158f85318a2a5b21aa08522,train
data/raw/coffee___rust/C7P16H1.jpg,coffee___rust,C7P16,06406a54c49adaf00ded8a04b87c803fce247673ddf7c9d4b05bd1c6bf47e37a,train
data/raw/coffee___rust/C7P16H2.jpg,coffee___rust,C7P16,1c6544ea0a6b3bf184c8072a0cc0af4ef459ffc688f429deffd10dab2edfdfe0,train
data/raw/coffee___rust/C7P17E2.jpg,coffee___rust,C7P17,aff01127c7cee94f8ea157be391be70937f096b0b6015d96bb389211766a6eea,val
data/raw/coffee___rust/C7P17H2.jpg,coffee___rust,C7P17,9fd92c323d44d3ab36f837c4631bca3ead86b039ad29763893f0ff260be86b5a,val
data/raw/coffee___rust/C7P18E1.jpg,coffee___rust,C7P18,e1906b86963e9d04898ebf9fcaf0218523ad8135aad210c9287a2192fc371b4d,train
data/raw/coffee___rust/C7P18H1.jpg,coffee___rust,C7P18,1fab589aafda49f682239ee003645858e293ceae08b06fd3958d39111523ee55,train
data/raw/coffee___rust/C7P19E1.jpg,coffee___rust,C7P19,133cd6cbb7a902d74bd6bf011dc043ba50784fa8778dd92efcfed0a91892cb2c,val
data/raw/coffee___rust/C7P19H1.jpg,coffee___rust,C7P19,7747bdcc40334de897a962f725f7b356eda40ffdc3fcb0a6a1ceadd94d068019,val
data/raw/coffee___rust/C7P20E2.jpg,coffee___rust,C7P20,2c5465e3052bf33832ce12aa322e8f4c73a7d41493cddad010a06c3ab29e65ac,train
data/raw/coffee___rust/C7P20H2.jpg,coffee___rust,C7P20,c65195922988962455194f23a6f66d5f98afdb73834677af9c196594527488b1,train
data/raw/coffee___rust/C7P21E2.jpg,coffee___rust,C7P21,e92b023b950e52214f84d5e59932deafdfd6bfa3d4d769293c28195c64519164,val
data/raw/coffee___rust/C7P21H2.jpg,coffee___rust,C7P21,a0b045b33cabc159a08eea2a6f0457801e517ac6565a5c4c080754e8116b5db7,val
data/raw/coffee___rust/C7P22E1.jpg,coffee___rust,C7P22,b389cbeef41155735d79fd71d86d5503ff8339de11f5e2dfc9833659c6c634be,train
data/raw/coffee___rust/C7P22H1.jpg,coffee___rust,C7P22,033ce52743cfea07af630525042eb32d0521f048189b1e6704bf25eedce5e8b5,train
data/raw/coffee___rust/C7P23E2.jpg,coffee___rust,C7P23,459c80049cde35a6b9ffb275b20ce848f67ba79bb032825dca7ec513d5142a94,train
data/raw/coffee___rust/C7P24E2.jpg,coffee___rust,C7P24,c9805828eab0c75e32b5aba3e3432b07cf608e77fa09d4684895f19efc0f8cc6,train
data/raw/coffee___rust/C7P24H2.jpg,coffee___rust,C7P24,2030d7bdef67415daff4fe60069736cf4e07f54d30efb8f9e89b3805f68709fd,train
data/raw/coffee___rust/C7P25E1.jpg,coffee___rust,C7P25,f691da5e139e11adac761bf59b3f0dd31d8f779c5c407fbd1e8d61af7d7fff72,train
data/raw/coffee___rust/C7P25H1.jpg,coffee___rust,C7P25,c503bcd0b2d4d02810fc6cbf2f72221b8137dbb73cc8e7b0bc45d568f68dd408,train
data/raw/coffee___rust/C7P28E2.jpg,coffee___rust,C7P28,d66009ea7991aacfc73c671903d7f9fc69d8effb316027863e7bf5201d59e186,train
data/raw/coffee___rust/C7P28H2.jpg,coffee___rust,C7P28,a870c59bcc73149ac7c0c20053e451e25ed00a9661cb8f38e8787c9527bea698,train
data/raw/coffee___rust/C7P29E2.jpg,coffee___rust,C7P29,c22494020459472e29e58557f3102b2ac132c8426bcdfb621c8d1aca26698a62,test
data/raw/coffee___rust/C7P29H2.jpg,coffee___rust,C7P29,8c132d43535d810af3b54c8e2df4ce0b48fd5d5e304cc5b72c57350f42721f2a,test
data/raw/coffee___rust/C7P2E1.jpg,coffee___rust,C7P2,7fa3187f9ec000afb217cbfa9a3e46b6a5498b8884e4c5f16fe79d3ff253a75a,test
data/raw/coffee___rust/C7P2H1.jpg,coffee___rust,C7P2,d81a2a7e5a3d8e4959b46be90b4e2e8df36617ca27d1b8c5a56934d8ccc25730,test
data/raw/coffee___rust/C7P30E1.jpg,coffee___rust,C7P30,2125a41b7a0b2b0be4de9fddc230f93a17cc8da891eb92d4d3c175e2e290efc4,train
data/raw/coffee___rust/C7P30H1.jpg,coffee___rust,C7P30,d4eb7531bf228324d8473399549284ddede93a090b0d80486a56bcc82717357d,train
data/raw/coffee___rust/C7P32E1.jpg,coffee___rust,C7P32,534f5ebc7ea78f8af27102196ebd11f75df12b745f369114139ff6478651e36d,train
data/raw/coffee___rust/C7P32H1.jpg,coffee___rust,C7P32,8204bd3a25ad187b9bcec07474e54b9c36390f6cd3cefed48c3fd1725046fc5a,train
data/raw/coffee___rust/C7P33E1.jpg,coffee___rust,C7P33,a4b858ce1d4216b41648c4ce20be2023e4fe64ee73ae2fc77642eb909a24b0fc,test
data/raw/coffee___rust/C7P33H1.jpg,coffee___rust,C7P33,331b3d139b595ca9ef10246857bd24eafffcaebacace2ea0a42d7964313dcea0,test
data/raw/coffee___rust/C7P34E1.jpg,coffee___rust,C7P34,25bfafa67877a2ae17acd6481af9bb169d267bd4e904b8ec5c35a40561791a4d,val
data/raw/coffee___rust/C7P34H1.jpg,coffee___rust,C7P34,687c5c1b95e14da3e4d67af1fc60c5005dfc512f5001dba7034535f2baaaff0c,val
data/raw/coffee___rust/C7P35E2.jpg,coffee___rust,C7P35,244370045deddb98b1239c55be4ca99141f835540b54668eda272e5e5f0dd4a1,train
data/raw/coffee___rust/C7P35H2.jpg,coffee___rust,C7P35,12d97a4b34170d9778a6291e83b7b6795c40de6096af229097ce906f91d32ade,train
data/raw/coffee___rust/C7P36E2.jpg,coffee___rust,C7P36,a60e2ef4bc54921189556f09be5caf9b495c9ddd4a552a5b3b02af3a9e79f465,val
data/raw/coffee___rust/C7P36H2.jpg,coffee___rust,C7P36,38ee1a0381563a44b16540cc865df6b20be2252a736e744e9ce030afc99b72ae,val
data/raw/coffee___rust/C7P38E2.jpg,coffee___rust,C7P38,5cc3445420e47425591218136ebccf1fae6fc55b5f542e53454e93f84dea11b6,train
data/raw/coffee___rust/C7P3E1.jpg,coffee___rust,C7P3,03df5779f7f14dd1fbd1615649d22ba6f124ef3367e1a536b1fa4b4b28651811,train
data/raw/coffee___rust/C7P3H1.jpg,coffee___rust,C7P3,db42ebc8d333addcd215eb4fee685e3099e9b4015d45a93d80e86de84124572b,train
data/raw/coffee___rust/C7P40E2.jpg,coffee___rust,C7P40,88f9f3a3dcbbb094d14d736b97248877752fc6edc8efb2076266c1160807ae3e,val
data/raw/coffee___rust/C7P40H2.jpg,coffee___rust,C7P40,0ecc2a7a57a320db2213fe45ce271b92c384d76b268271962e2dd0507bb2b8ab,val
data/raw/coffee___rust/C7P5E1.jpg,coffee___rust,C7P5,26ba5716a8c6f9bc072e266008bf6e693c048fe5413281771b6e9982277226e0,train
data/raw/coffee___rust/C7P5H1.jpg,coffee___rust,C7P5,128f3a0d173e3d8903cb5e45090485a2aecfa8d1d68fdcee77eada317e1b7345,train
data/raw/coffee___rust/C7P6E1.jpg,coffee___rust,C7P6,dde9485b0324e598014add5ddc6c5ee9d6ffa556902b6b814c15ee8e0dcb4a52,train
data/raw/coffee___rust/C7P6H1.jpg,coffee___rust,C7P6,b753cb682a6ace157ff3e8ff6da2a696d2fd2b748e230addca847ce1d973fb41,train
data/raw/coffee___rust/C7P7E2.jpg,coffee___rust,C7P7,1c4d671e64bde39775b19d95b3a07f92818855ca7f04b528b3f524e568f5f3c5,train
data/raw/coffee___rust/C7P7H2.jpg,coffee___rust,C7P7,e7180a192e559d4edf4f718c92546bdbec205854767740180afb9491b96497c5,train
data/raw/coffee___rust/C7P8E1.jpg,coffee___rust,C7P8,c0c086ff041b81d3bfa898210c17fe0c41ccd8a83a1130b26a6af09324af2cbb,train
data/raw/coffee___rust/C7P8H1.jpg,coffee___rust,C7P8,236d0207a766fb49a5c02dcfce341b56d569bb46e06f1bb912a57c3a665f7992,train
data/raw/coffee___rust/C7P9E1.jpg,coffee___rust,C7P9,865591ee1ab53772e25973ae8c9a44035a0b985edc5fcfa57c5511e488eeabad,train
data/raw/coffee___rust/C8P10H2.jpg,coffee___rust,C8P10,8ea253345fed2da1fdd02a8b82ededb3cbd3d1e6d048ecd2c3a9c789c3ea5cca,train
data/raw/coffee___rust/C8P11E2.jpg,coffee___rust,C8P11,29784c01fc67e891f972d7145c36d7ca7eed58d5194f84b0e994233e50ec5d56,train
data/raw/coffee___rust/C8P11H2.jpg,coffee___rust,C8P11,4bd62c44249813819c3039022530f614031cb951edea16573f8e289dc44b1bb7,train
data/raw/coffee___rust/C8P12E1.jpg,coffee___rust,C8P12,3b1b270f9987bfd7eb18974a55237579381da81fe114c6f1b980f4a205eb3c36,val
data/raw/coffee___rust/C8P13H1.jpg,coffee___rust,C8P13,4e21286b1962024f3112856bf41e01f8b92b59d7a4a53068a80bc4797ca70a03,train
data/raw/coffee___rust/C8P14E1.jpg,coffee___rust,C8P14,65ae3b52a306957aa12253ccc870f7bec0b35b1c431d714f4ea3cc3402bbe81c,train
data/raw/coffee___rust/C8P14E2.jpg,coffee___rust,C8P14,eff0db0d77c3eba15e26904a0fa39c41e3e2dba66f37d305d0121f80d7ea2f0a,train
data/raw/coffee___rust/C8P14H1.jpg,coffee___rust,C8P14,b70bd57ed98d180c3f970dea4affff81574512737e9750719c416e00e67417e6,train
data/raw/coffee___rust/C8P14H2.jpg,coffee___rust,C8P14,98cc78f75e221c412927d2402fd0d562270443113e255886ad928cce7dde2d43,train
data/raw/coffee___rust/C8P16E1.jpg,coffee___rust,C8P16,3130f8bd01ff9de70ad3320b740e90835f11d2ff04a06f25ccf802d7a2c37699,train
data/raw/coffee___rust/C8P16H1.jpg,coffee___rust,C8P16,1a1da6724d70404aedc5aa330521ef6ec57d52051327cb5b8f8b1aa35095b1bc,train
data/raw/coffee___rust/C8P17E1.jpg,coffee___rust,C8P17,de9346080d5e191e8b71e76b4c2bb27aa0c635ee9b4f21646104f91348ad7b70,train
data/raw/coffee___rust/C8P17E2.jpg,coffee___rust,C8P17,c5928cd0bd44fdc45abeafcd1414f67ec4c31da7e829f1cdb7373ba7a89ff3c0,train
data/raw/coffee___rust/C8P17H1.jpg,coffee___rust,C8P17,1a4fdbb26f2c8ee9d0395de116e3e0ee6080821aad6ec7b6a20a74d3da4f557d,train
data/raw/coffee___rust/C8P17H2.jpg,coffee___rust,C8P17,279f5ce2e4f3f6cb8f68b14bd9db5613e9fa7b117c0aa10d00c88ba51e250ff6,train
data/raw/coffee___rust/C8P18E2.jpg,coffee___rust,C8P18,0bc2fb6593b4b57b406c22d6a188ce0230fab9644e404e0c308606279510cc49,train
data/raw/coffee___rust/C8P18H2.jpg,coffee___rust,C8P18,27ce745aa5a383e1de03a51fc8472bdeee70c07cfadee77f830eb89535d11470,train
data/raw/coffee___rust/C8P19E2.jpg,coffee___rust,C8P19,b9c6aec48bd897e3864591250e34db5b2eaa7d35a7b7524b5d800ae3f5708908,train
data/raw/coffee___rust/C8P19H2.jpg,coffee___rust,C8P19,52e99db7ea90ba3506dc7e1f4705cad658de9f925b8c4b1256b89dfb09fea201,train
data/raw/coffee___rust/C8P22E1.jpg,coffee___rust,C8P22,a13724065dbcb7d38495d8e0492355f42e2eccc40351927859a9f757eb740129,train
data/raw/coffee___rust/C8P22E2.jpg,coffee___rust,C8P22,ad84e4f76745defa796deb44153285dd38ae4fb7178af1e4923838b31a513434,train
data/raw/coffee___rust/C8P22H1.jpg,coffee___rust,C8P22,634dfc1376a30ce218985e254c81350bfdf1206a1b791cbd1aa02611835c21dc,train
data/raw/coffee___rust/C8P22H2.jpg,coffee___rust,C8P22,89e4f4338401c7b97a959f55a0fd7672399b28be3949d36162f495283ffac9fa,train
data/raw/coffee___rust/C8P23E2.jpg,coffee___rust,C8P23,a67709f42030896ee6209fde4b93e66e71d9188d95909ad9c62efea6afd61d52,val
data/raw/coffee___rust/C8P23H2.jpg,coffee___rust,C8P23,16b38f1b93198bf1fefa1a7aa120cdfba246e6b5d63c72d94e79e75759030caa,val
data/raw/coffee___rust/C8P24E2.jpg,coffee___rust,C8P24,f01497e371caa389112c8859c434cf27545108d1aa139c441dc6a2385e3a31af,train
data/raw/coffee___rust/C8P24H2.jpg,coffee___rust,C8P24,770ae66d8bd7f059ffdd22547c45c371319752595e38fe093e80ba73ee6d15c4,train
data/raw/coffee___rust/C8P26E2.jpg,coffee___rust,C8P26,88ce85e2389926e39bed931a21486dba39349363510babae0203a94c207b4358,train
data/raw/coffee___rust/C8P26H2.jpg,coffee___rust,C8P26,aabd1b04908ee1b31cf185b6961ba545e808c934a4cd57042f07addbfcb8e68e,train
data/raw/coffee___rust/C8P28E2.jpg,coffee___rust,C8P28,13fe4ba71ed1abf8c7fc36053c8f9b8e3cd685d0efde8bb237424341f44f5977,test
data/raw/coffee___rust/C8P28H2.jpg,coffee___rust,C8P28,b2abaa4e642f19f3fd7341c4b5a759fa80a9e8bebf7c42a910c2fba70cadb90f,test
data/raw/coffee___rust/C8P29E2.jpg,coffee___rust,C8P29,c0cad0be1ba28260f2b35922100885705bae1a6bc828e62c3ac1bfbfd6faaff3,train
data/raw/coffee___rust/C8P29H2.jpg,coffee___rust,C8P29,0fdab3a10c090359adb8b59015157b8081021ee0dbe72157d5f35fc2af74d735,train
data/raw/coffee___rust/C8P30E1.jpg,coffee___rust,C8P30,5b6513e013423d76fd27ac2f74b163fd24a89c88a3949d197e6fb7b305ceff74,train
data/raw/coffee___rust/C8P30H1.jpg,coffee___rust,C8P30,6d54352aa5a8a02379c563ca3053022ed48a4abfc792467b32c6a38fa95a5c31,train
data/raw/coffee___rust/C8P34E1.jpg,coffee___rust,C8P34,5ef8a8e07da568a95929d2c4439641b4ba6adcfb6a7b23454dacc4c81357b4b5,val
data/raw/coffee___rust/C8P34H1.jpg,coffee___rust,C8P34,6d0c5dc653ca274ecc12e12095a4c6bdf9c8b1e06c6e0b40ea78500376825aff,val
data/raw/coffee___rust/C8P35E1.jpg,coffee___rust,C8P35,2c7d4c583f3ee7c5c50118b620432a9ab08fc7d4472647cb7c89849d78ce601a,test
data/raw/coffee___rust/C8P35H1.jpg,coffee___rust,C8P35,48e1cbdc8fa70959263dc1415a749770a7f4d0ca7a44535a1e6af4db788bac70,test
data/raw/coffee___rust/C8P37E2.jpg,coffee___rust,C8P37,df31140a0b22e17cda0e235164436df17d81c1a55283dac925d674fb694a6225,test
data/raw/coffee___rust/C8P37H2.jpg,coffee___rust,C8P37,7c047c08eb5fe9cd37f741d243f864c681cb531f2213de2665b2ecee110f8bfd,test
data/raw/coffee___rust/C8P38E1.jpg,coffee___rust,C8P38,39a49491939c0ed969f9edc5697d99f0a4c68300415ddfced65a709b1b4924ee,val
data/raw/coffee___rust/C8P38H1.jpg,coffee___rust,C8P38,a33c057a319d07fdf9a58489df9caffa97bf2aacc37d02b1607c07401d3415f6,val
data/raw/coffee___rust/C8P39E2.jpg,coffee___rust,C8P39,db94608bdbd0cba0438a5a8f74afa19967cf0846f6b38b9d0604fd072767a708,test
data/raw/coffee___rust/C8P39H2.jpg,coffee___rust,C8P39,d80218212b3f0fbb3d7b0cd216cef48acdafa1e75bfe3956e80c3c13cd83fc68,test
data/raw/coffee___rust/C8P3E1.jpg,coffee___rust,C8P3,3b0df7dfc921e20d7821c0978f02e99df9700084e9cb8ee70f7de30539c52cd0,val
data/raw/coffee___rust/C8P3H1.jpg,coffee___rust,C8P3,637160cd798d9be323663b54335fe71c0b7fb26e5669253b04381ea7b806f6ed,val
data/raw/coffee___rust/C8P4E1.jpg,coffee___rust,C8P4,287eae7cb6da6efdf14793d6bf6df8f20d91eb4c8ebb2bdae45faa68cc58264d,train
data/raw/coffee___rust/C8P4H1.jpg,coffee___rust,C8P4,22ccab181d7ba8121550c8d9bb18baa90143a4137575da3b2aef5ec81315cf2c,train
data/raw/coffee___rust/C8P5E1.jpg,coffee___rust,C8P5,f9555629faa223a9ca306ce442c1b45561a70f9c30fbd3a3f4a02f5580be7331,train
data/raw/coffee___rust/C8P5H1.jpg,coffee___rust,C8P5,5c8efe7972dc2daedbded2c4892052ba3402fa8bd981b1facfcf6ef5288d6f24,train
data/raw/coffee___rust/C8P6E2.jpg,coffee___rust,C8P6,125d53a49b189c3d98fce90c2614a72254e37ce3a8d9b3ae9c48ccaa83137696,val
data/raw/coffee___rust/C8P6H2.jpg,coffee___rust,C8P6,cb31303362620cfd02991dbd5e497b903ea6a7dae6d3915e41fa5b770590bc59,val
data/raw/coffee___rust/C9P10E1.jpg,coffee___rust,C9P10,c4762edd2581e83788ecf9066fdc43950b9f1b17a80c9ce500d2a646711ef4dd,test
data/raw/coffee___rust/C9P10H1.jpg,coffee___rust,C9P10,f12aa303a67a2dc10b37e557cc5e02bee387cbb70477b0024d9e0035850b7829,test
data/raw/coffee___rust/C9P11E1.jpg,coffee___rust,C9P11,820a87f2533e33af41d765dcd659e9da05296ca4605f851c5b3900a109c2cdf5,train
data/raw/coffee___rust/C9P11H1.jpg,coffee___rust,C9P11,e0b15faaa13ba9b697e184ce26a82c281aabbccb7de11aea0c4335f9f7bd5032,train
data/raw/coffee___rust/C9P12E1.jpg,coffee___rust,C9P12,2a1017292e91d1734c518406b859b4da0f543e80dc7959175c87c54374ab4c85,train
data/raw/coffee___rust/C9P12H1.jpg,coffee___rust,C9P12,413c98d4a7b4dfdd7c692ee5d3b1e36523ca0fa3511dd03880a224219c271def,train
data/raw/coffee___rust/C9P14E1.jpg,coffee___rust,C9P14,2f890cd01fd867c327bcceeacf7f8e2082013a79a3e46252520bb8d511dd443a,train
data/raw/coffee___rust/C9P14H1.jpg,coffee___rust,C9P14,182e576b71238f40c52b28e6ae9833755c62faba9e3a0f8a82657c03508d46c9,train
data/raw/coffee___rust/C9P15E1.jpg,coffee___rust,C9P15,e18c317c899721684c69bb8e109c4f5cf7a81fd1d7c0590c5dc265dc3bbf7a73,train
data/raw/coffee___rust/C9P15H1.jpg,coffee___rust,C9P15,223a8359a9b8083c9060fed702d6f32c090522fe5ec305453b4af2bb22ce0339,train
data/raw/coffee___rust/C9P17E1.jpg,coffee___rust,C9P17,fb515409a1e9a32de9d5ed15520e01fdfc98f38a32046f73aeab45651d91eb69,test
data/raw/coffee___rust/C9P17H1.jpg,coffee___rust,C9P17,f16f5b5f52844a5060f9d34b46687db6e05eaa2d06bfd5ae75a23ebcfe7cecc9,test
data/raw/coffee___rust/C9P18E1.jpg,coffee___rust,C9P18,afa14c88442ed07d660bf5d52fad08634d08afd8857ac1675da927bc5f496434,train
data/raw/coffee___rust/C9P18H1.jpg,coffee___rust,C9P18,d4dcd1d8c57ec8ed42e91dd8bf1246a2ed25b3ec3fd3a287a553506cd316c676,train
data/raw/coffee___rust/C9P19E1.jpg,coffee___rust,C9P19,9f3501621a4d6beea168d4a76b0b251de5dd3098818cdc936c9226a2047f0188,train
data/raw/coffee___rust/C9P20E1.jpg,coffee___rust,C9P20,2c3fa8fc561a083c6e1022ad48b3221b17036e805bf718893467ae2720c227dd,test
data/raw/coffee___rust/C9P20H1.jpg,coffee___rust,C9P20,80a0cc8cde2ef20877f92017c1a2cff2ba09b4974cd9520d30f828de72ce41e9,test
data/raw/coffee___rust/C9P21E1.jpg,coffee___rust,C9P21,966486bb2d62dfcbdd08667232169932398dc93e4faadd90d190fba840abf7e2,train
data/raw/coffee___rust/C9P21H1.jpg,coffee___rust,C9P21,8adad9013ac7df78169fedba5ade80acfaa06fe9cdbbf2b664c64f167993d8a6,train
data/raw/coffee___rust/C9P22E1.jpg,coffee___rust,C9P22,2b0293d59cef74a145b76add7438cd2b02a80aceaeb91afa81a85d014f15feff,test
data/raw/coffee___rust/C9P22H1.jpg,coffee___rust,C9P22,11f74b7509637978a617803c354a14e495655f7283532cae0de708f0176a0c71,test
data/raw/coffee___rust/C9P23E1.jpg,coffee___rust,C9P23,c1a11e801186dd7772855a52ccb575f469c1a6910328b1da29880cd30ecd9574,train
data/raw/coffee___rust/C9P23H1.jpg,coffee___rust,C9P23,a3e07912e7e5c300cd5bb34b32f3fbf5ebbb78ad4857e76354b32aa207ebcb6e,train
data/raw/coffee___rust/C9P24H1.jpg,coffee___rust,C9P24,89533a7142ca648bb557591a9d1c05089e4c521dcaea7b52dcf87352096082a9,train
data/raw/coffee___rust/C9P25E1.jpg,coffee___rust,C9P25,8dee9b373abcd42c8b3ed3a5a29237f56ec62fe04592c578d92608c8978db154,train
data/raw/coffee___rust/C9P25H1.jpg,coffee___rust,C9P25,8cb2188cdfba6588d5200f7fae90fc63f2ed4cb482f47c0015e92df43f3cbe96,train
data/raw/coffee___rust/C9P26E1.jpg,coffee___rust,C9P26,e041268cf72b463e0a0dd0e1a92bcece0576d0e18138ab89214e3b57cd499342,train
data/raw/coffee___rust/C9P26H1.jpg,coffee___rust,C9P26,1eff0b964087fd60a6936f62a4032baa8605f0e3e82dacf06d3bf629de396ac3,train
data/raw/coffee___rust/C9P27E1.jpg,coffee___rust,C9P27,392899c5d3a8df048ac827aa59a5e0ebd7198e56a771e3a3276f8eafa5fb0848,train
data/raw/coffee___rust/C9P27H1.jpg,coffee___rust,C9P27,2217fb5c42afe136a4be041afd942686e1bcd617fd332e050bc60f3bef1438f7,train
data/raw/coffee___rust/C9P28H1.jpg,coffee___rust,C9P28,0da280bb69f28d7dcc598fd36d4e50fdfd3d11b05086d268f3fb67b3228c4bb4,train
data/raw/coffee___rust/C9P29E1.jpg,coffee___rust,C9P29,524dca71c6ea6169a5b8e6b98c81a3dcf458c0d93ae35346ba6380af63130aef,test
data/raw/coffee___rust/C9P29H1.jpg,coffee___rust,C9P29,af76f6d79a77f25625626e07543a6d177abf0c6542524f007487e989e8a3d131,test
data/raw/coffee___rust/C9P30E1.jpg,coffee___rust,C9P30,06c1a4ec5589820f8d8c83f3133bd1fb550b5b9d262957229c180fb7a79c18a9,train
data/raw/coffee___rust/C9P30H1.jpg,coffee___rust,C9P30,efe006df8709df22dd45811bbc97ae67b9e3d9e056b3930dfafc37792302d505,train
data/raw/coffee___rust/C9P31E1.jpg,coffee___rust,C9P31,af8e264a7b06bd6eb4adc6182003131a45fcaf3d85627219fe30b737ec11ccb4,train
data/raw/coffee___rust/C9P31H1.jpg,coffee___rust,C9P31,cfca9916ed1731736488c9c567b1d18a78d383b0815920b593204009ccefd9a5,train
data/raw/coffee___rust/C9P34E1.jpg,coffee___rust,C9P34,b75979876f98416722a49bfcdf5c7dda16d38a8939fb5aeb97bca64cd4e86719,train
data/raw/coffee___rust/C9P35E1.jpg,coffee___rust,C9P35,35640ce90b7326e85cb05685eb055673d682713b09674fa0d31a2f242db6c78b,train
data/raw/coffee___rust/C9P36H1.jpg,coffee___rust,C9P36,0a913cb1b75faf9d4688f85506a0739a147029b5f1ae35ca3153d8dece13af18,test
data/raw/coffee___rust/C9P37E1.jpg,coffee___rust,C9P37,31b845c32d141e83dec3e5f4885801870759e9286ad6bb393dea97689afd2558,train
data/raw/coffee___rust/C9P37H1.jpg,coffee___rust,C9P37,0176664d4d2f4817155a1ce77f1e3858bfdeee7d4512cdb2ac79f08d848e09fb,train
data/raw/coffee___rust/C9P38E1.jpg,coffee___rust,C9P38,c60493a39f0b0122b87eabf573e20ce557d50a0fa4764ebcd843fd974c7692d6,val
data/raw/coffee___rust/C9P38H1.jpg,coffee___rust,C9P38,15b6c7b4fa829c74804aa062256de8c2de293c2479c3dfa043c5389b41b6f4e4,val
data/raw/coffee___rust/C9P3E1.jpg,coffee___rust,C9P3,921d70fb29fdcec43639eb0c445b1dec98bd3aaeee1593dc31d85238f1436272,train
data/raw/coffee___rust/C9P3E2.jpg,coffee___rust,C9P3,8d676f639e07dcaa99542c4a7d4ae84f92bf81c21a0c805b6002b422c2b9c543,train
data/raw/coffee___rust/C9P3H1.jpg,coffee___rust,C9P3,26f1098122341ac316f11a9283f90b24e200243911fe63641c485304883a7e63,train
data/raw/coffee___rust/C9P4E1.jpg,coffee___rust,C9P4,396d125f7a6127fd8ebd46cba2b7a128e2fb6b37dcdd92d1baf321064cf87ae9,train
data/raw/coffee___rust/C9P4H1.jpg,coffee___rust,C9P4,9188c59cd00df09966ef46e8b05236337977cae506b912b3f4571c4494af0236,train
data/raw/coffee___rust/C9P5E1.jpg,coffee___rust,C9P5,990508d4ab2b68ec55cf1bef5be5924f2d6dd04e52ec5953c26bc7ea378cc927,val
data/raw/coffee___rust/C9P5H1.jpg,coffee___rust,C9P5,8cb5f96da2ffe7077bced2e517ca8018c1ca8103dd1502f55ea6baaebb6a3b5a,val
data/raw/coffee___rust/C9P6H1.jpg,coffee___rust,C9P6,59450700e993dff639113a3e54d0d18af594335bf2ec3b585db58535a216c0b8,val
data/raw/coffee___rust/C9P7E1.jpg,coffee___rust,C9P7,ea10be2d5c641b765eaf956da5b2949c97dfe0cc97347d5bb67899cf50d4f17e,train
data/raw/coffee___rust/C9P7H1.jpg,coffee___rust,C9P7,e057a1003fb4a933f4974bb2fe6add52b05ac36186aebe69d74f86e97eb7bd33,train
data/raw/coffee___rust/C9P8E1.jpg,coffee___rust,C9P8,727061ce8bcc53b287c351aa8e291271d43c9710c6370b40814d0197f66d2a82,train
data/raw/coffee___rust/C9P8H1.jpg,coffee___rust,C9P8,148274a74b301e4c850ad63eb33f47946503b553be117fbe246093e77eeba62f,train
data/raw/coffee___rust/C9P9E1.jpg,coffee___rust,C9P9,29ae42988cb7a8cb515f218e68201c4c7c8d03ace3818adb6a6187a889681e16,train
data/raw/coffee___rust/C9P9H1.jpg,coffee___rust,C9P9,95854e5ae3bdca282a6dd0649e098abe05e93501bf19307be1d2e86c5bb5d475,train
