filename,box_index,class_id,class_name,x_center,y_center,width,height
IMG20260105091800.jpg,1,0,brown spot,0.807943,0.473999,0.052734,0.049561
IMG20260105091800.jpg,2,1,Leaf rust,0.777507,0.391602,0.044596,0.032715
IMG20260105091800.jpg,3,2,anthracnose,0.632161,0.266602,0.08138,0.101562
IMG20260105091800.jpg,4,0,brown spot,0.77181,0.544312,0.048828,0.035889
IMG20260105091800.jpg,5,2,anthracnose,0.516439,0.062012,0.09668,0.118164
IMG20260105091800.jpg,6,0,brown spot,0.298991,0.543823,0.064128,0.053467
IMG20260105091800.jpg,7,2,anthracnose,0.666178,0.600708,0.131185,0.125732
IMG20260105091800.jpg,8,2,anthracnose,0.527832,0.646118,0.066081,0.042725
IMG20260105091800.jpg,9,1,Leaf rust,0.279622,0.253906,0.04362,0.027344
IMG20260105091800.jpg,10,1,Leaf rust,0.787598,0.320679,0.042643,0.035889
IMG20260105091800.jpg,11,1,Leaf rust,0.926595,0.515991,0.066081,0.037354
IMG20260105091800.jpg,12,0,brown spot,0.884928,0.601807,0.031576,0.021484
IMG20260105091800.jpg,13,1,Leaf rust,0.833496,0.518677,0.042643,0.027588
IMG20260105091800.jpg,14,0,brown spot,0.664062,0.196289,0.047526,0.03125
IMG20260105091800.jpg,15,1,Leaf rust,0.46224,0.466797,0.050781,0.032227
IMG20260105091800.jpg,16,2,anthracnose,0.682943,0.383057,0.079427,0.099121
IMG20260105091800.jpg,17,3,Affected by leaf miner,0.076986,0.28064,0.053711,0.042725
IMG20260105091800.jpg,18,4,healthy,0.86849,0.251709,0.054036,0.048828
IMG20260105091804.jpg,1,0,brown spot,0.44873,0.462036,0.092773,0.060303
IMG20260105091804.jpg,2,0,brown spot,0.286296,0.24231,0.044596,0.035889
IMG20260105091804.jpg,3,0,brown spot,0.434733,0.154907,0.046549,0.030518
IMG20260105091804.jpg,4,2,anthracnose,0.894531,0.214478,0.077474,0.079346
IMG20260105091804.jpg,5,2,anthracnose,0.932129,0.302979,0.083659,0.073242
IMG20260105091804.jpg,6,2,anthracnose,0.842122,0.526611,0.052083,0.036621
IMG20260105091804.jpg,7,2,anthracnose,0.944336,0.478882,0.08138,0.063232
IMG20260105091804.jpg,8,2,anthracnose,0.773112,0.06311,0.074219,0.102295
IMG20260105091804.jpg,9,1,Leaf rust,0.316732,0.395996,0.042969,0.024414
IMG20260105091804.jpg,10,1,Leaf rust,0.375814,0.45813,0.04069,0.07251
IMG20260105091809.jpg,1,2,anthracnose,0.303548,0.328125,0.093424,0.134277
IMG20260105091809.jpg,2,0,brown spot,0.554199,0.621948,0.066081,0.044189
IMG20260105091809.jpg,3,0,brown spot,0.529297,0.675171,0.065104,0.030518
IMG20260105091809.jpg,4,0,brown spot,0.621419,0.709595,0.03125,0.022705
IMG20260105091809.jpg,5,1,Leaf rust,0.651367,0.648193,0.036458,0.023438
IMG20260105091809.jpg,6,1,Leaf rust,0.520182,0.53833,0.054688,0.069336
IMG20260105091809.jpg,7,0,brown spot,0.42513,0.434204,0.045573,0.030518
IMG20260105091809.jpg,8,1,Leaf rust,0.387533,0.266724,0.051758,0.034424
IMG20260105091809.jpg,9,0,brown spot,0.623861,0.919434,0.04069,0.036621
IMG20260105091833.jpg,1,2,anthracnose,0.369141,0.528564,0.072266,0.0625
IMG20260105091837.jpg,1,2,anthracnose,0.558268,0.617432,0.169922,0.105957
IMG20260105091847.jpg,1,0,brown spot,0.791341,0.528809,0.052083,0.053223
IMG20260105091847.jpg,2,0,brown spot,0.756673,0.628784,0.062174,0.045654
IMG20260105091847.jpg,3,0,brown spot,0.737793,0.805786,0.075195,0.057861
IMG20260105091847.jpg,4,0,brown spot,0.648763,0.887329,0.088542,0.079346
IMG20260105091854.jpg,1,0,brown spot,0.768392,0.671143,0.144206,0.092285
IMG20260105091854.jpg,2,0,brown spot,0.700846,0.585205,0.076172,0.050293
IMG20260105091854.jpg,3,0,brown spot,0.696289,0.295654,0.034505,0.020508
IMG20260105091941.jpg,1,2,anthracnose,0.750488,0.655029,0.172201,0.128906
IMG20260105091957.jpg,1,2,anthracnose,0.382975,0.397095,0.089518,0.086182
IMG20260105091957.jpg,2,1,Leaf rust,0.401204,0.286865,0.042643,0.035156
IMG20260105091957.jpg,3,1,Leaf rust,0.407227,0.33606,0.061198,0.035889
IMG20260105091957.jpg,4,1,Leaf rust,0.416992,0.239624,0.045573,0.045654
IMG20260105091957.jpg,5,1,Leaf rust,0.562988,0.420044,0.02832,0.025146
IMG20260105091957.jpg,6,1,Leaf rust,0.669759,0.430664,0.042643,0.017578
IMG20260105091957.jpg,7,1,Leaf rust,0.579753,0.36438,0.029297,0.020752
IMG20260105091957.jpg,8,1,Leaf rust,0.54248,0.358643,0.024414,0.024414
IMG20260105091957.jpg,9,1,Leaf rust,0.490723,0.397949,0.044596,0.037598
IMG20260105091957.jpg,10,1,Leaf rust,0.607747,0.288452,0.036458,0.019775
IMG20260105091957.jpg,11,1,Leaf rust,0.501465,0.27771,0.029622,0.016846
IMG20260105091957.jpg,12,1,Leaf rust,0.588867,0.589111,0.029297,0.027344
IMG20260105091957.jpg,13,1,Leaf rust,0.558757,0.491821,0.071289,0.034424
IMG20260105091957.jpg,14,1,Leaf rust,0.561849,0.19873,0.030599,0.029785
IMG20260105091957.jpg,15,2,anthracnose,0.377767,0.484619,0.042643,0.05957
IMG20260105091957.jpg,16,2,anthracnose,0.457194,0.541748,0.154622,0.083984
IMG20260105091957.jpg,17,2,anthracnose,0.47347,0.627319,0.109701,0.091553
IMG20260105091957.jpg,18,2,anthracnose,0.591471,0.746948,0.177083,0.141846
IMG20260105091957.jpg,19,2,anthracnose,0.664551,0.50061,0.073242,0.090088
IMG20260105091957.jpg,20,2,anthracnose,0.744466,0.567627,0.059896,0.172363
IMG20260105091959.jpg,1,1,Leaf rust,0.795898,0.248047,0.044922,0.032227
IMG20260105091959.jpg,2,1,Leaf rust,0.723633,0.297974,0.044922,0.025146
IMG20260105091959.jpg,3,2,anthracnose,0.636068,0.147705,0.063151,0.037598
IMG20260105091959.jpg,4,1,Leaf rust,0.878418,0.319824,0.024414,0.024414
IMG20260105091959.jpg,5,1,Leaf rust,0.864583,0.37085,0.045573,0.02002
IMG20260105091959.jpg,6,2,anthracnose,0.756836,0.554321,0.039714,0.057373
IMG20260105091959.jpg,7,2,anthracnose,0.834635,0.530273,0.034505,0.024414
IMG20260105091959.jpg,8,2,anthracnose,0.621908,0.445312,0.042643,0.032715
IMG20260105091959.jpg,9,2,anthracnose,0.551107,0.439209,0.041667,0.03125
IMG20260105091959.jpg,10,2,anthracnose,0.879883,0.416992,0.027344,0.026855
IMG20260105091959.jpg,11,2,anthracnose,0.447591,0.350708,0.074219,0.095459
IMG20260105091959.jpg,12,2,anthracnose,0.382812,0.457031,0.052734,0.0625
IMG20260105091959.jpg,13,2,anthracnose,0.544596,0.633301,0.317708,0.30957
IMG20260105092002.jpg,1,0,brown spot,0.416829,0.585205,0.066081,0.033691
IMG20260105092002.jpg,2,1,Leaf rust,0.652507,0.442139,0.038737,0.029785
IMG20260105092002.jpg,3,1,Leaf rust,0.775553,0.424683,0.075195,0.037354
IMG20260105092002.jpg,4,1,Leaf rust,0.797852,0.512817,0.052734,0.029053
IMG20260105092002.jpg,5,1,Leaf rust,0.762858,0.466675,0.066081,0.034424
IMG20260105092002.jpg,6,1,Leaf rust,0.819824,0.564209,0.047852,0.032715
IMG20260105092002.jpg,7,1,Leaf rust,0.423177,0.504761,0.057943,0.029541
IMG20260105092002.jpg,8,1,Leaf rust,0.388835,0.437622,0.089518,0.040283
IMG20260105092002.jpg,9,0,brown spot,0.485189,0.406006,0.035482,0.022949
IMG20260105092002.jpg,10,1,Leaf rust,0.430176,0.336182,0.062174,0.043457
IMG20260105092002.jpg,11,1,Leaf rust,0.455729,0.254883,0.074219,0.047363
IMG20260105092002.jpg,12,1,Leaf rust,0.47347,0.204468,0.036784,0.044189
IMG20260105092002.jpg,13,1,Leaf rust,0.731771,0.793457,0.044922,0.024414
IMG20260105092002.jpg,14,1,Leaf rust,0.452962,0.738159,0.038737,0.026611
IMG20260105092002.jpg,15,1,Leaf rust,0.371094,0.368164,0.054036,0.046387
IMG20260105092002.jpg,16,1,Leaf rust,0.837565,0.148438,0.026693,0.026855
IMG20260105092002.jpg,17,1,Leaf rust,0.823405,0.040527,0.04069,0.036621
IMG20260105092002.jpg,18,0,brown spot,0.620443,0.246094,0.04362,0.02832
IMG20260105092002.jpg,19,2,anthracnose,0.812663,0.796509,0.045898,0.030518
IMG20260105092024.jpg,1,1,Leaf rust,0.455078,0.331177,0.046875,0.027588
IMG20260105092024.jpg,2,1,Leaf rust,0.457031,0.433838,0.034505,0.02832
IMG20260105092024.jpg,3,1,Leaf rust,0.536458,0.437622,0.046875,0.025146
IMG20260105092024.jpg,4,2,anthracnose,0.582682,0.33252,0.039714,0.032227
IMG20260105092036.jpg,1,1,Leaf rust,0.266439,0.43457,0.053711,0.039062
IMG20260105092036.jpg,2,0,brown spot,0.394694,0.507812,0.064128,0.037598
IMG20260105092036.jpg,3,1,Leaf rust,0.453125,0.479492,0.034505,0.029785
IMG20260105092036.jpg,4,1,Leaf rust,0.468262,0.431519,0.038737,0.025146
IMG20260105092036.jpg,5,1,Leaf rust,0.528809,0.43689,0.053711,0.035889
IMG20260105092036.jpg,6,1,Leaf rust,0.529297,0.480835,0.046875,0.030518
IMG20260105092036.jpg,7,1,Leaf rust,0.519694,0.519653,0.051758,0.026123
IMG20260105092036.jpg,8,1,Leaf rust,0.468262,0.574463,0.042643,0.036621
IMG20260105092036.jpg,9,1,Leaf rust,0.655111,0.563477,0.047852,0.02832
IMG20260105092036.jpg,10,1,Leaf rust,0.611654,0.62146,0.046875,0.035889
IMG20260105092036.jpg,11,1,Leaf rust,0.535482,0.674194,0.044922,0.026611
IMG20260105092036.jpg,12,1,Leaf rust,0.640299,0.729492,0.032552,0.025879
IMG20260105092036.jpg,13,1,Leaf rust,0.347331,0.225098,0.044922,0.036621
IMG20260105092036.jpg,14,1,Leaf rust,0.611165,0.138916,0.035482,0.025879
IMG20260105092036.jpg,15,2,anthracnose,0.516602,0.83313,0.05599,0.04126
IMG20260105092036.jpg,16,0,brown spot,0.530273,0.610962,0.042969,0.029053
IMG20260105092156.jpg,1,2,anthracnose,0.540039,0.523071,0.214844,0.25708
IMG20260105092156.jpg,2,2,anthracnose,0.452474,0.331665,0.151693,0.121338
IMG20260105092200.jpg,1,0,brown spot,0.661621,0.49646,0.060872,0.049561
IMG20260105092200.jpg,2,0,brown spot,0.376139,0.365479,0.098633,0.070312
IMG20260105092200.jpg,3,0,brown spot,0.371094,0.714844,0.054036,0.030762
IMG20260105092200.jpg,4,0,brown spot,0.434082,0.714722,0.033529,0.027588
IMG20260105092200.jpg,5,0,brown spot,0.321777,0.158203,0.046549,0.02832
IMG20260105092224.jpg,1,1,Leaf rust,0.303548,0.675293,0.073242,0.032227
IMG20260105092224.jpg,2,1,Leaf rust,0.252279,0.543335,0.039714,0.027588
IMG20260105092224.jpg,3,1,Leaf rust,0.606608,0.450562,0.036784,0.032959
IMG20260105092224.jpg,4,1,Leaf rust,0.292318,0.768311,0.050781,0.038086
IMG20260105092224.jpg,5,1,Leaf rust,0.576172,0.574951,0.085286,0.039062
IMG20260105092224.jpg,6,1,Leaf rust,0.515625,0.829346,0.033854,0.021484
IMG20260105092224.jpg,7,1,Leaf rust,0.527344,0.911865,0.032552,0.022949
IMG20260105092224.jpg,8,0,brown spot,0.263346,0.32019,0.082682,0.037354
IMG20260105092224.jpg,9,0,brown spot,0.338542,0.473389,0.05599,0.029785
IMG20260105092224.jpg,10,1,Leaf rust,0.161621,0.678955,0.045898,0.025879
IMG20260105092343.jpg,1,0,brown spot,0.520671,0.612671,0.062174,0.044189
IMG20260105092343.jpg,2,2,anthracnose,0.530762,0.825562,0.098633,0.102295
IMG20260105092400.jpg,1,2,anthracnose,0.660645,0.472412,0.140299,0.12207
IMG20260105092400.jpg,2,2,anthracnose,0.719076,0.55896,0.057943,0.049561
IMG20260105092428.jpg,1,2,anthracnose,0.396647,0.674316,0.147461,0.114258
IMG20260105092614.jpg,1,2,anthracnose,0.513021,0.618774,0.115885,0.054932
IMG20260105092614.jpg,2,2,anthracnose,0.859375,0.619263,0.155599,0.086182
IMG20260105092614.jpg,3,2,anthracnose,0.703451,0.871704,0.097656,0.086182
IMG20260105092614.jpg,4,2,anthracnose,0.356934,0.425415,0.185872,0.081787
IMG20260105092614.jpg,5,2,anthracnose,0.540039,0.300293,0.094401,0.067871
IMG20260105092614.jpg,6,2,anthracnose,0.37321,0.25647,0.058268,0.053467
IMG20260105092614.jpg,7,2,anthracnose,0.611654,0.230469,0.046875,0.028809
IMG20260105092614.jpg,8,2,anthracnose,0.278158,0.219116,0.060872,0.042725
IMG20260105092743.jpg,1,0,brown spot,0.491211,0.652832,0.03776,0.032715
IMG20260105092743.jpg,2,0,brown spot,0.579264,0.512329,0.05306,0.026611
IMG20260105092743.jpg,3,0,brown spot,0.631022,0.50708,0.044596,0.021973
IMG20260105092743.jpg,4,0,brown spot,0.547201,0.481445,0.023438,0.013672
IMG20260105092743.jpg,5,0,brown spot,0.552734,0.583008,0.038411,0.022949
IMG20260105092743.jpg,6,0,brown spot,0.431152,0.593628,0.053711,0.027588
IMG20260105092749.jpg,1,2,anthracnose,0.429199,0.596802,0.114909,0.079346
IMG20260105092749.jpg,2,2,anthracnose,0.615234,0.861206,0.054036,0.04126
IMG20260105092825.jpg,1,2,anthracnose,0.558716,0.587402,0.113525,0.160482
IMG20260105092825.jpg,2,2,anthracnose,0.329224,0.587728,0.264893,0.170898
IMG20260105092830.jpg,1,3,Affected by leaf miner,0.502686,0.527344,0.243652,0.671875
IMG20260105092839.jpg,1,0,brown spot,0.502441,0.491862,0.056152,0.058594
IMG20260105092839.jpg,2,0,brown spot,0.55957,0.54834,0.046875,0.051107
IMG20260105092839.jpg,3,1,Leaf rust,0.717285,0.532064,0.078125,0.044596
IMG20260105092839.jpg,4,1,Leaf rust,0.833984,0.608561,0.061035,0.062826
IMG20260105092839.jpg,5,1,Leaf rust,0.665527,0.735026,0.03418,0.042318
IMG20260105092839.jpg,6,1,Leaf rust,0.607178,0.769368,0.019043,0.043945
IMG20260105092839.jpg,7,1,Leaf rust,0.852417,0.702962,0.057373,0.05957
IMG20260105092839.jpg,8,1,Leaf rust,0.767944,0.766439,0.020752,0.033529
IMG20260105092839.jpg,9,1,Leaf rust,0.925537,0.630371,0.068359,0.072591
IMG20260105092856.jpg,1,0,brown spot,0.602295,0.599935,0.033691,0.035807
IMG20260105092856.jpg,2,0,brown spot,0.43689,0.635091,0.02124,0.019531
IMG20260105092856.jpg,3,0,brown spot,0.289795,0.465332,0.027344,0.025065
IMG20260105092856.jpg,4,0,brown spot,0.693604,0.839355,0.029297,0.043945
IMG20260105092856.jpg,5,0,brown spot,0.592529,0.76123,0.022461,0.021159
IMG20260105092856.jpg,6,0,brown spot,0.492432,0.798665,0.017578,0.021159
IMG20260105092856.jpg,7,0,brown spot,0.441528,0.774089,0.020752,0.026042
IMG20260105092856.jpg,8,0,brown spot,0.259277,0.87793,0.032227,0.044922
IMG20260105092856.jpg,9,0,brown spot,0.155518,0.861654,0.028809,0.025391
IMG20260105092856.jpg,10,0,brown spot,0.167114,0.730306,0.026123,0.024414
IMG20260105092856.jpg,11,0,brown spot,0.370605,0.949219,0.021973,0.026042
IMG20260105092856.jpg,12,0,brown spot,0.241577,0.980957,0.037354,0.03418
IMG20260105092856.jpg,13,0,brown spot,0.27124,0.938965,0.048828,0.040039
IMG20260105092856.jpg,14,0,brown spot,0.024292,0.868652,0.032471,0.04069
IMG20260105092856.jpg,15,0,brown spot,0.060913,0.970378,0.025146,0.026042
IMG20260105092856.jpg,16,0,brown spot,0.062134,0.918294,0.018799,0.022786
IMG20260105092856.jpg,17,0,brown spot,0.365234,0.361654,0.01709,0.016276
IMG20260105092856.jpg,18,0,brown spot,0.488159,0.424967,0.016357,0.017904
IMG20260105092909.jpg,1,0,brown spot,0.500732,0.48291,0.053711,0.060221
IMG20260105092909.jpg,2,0,brown spot,0.703369,0.536133,0.043945,0.051432
IMG20260105092909.jpg,3,0,brown spot,0.638916,0.419759,0.043457,0.051107
IMG20260105092909.jpg,4,0,brown spot,0.710083,0.284668,0.062256,0.067383
IMG20260105092909.jpg,5,0,brown spot,0.231201,0.506836,0.043457,0.048177
IMG20260105092909.jpg,6,0,brown spot,0.259521,0.712728,0.024414,0.047852
IMG20260105092935.jpg,1,1,Leaf rust,0.583984,0.584147,0.056641,0.077148
IMG20260105092935.jpg,2,1,Leaf rust,0.175049,0.691243,0.056641,0.069987
IMG20260105092935.jpg,3,1,Leaf rust,0.542114,0.414388,0.062256,0.065104
IMG20260105092935.jpg,4,1,Leaf rust,0.550659,0.637044,0.032959,0.038411
IMG20260105092935.jpg,5,1,Leaf rust,0.466187,0.63623,0.034912,0.038086
IMG20260105092935.jpg,6,1,Leaf rust,0.375854,0.651204,0.039795,0.037435
IMG20260105092940.jpg,1,2,anthracnose,0.484375,0.256348,0.064941,0.033529
IMG20260105092940.jpg,2,1,Leaf rust,0.477783,0.419271,0.034668,0.052083
IMG20260105092940.jpg,3,1,Leaf rust,0.491211,0.352214,0.053223,0.072266
IMG20260105092940.jpg,4,1,Leaf rust,0.441772,0.477539,0.039795,0.033203
IMG20260105093009.jpg,1,2,anthracnose,0.683431,0.539307,0.222982,0.208984
IMG20260105093009.jpg,2,2,anthracnose,0.485026,0.935669,0.078125,0.038818
IMG20260105093009.jpg,3,2,anthracnose,0.692546,0.22998,0.068034,0.054199
IMG20260105093009.jpg,4,0,brown spot,0.661458,0.988281,0.052734,0.023438
IMG20260105093014.jpg,1,0,brown spot,0.387533,0.39917,0.078451,0.038086
IMG20260105093014.jpg,2,0,brown spot,0.241048,0.771729,0.080404,0.054199
IMG20260105093014.jpg,3,1,Leaf rust,0.03304,0.341797,0.058919,0.038086
IMG20260105093014.jpg,4,1,Leaf rust,0.071615,0.488037,0.061198,0.029785
IMG20260105093014.jpg,5,1,Leaf rust,0.027832,0.633423,0.034831,0.018311
IMG20260105093027.jpg,1,2,anthracnose,0.215495,0.411865,0.102865,0.109863
IMG20260105093027.jpg,2,2,anthracnose,0.301432,0.633179,0.136068,0.179932
IMG20260105093027.jpg,3,2,anthracnose,0.626465,0.712402,0.086263,0.061035
IMG20260105093027.jpg,4,2,anthracnose,0.378743,0.765869,0.055013,0.051758
IMG20260105093027.jpg,5,2,anthracnose,0.596517,0.458496,0.04069,0.036621
IMG20260105093027.jpg,6,2,anthracnose,0.224121,0.511108,0.12793,0.070068
IMG20260105093056.jpg,1,0,brown spot,0.703776,0.468994,0.100911,0.067871
IMG20260105093056.jpg,2,0,brown spot,0.74349,0.399414,0.102865,0.078613
IMG20260105093056.jpg,3,0,brown spot,0.293294,0.571533,0.048828,0.038086
IMG20260105093056.jpg,4,0,brown spot,0.314616,0.234619,0.056966,0.02832
IMG20260105093108.jpg,1,0,brown spot,0.412923,0.305298,0.064128,0.04126
IMG20260105093108.jpg,2,0,brown spot,0.54362,0.451294,0.054688,0.034424
IMG20260105093108.jpg,3,2,anthracnose,0.264486,0.498291,0.112956,0.163086
IMG20260105093115.jpg,1,0,brown spot,0.534993,0.409058,0.060221,0.033447
IMG20260105093115.jpg,2,2,anthracnose,0.433268,0.708862,0.141276,0.213623
IMG20260105093115.jpg,3,2,anthracnose,0.403646,0.533447,0.076172,0.05957
IMG20260105093115.jpg,4,2,anthracnose,0.923991,0.29187,0.055013,0.051025
IMG20260105093115.jpg,5,0,brown spot,0.838216,0.244629,0.039714,0.021973
IMG20260105093121.jpg,1,0,brown spot,0.387533,0.717285,0.062174,0.035156
IMG20260105093121.jpg,2,2,anthracnose,0.349284,0.38501,0.052734,0.043457
IMG20260105093121.jpg,3,2,anthracnose,0.959635,0.181641,0.065104,0.032227
IMG20260105093124.jpg,1,2,anthracnose,0.592448,0.470459,0.182943,0.261719
IMG20260105093124.jpg,2,2,anthracnose,0.647298,0.730957,0.142253,0.257812
IMG20260105093124.jpg,3,2,anthracnose,0.60612,0.891235,0.054036,0.042725
IMG20260105093124.jpg,4,2,anthracnose,0.777018,0.378052,0.078125,0.049561
IMG20260105093124.jpg,5,2,anthracnose,0.832031,0.103149,0.143229,0.080811
IMG20260105093209.jpg,1,1,Leaf rust,0.527344,0.606934,0.042969,0.02832
IMG20260105093209.jpg,2,1,Leaf rust,0.50293,0.354858,0.077474,0.052002
IMG20260105093209.jpg,3,2,anthracnose,0.611816,0.348755,0.069336,0.03833
IMG20260105093209.jpg,4,0,brown spot,0.591471,0.647339,0.050781,0.037354
IMG20260105093209.jpg,5,1,Leaf rust,0.486654,0.696289,0.048828,0.032715
IMG20260105093209.jpg,6,0,brown spot,0.851888,0.049316,0.046875,0.032715
IMG20260105093209.jpg,7,2,anthracnose,0.533529,0.741699,0.065104,0.039551
IMG20260105093214.jpg,1,0,brown spot,0.496745,0.685303,0.065104,0.048828
IMG20260105093214.jpg,2,1,Leaf rust,0.531901,0.5177,0.052083,0.035889
IMG20260105093214.jpg,3,1,Leaf rust,0.631022,0.40564,0.05306,0.025146
IMG20260105093214.jpg,4,1,Leaf rust,0.375326,0.591431,0.05599,0.04126
IMG20260105093214.jpg,5,1,Leaf rust,0.5625,0.085938,0.054036,0.03418
IMG20260105093214.jpg,6,1,Leaf rust,0.510579,0.145142,0.049805,0.042725
IMG20260105093214.jpg,7,2,anthracnose,0.496745,0.830078,0.077474,0.05957
IMG20260105093224.jpg,1,0,brown spot,0.321777,0.946289,0.041504,0.048177
IMG20260105093224.jpg,2,2,anthracnose,0.714966,0.159342,0.042725,0.05957
IMG20260105093224.jpg,3,2,anthracnose,0.366089,0.703776,0.096924,0.059245
IMG20260105093224.jpg,4,0,brown spot,0.113647,0.372884,0.040283,0.043945
IMG20260105093224.jpg,5,0,brown spot,0.428955,0.43571,0.024902,0.037435
IMG20260105093224.jpg,6,2,anthracnose,0.574341,0.225911,0.218018,0.182943
IMG20260105093224.jpg,7,2,anthracnose,0.717163,0.263835,0.070068,0.086914
IMG20260105093224.jpg,8,2,anthracnose,0.040649,0.540527,0.043213,0.049154
IMG20260105093236.jpg,1,0,brown spot,0.666667,0.743164,0.085286,0.05957
IMG20260105093252.jpg,1,2,anthracnose,0.466309,0.155396,0.099935,0.049561
IMG20260105093252.jpg,2,2,anthracnose,0.543132,0.106201,0.080404,0.036621
IMG20260105093252.jpg,3,2,anthracnose,0.6875,0.171753,0.155599,0.111572
IMG20260105093252.jpg,4,2,anthracnose,0.808105,0.33313,0.105794,0.196045
IMG20260105093252.jpg,5,2,anthracnose,0.754069,0.514404,0.105794,0.097656
IMG20260105093252.jpg,6,2,anthracnose,0.847819,0.522705,0.05306,0.183105
IMG20260105093252.jpg,7,2,anthracnose,0.791341,0.667603,0.106771,0.140381
IMG20260105093252.jpg,8,2,anthracnose,0.403809,0.623779,0.143555,0.098633
IMG20260105093252.jpg,9,2,anthracnose,0.341634,0.5177,0.112956,0.113525
IMG20260105093252.jpg,10,2,anthracnose,0.32959,0.413208,0.114909,0.095459
IMG20260105093252.jpg,11,2,anthracnose,0.353841,0.322388,0.139323,0.087646
IMG20260105093252.jpg,12,2,anthracnose,0.371582,0.234741,0.124023,0.086182
IMG20260105093252.jpg,13,2,anthracnose,0.66569,0.437256,0.061198,0.070312
IMG20260105093256.jpg,1,2,anthracnose,0.19458,0.571452,0.097168,0.138346
IMG20260105093256.jpg,2,2,anthracnose,0.257812,0.675293,0.085449,0.05957
IMG20260105093256.jpg,3,2,anthracnose,0.312988,0.73763,0.070312,0.052083
IMG20260105093256.jpg,4,2,anthracnose,0.200684,0.340332,0.07373,0.076497
IMG20260105093256.jpg,5,2,anthracnose,0.616089,0.485514,0.072021,0.096029
IMG20260105093256.jpg,6,2,anthracnose,0.555542,0.727865,0.050049,0.053385
IMG20260105093306.jpg,1,2,anthracnose,0.341146,0.740967,0.099609,0.111328
IMG20260105093306.jpg,2,2,anthracnose,0.308594,0.472412,0.048828,0.048828
IMG20260105093315.jpg,1,2,anthracnose,0.542643,0.804932,0.307292,0.155762
IMG20260105093319.jpg,1,2,anthracnose,0.573079,0.690918,0.606445,0.337891
IMG20260105093319.jpg,2,2,anthracnose,0.58138,0.926636,0.260417,0.133545
IMG20260105093319.jpg,3,2,anthracnose,0.933105,0.495239,0.12207,0.138916
IMG20260105093319.jpg,4,2,anthracnose,0.938639,0.280518,0.122721,0.287598
IMG20260105093319.jpg,5,2,anthracnose,0.047201,0.291138,0.08724,0.125732
IMG20260105093319.jpg,6,2,anthracnose,0.083333,0.135132,0.123047,0.106689
IMG20260105093324.jpg,1,2,anthracnose,0.435221,0.761963,0.153646,0.104492
IMG20260105093324.jpg,2,2,anthracnose,0.624023,0.790894,0.213542,0.086182
IMG20260105093324.jpg,3,2,anthracnose,0.359863,0.589844,0.112956,0.154297
IMG20260105093324.jpg,4,2,anthracnose,0.375326,0.447144,0.086589,0.068604
IMG20260105093324.jpg,5,2,anthracnose,0.690104,0.297241,0.085286,0.058838
IMG20260105093324.jpg,6,2,anthracnose,0.479004,0.273804,0.161784,0.167725
IMG20260105093327.jpg,1,2,anthracnose,0.49528,0.416626,0.078451,0.120361
IMG20260105093327.jpg,2,2,anthracnose,0.559896,0.561279,0.101562,0.141113
IMG20260105093327.jpg,3,2,anthracnose,0.552734,0.724121,0.130208,0.158691
IMG20260105093345.jpg,1,2,anthracnose,0.308105,0.709961,0.174154,0.187012
IMG20260105093345.jpg,2,2,anthracnose,0.436198,0.85083,0.135417,0.099121
IMG20260105093345.jpg,3,2,anthracnose,0.523763,0.445312,0.110677,0.081543
IMG20260105093345.jpg,4,2,anthracnose,0.499349,0.530762,0.082682,0.055664
IMG20260105093345.jpg,5,2,anthracnose,0.540527,0.733276,0.073242,0.102295
IMG20260105093345.jpg,6,2,anthracnose,0.600098,0.628418,0.163737,0.116699
IMG20260105093351.jpg,1,2,anthracnose,0.849121,0.155884,0.301758,0.087646
IMG20260105093351.jpg,2,2,anthracnose,0.836914,0.022949,0.054036,0.04541
IMG20260105093351.jpg,3,2,anthracnose,0.256673,0.118896,0.077148,0.099121
IMG20260105093351.jpg,4,2,anthracnose,0.392904,0.799438,0.146484,0.273193
IMG20260105093351.jpg,5,2,anthracnose,0.650391,0.936035,0.101562,0.125
IMG20260105093351.jpg,6,2,anthracnose,0.553711,0.923462,0.099609,0.113525
IMG20260105093405.jpg,1,2,anthracnose,0.086751,0.572388,0.118164,0.182373
IMG20260105093405.jpg,2,2,anthracnose,0.190592,0.718994,0.058919,0.05127
IMG20260105093405.jpg,3,2,anthracnose,0.706868,0.233643,0.080404,0.055664
IMG20260105093414.jpg,1,2,anthracnose,0.272461,0.782959,0.204427,0.202148
IMG20260105093414.jpg,2,2,anthracnose,0.465169,0.952515,0.095703,0.07251
IMG20260105093442.jpg,1,2,anthracnose,0.664388,0.760864,0.229818,0.133545
IMG20260105093442.jpg,2,2,anthracnose,0.405111,0.725708,0.105794,0.099854
IMG20260105093442.jpg,3,2,anthracnose,0.38737,0.60376,0.13151,0.069336
IMG20260105093442.jpg,4,2,anthracnose,0.617676,0.336304,0.089518,0.076416
IMG20260105093442.jpg,5,0,brown spot,0.533854,0.459229,0.04362,0.038086
IMG20260105093448.jpg,1,0,brown spot,0.416992,0.373047,0.061849,0.036621
IMG20260105093448.jpg,2,0,brown spot,0.368164,0.30481,0.03776,0.026611
IMG20260105093448.jpg,3,0,brown spot,0.366048,0.272095,0.053711,0.026611
IMG20260105093448.jpg,4,0,brown spot,0.321777,0.417847,0.056966,0.037354
IMG20260105093448.jpg,5,0,brown spot,0.120443,0.920898,0.050781,0.039551
IMG20260105093448.jpg,6,1,Leaf rust,0.445964,0.796509,0.065104,0.042725
IMG20260105093448.jpg,7,1,Leaf rust,0.383789,0.758057,0.050781,0.025391
IMG20260105093448.jpg,8,1,Leaf rust,0.450033,0.515381,0.042643,0.029785
IMG20260105093448.jpg,9,1,Leaf rust,0.494792,0.470459,0.050781,0.029785
IMG20260105093451.jpg,1,2,anthracnose,0.578939,0.891846,0.168945,0.074707
IMG20260105093451.jpg,2,2,anthracnose,0.390299,0.782715,0.041667,0.038086
IMG20260105093451.jpg,3,2,anthracnose,0.743978,0.485962,0.038737,0.042725
IMG20260105093455.jpg,1,0,brown spot,0.417969,0.531006,0.092448,0.0625
IMG20260105093455.jpg,2,1,Leaf rust,0.259766,0.44873,0.063151,0.036621
IMG20260105093455.jpg,3,0,brown spot,0.405762,0.378906,0.035482,0.021973
IMG20260105093502.jpg,1,0,brown spot,0.28776,0.537964,0.098958,0.053467
IMG20260105093508.jpg,1,0,brown spot,0.893066,0.510864,0.047852,0.035889
IMG20260105093508.jpg,2,1,Leaf rust,0.689128,0.384521,0.044922,0.025879
IMG20260105093508.jpg,3,1,Leaf rust,0.682943,0.346558,0.063151,0.042725
IMG20260105093508.jpg,4,1,Leaf rust,0.784668,0.530762,0.02832,0.020508
IMG20260105093508.jpg,5,0,brown spot,0.339518,0.673218,0.119141,0.081787
IMG20260105094003.jpg,1,2,anthracnose,0.304036,0.685669,0.177734,0.109131
IMG20260105094003.jpg,2,2,anthracnose,0.418457,0.764526,0.207357,0.111572
IMG20260105094003.jpg,3,2,anthracnose,0.55127,0.855347,0.181966,0.087158
IMG20260105094003.jpg,4,2,anthracnose,0.637695,0.258911,0.302083,0.315186
IMG20260105094011.jpg,1,2,anthracnose,0.21814,0.282227,0.209229,0.280599
IMG20260105094011.jpg,2,2,anthracnose,0.392822,0.206217,0.090332,0.105143
IMG20260105094058.jpg,1,1,Leaf rust,0.426758,0.397583,0.097656,0.091553
IMG20260105094058.jpg,2,0,brown spot,0.648926,0.258667,0.043945,0.033447
IMG20260105094058.jpg,3,1,Leaf rust,0.669759,0.489502,0.04069,0.025391
IMG20260105094058.jpg,4,1,Leaf rust,0.594889,0.477661,0.045898,0.026123
IMG20260105094058.jpg,5,1,Leaf rust,0.307129,0.518555,0.069987,0.064941
IMG20260105094058.jpg,6,1,Leaf rust,0.93929,0.650513,0.046549,0.028076
IMG20260105094058.jpg,7,1,Leaf rust,0.960124,0.814941,0.035482,0.036621
IMG20260105094058.jpg,8,2,anthracnose,0.293783,0.42749,0.078451,0.087891
IMG20260105094058.jpg,9,2,anthracnose,0.272949,0.300537,0.044596,0.125
IMG20260105094114.jpg,1,1,Leaf rust,0.52474,0.43042,0.074219,0.047363
IMG20260105094114.jpg,2,1,Leaf rust,0.511556,0.289551,0.051758,0.032715
IMG20260105094114.jpg,3,1,Leaf rust,0.325846,0.540649,0.065104,0.051025
IMG20260105094114.jpg,4,1,Leaf rust,0.557292,0.619141,0.070312,0.043457
IMG20260105094114.jpg,5,1,Leaf rust,0.244954,0.477661,0.062174,0.034912
IMG20260105094114.jpg,6,1,Leaf rust,0.32194,0.616821,0.032552,0.023682
IMG20260105094114.jpg,7,1,Leaf rust,0.364095,0.635254,0.033529,0.021973
IMG20260105094114.jpg,8,1,Leaf rust,0.369629,0.600098,0.036784,0.029785
IMG20260105094114.jpg,9,1,Leaf rust,0.472982,0.53418,0.04362,0.025879
IMG20260105094114.jpg,10,1,Leaf rust,0.320801,0.214844,0.042643,0.023438
IMG20260105094114.jpg,11,1,Leaf rust,0.291341,0.256348,0.036458,0.024414
IMG20260105094114.jpg,12,1,Leaf rust,0.252279,0.605103,0.090495,0.172607
IMG20260105094135.jpg,1,0,brown spot,0.111328,0.201172,0.044922,0.03125
IMG20260105094135.jpg,2,0,brown spot,0.234863,0.053833,0.047852,0.026611
IMG20260105094135.jpg,3,0,brown spot,0.436198,0.18396,0.027344,0.019775
IMG20260105094135.jpg,4,2,anthracnose,0.279622,0.168823,0.090495,0.073975
IMG20260105094135.jpg,5,2,anthracnose,0.654297,0.638062,0.063151,0.089111
IMG20260105094135.jpg,6,2,anthracnose,0.681315,0.511475,0.027344,0.055664
IMG20260105094135.jpg,7,2,anthracnose,0.516439,0.857056,0.049805,0.040283
IMG20260105094135.jpg,8,2,anthracnose,0.615234,0.76709,0.039714,0.040527
IMG20260105094135.jpg,9,2,anthracnose,0.461589,0.890991,0.045573,0.031982
IMG20260105094151.jpg,1,1,Leaf rust,0.35144,0.913737,0.030029,0.048177
IMG20260105094151.jpg,2,1,Leaf rust,0.150635,0.804688,0.041016,0.05599
IMG20260105094151.jpg,3,1,Leaf rust,0.584229,0.912598,0.021973,0.027669
IMG20260105094151.jpg,4,1,Leaf rust,0.666382,0.958171,0.031006,0.047201
IMG20260105094151.jpg,5,1,Leaf rust,0.309326,0.630534,0.036133,0.035156
IMG20260105094151.jpg,6,1,Leaf rust,0.563599,0.51123,0.037842,0.053711
IMG20260105094151.jpg,7,1,Leaf rust,0.453735,0.438151,0.037842,0.039062
IMG20260105094151.jpg,8,1,Leaf rust,0.394165,0.561849,0.032471,0.042318
IMG20260105094151.jpg,9,1,Leaf rust,0.430786,0.346029,0.05542,0.061849
IMG20260105094151.jpg,10,1,Leaf rust,0.541016,0.347005,0.036621,0.035807
IMG20260105094151.jpg,11,1,Leaf rust,0.376221,0.299316,0.036621,0.044596
IMG20260105094151.jpg,12,1,Leaf rust,0.414551,0.26709,0.046387,0.037435
IMG20260105094151.jpg,13,1,Leaf rust,0.366455,0.980957,0.024414,0.03418
IMG20260105094151.jpg,14,1,Leaf rust,0.514038,0.74528,0.030518,0.031576
IMG20260105094151.jpg,15,2,anthracnose,0.204346,0.258626,0.059082,0.046549
IMG20260105094151.jpg,16,2,anthracnose,0.291992,0.24235,0.10498,0.05957
IMG20260105094151.jpg,17,2,anthracnose,0.192139,0.327311,0.038574,0.056966
IMG20260105094151.jpg,18,2,anthracnose,0.58313,0.233724,0.045166,0.071615
IMG20260105094151.jpg,19,2,anthracnose,0.84375,0.375488,0.03418,0.060221
IMG20260105094151.jpg,20,0,brown spot,0.779297,0.543783,0.03125,0.030924
IMG20260105094157.jpg,1,2,anthracnose,0.240356,0.439779,0.069092,0.045573
IMG20260105094157.jpg,2,2,anthracnose,0.352051,0.429036,0.154297,0.087891
IMG20260105094157.jpg,3,2,anthracnose,0.49585,0.392578,0.10498,0.052083
IMG20260105094157.jpg,4,2,anthracnose,0.707275,0.453939,0.081055,0.083659
IMG20260105094157.jpg,5,2,anthracnose,0.840942,0.525065,0.057861,0.061849
IMG20260105094157.jpg,6,2,anthracnose,0.866211,0.59554,0.075684,0.062826
IMG20260105094157.jpg,7,0,brown spot,0.240723,0.512533,0.043945,0.057617
IMG20260105094201.jpg,1,0,brown spot,0.517822,0.446289,0.058594,0.061849
IMG20260105094201.jpg,2,0,brown spot,0.572388,0.385091,0.044678,0.055339
IMG20260105094201.jpg,3,0,brown spot,0.479004,0.307943,0.04834,0.039062
IMG20260105094201.jpg,4,0,brown spot,0.379761,0.607422,0.064697,0.078125
IMG20260105094201.jpg,5,1,Leaf rust,0.570923,0.532552,0.030518,0.048828
IMG20260105094201.jpg,6,1,Leaf rust,0.515015,0.535645,0.047119,0.047201
IMG20260105094201.jpg,7,1,Leaf rust,0.69043,0.474609,0.026855,0.029297
IMG20260105094201.jpg,8,2,anthracnose,0.650146,0.736328,0.100098,0.05013
IMG20260105094201.jpg,9,2,anthracnose,0.54834,0.783529,0.098145,0.044271
IMG20260105094226.jpg,1,0,brown spot,0.470703,0.739258,0.036621,0.035807
IMG20260105094230.jpg,1,0,brown spot,0.382324,0.578451,0.046387,0.057943
IMG20260105094230.jpg,2,0,brown spot,0.099976,0.371257,0.034912,0.047201
IMG20260105094234.jpg,1,0,brown spot,0.395142,0.625651,0.028076,0.031901
IMG20260105094234.jpg,2,0,brown spot,0.500366,0.775065,0.026123,0.045573
IMG20260105094234.jpg,3,1,Leaf rust,0.165283,0.102051,0.038086,0.051758
IMG20260105094234.jpg,4,1,Leaf rust,0.07605,0.35498,0.042725,0.040039
IMG20260105094234.jpg,5,1,Leaf rust,0.025146,0.301595,0.033203,0.040039
IMG20260105094234.jpg,6,1,Leaf rust,0.032349,0.369466,0.030029,0.035807
IMG20260105094234.jpg,7,1,Leaf rust,0.318726,0.612305,0.034424,0.041016
IMG20260105094234.jpg,8,1,Leaf rust,0.477905,0.644368,0.04126,0.036784
IMG20260105094234.jpg,9,1,Leaf rust,0.432251,0.534342,0.017334,0.025065
IMG20260105094234.jpg,10,1,Leaf rust,0.51709,0.520996,0.02832,0.033529
IMG20260105094234.jpg,11,1,Leaf rust,0.58252,0.499674,0.028809,0.032552
IMG20260105094234.jpg,12,0,brown spot,0.380005,0.286784,0.03833,0.026042
IMG20260105094243.jpg,1,2,anthracnose,0.4552,0.369792,0.147217,0.218099
IMG20260105094243.jpg,2,0,brown spot,0.632202,0.400553,0.127686,0.183919
IMG20260105094243.jpg,3,2,anthracnose,0.768677,0.502767,0.135498,0.155273
IMG20260105094243.jpg,4,2,anthracnose,0.468018,0.678223,0.056641,0.069987
IMG20260105094243.jpg,5,0,brown spot,0.194824,0.533691,0.029297,0.036784
IMG20260105094243.jpg,6,0,brown spot,0.144775,0.458822,0.036621,0.030273
IMG20260105094243.jpg,7,0,brown spot,0.42749,0.772461,0.043945,0.055339
IMG20260105094249.jpg,1,2,anthracnose,0.17334,0.629517,0.185221,0.213623
IMG20260105094249.jpg,2,2,anthracnose,0.334147,0.450562,0.073242,0.096924
IMG20260105094249.jpg,3,2,anthracnose,0.232422,0.77063,0.083333,0.062744
IMG20260105094249.jpg,4,0,brown spot,0.372233,0.381104,0.049805,0.03125
IMG20260105094249.jpg,5,0,brown spot,0.403158,0.405518,0.042643,0.02832
IMG20260105094249.jpg,6,0,brown spot,0.250163,0.352905,0.066081,0.040283
IMG20260105094249.jpg,7,0,brown spot,0.293945,0.647827,0.041667,0.031982
IMG20260105094249.jpg,8,0,brown spot,0.157064,0.364014,0.046549,0.035156
IMG20260105094249.jpg,9,2,anthracnose,0.490072,0.911621,0.098633,0.048828
IMG20260105094249.jpg,10,2,anthracnose,0.614095,0.936768,0.114909,0.070312
IMG20260105094307.jpg,1,2,anthracnose,0.530273,0.5271,0.108073,0.158691
IMG20260105094330.jpg,1,4,healthy,0.55306,0.336548,0.39974,0.672607
IMG20260105094335.jpg,1,4,healthy,0.471354,0.496216,0.589844,0.757568
IMG20260105094349.jpg,1,2,anthracnose,0.496257,0.457642,0.361003,0.221436
IMG20260105094406.jpg,1,0,brown spot,0.808105,0.545532,0.05306,0.042725
IMG20260105094406.jpg,2,0,brown spot,0.57194,0.622681,0.048828,0.029053
IMG20260105094406.jpg,3,2,anthracnose,0.426107,0.602417,0.059896,0.051025
IMG20260105094406.jpg,4,2,anthracnose,0.52474,0.739746,0.090495,0.115234
IMG20260105094406.jpg,5,2,anthracnose,0.912598,0.381958,0.127279,0.167236
IMG20260105094429.jpg,1,0,brown spot,0.641764,0.337646,0.092773,0.058594
IMG20260105094434.jpg,1,2,anthracnose,0.632487,0.602295,0.198568,0.528809
IMG20260105094440.jpg,1,0,brown spot,0.529907,0.658203,0.030518,0.041667
IMG20260105094440.jpg,2,1,Leaf rust,0.633789,0.508789,0.026855,0.035807
IMG20260105094440.jpg,3,1,Leaf rust,0.683472,0.647298,0.050537,0.056966
IMG20260105094440.jpg,4,1,Leaf rust,0.47937,0.400553,0.032959,0.030924
IMG20260105094440.jpg,5,1,Leaf rust,0.617554,0.418132,0.028564,0.027018
IMG20260105094440.jpg,6,1,Leaf rust,0.705444,0.504883,0.027588,0.026042
IMG20260105094440.jpg,7,1,Leaf rust,0.530273,0.458008,0.036133,0.031901
IMG20260105094440.jpg,8,1,Leaf rust,0.287964,0.454753,0.023193,0.020833
IMG20260105094440.jpg,9,1,Leaf rust,0.470093,0.548503,0.040771,0.055339
IMG20260105094440.jpg,10,1,Leaf rust,0.422241,0.595215,0.032471,0.055013
IMG20260105094440.jpg,11,1,Leaf rust,0.458618,0.649577,0.018799,0.02832
IMG20260105094440.jpg,12,1,Leaf rust,0.219116,0.33903,0.020752,0.019857
IMG20260105094440.jpg,13,1,Leaf rust,0.316528,0.890299,0.030029,0.03776
IMG20260105094440.jpg,14,1,Leaf rust,0.326538,0.80306,0.036377,0.055339
IMG20260105094440.jpg,15,1,Leaf rust,0.383179,0.7736,0.034424,0.033529
IMG20260105094440.jpg,16,1,Leaf rust,0.496094,0.802572,0.017578,0.03418
IMG20260105094440.jpg,17,1,Leaf rust,0.402588,0.898926,0.038086,0.051758
IMG20260105094440.jpg,18,1,Leaf rust,0.273926,0.909505,0.033691,0.035807
IMG20260105094440.jpg,19,1,Leaf rust,0.192871,0.851562,0.021973,0.023438
IMG20260105094440.jpg,20,1,Leaf rust,0.26355,0.764648,0.025635,0.031901
IMG20260105094440.jpg,21,1,Leaf rust,0.232178,0.725098,0.030762,0.024414
IMG20260105094440.jpg,22,1,Leaf rust,0.567749,0.873535,0.018311,0.030924
IMG20260105094440.jpg,23,1,Leaf rust,0.63623,0.891276,0.02002,0.032552
IMG20260105094642.jpg,1,2,anthracnose,0.538411,0.366455,0.113932,0.214355
IMG20260105094732.jpg,1,0,brown spot,0.402669,0.466919,0.041667,0.029053
IMG20260105094742.jpg,1,3,Affected by leaf miner,0.674805,0.432007,0.213542,0.513428
IMG20260105094805.jpg,1,2,anthracnose,0.458659,0.507812,0.108724,0.151855
IMG20260105094805.jpg,2,2,anthracnose,0.507487,0.691284,0.088542,0.090088
IMG20260105094805.jpg,3,2,anthracnose,0.522624,0.806152,0.066081,0.069336
IMG20260105094805.jpg,4,2,anthracnose,0.596517,0.730225,0.095378,0.08252
IMG20260105094805.jpg,5,2,anthracnose,0.619954,0.44873,0.073242,0.045898
IMG20260105094805.jpg,6,2,anthracnose,0.686035,0.475342,0.044596,0.050293
IMG20260105094805.jpg,7,2,anthracnose,0.59554,0.506348,0.05306,0.041992
IMG20260105094805.jpg,8,2,anthracnose,0.625,0.543701,0.042969,0.02832
IMG20260105094805.jpg,9,2,anthracnose,0.356771,0.062866,0.102865,0.121338
IMG20260105094808.jpg,1,0,brown spot,0.439779,0.144287,0.061198,0.047363
IMG20260105094808.jpg,2,0,brown spot,0.467285,0.062622,0.036784,0.033447
IMG20260105094808.jpg,3,0,brown spot,0.361654,0.265259,0.032552,0.023682
IMG20260105094808.jpg,4,0,brown spot,0.494792,0.360229,0.083333,0.067139
IMG20260105094812.jpg,1,0,brown spot,0.307617,0.369629,0.054688,0.029785
IMG20260105094812.jpg,2,0,brown spot,0.504883,0.371216,0.065104,0.071045
IMG20260105094812.jpg,3,0,brown spot,0.36849,0.428101,0.032552,0.031982
IMG20260105094812.jpg,4,0,brown spot,0.334635,0.507812,0.072266,0.064941
IMG20260105094812.jpg,5,0,brown spot,0.343262,0.594482,0.058919,0.035156
IMG20260105094812.jpg,6,0,brown spot,0.367025,0.649414,0.100586,0.0625
IMG20260105094812.jpg,7,0,brown spot,0.186686,0.213379,0.056966,0.032715
IMG20260105094812.jpg,8,0,brown spot,0.353353,0.172485,0.042643,0.031982
IMG20260105094812.jpg,9,0,brown spot,0.331055,0.250366,0.050781,0.044189
IMG20260105094812.jpg,10,0,brown spot,0.371582,0.317505,0.042643,0.027588
IMG20260105094812.jpg,11,0,brown spot,0.253743,0.464722,0.05306,0.044189
IMG20260105094812.jpg,12,0,brown spot,0.242025,0.542847,0.043945,0.026611
IMG20260105094812.jpg,13,0,brown spot,0.164062,0.042847,0.050781,0.033447
IMG20260105094812.jpg,14,0,brown spot,0.099609,0.057251,0.05599,0.030518
IMG20260105094812.jpg,15,0,brown spot,0.097493,0.090088,0.043945,0.024414
IMG20260105094812.jpg,16,0,brown spot,0.17985,0.085205,0.064128,0.032715
IMG20260105094812.jpg,17,0,brown spot,0.181966,0.249512,0.041667,0.027344
IMG20260105094819.jpg,1,0,brown spot,0.496257,0.365967,0.080404,0.054199
IMG20260105094819.jpg,2,0,brown spot,0.514648,0.28894,0.05599,0.035889
IMG20260105094819.jpg,3,0,brown spot,0.582194,0.324341,0.038737,0.031982
IMG20260105094819.jpg,4,0,brown spot,0.560872,0.655396,0.054688,0.042725
IMG20260105094819.jpg,5,0,brown spot,0.134766,0.452148,0.067057,0.021973
IMG20260105094834.jpg,1,0,brown spot,0.479492,0.811157,0.083333,0.090088
IMG20260105094834.jpg,2,0,brown spot,0.635254,0.835083,0.091471,0.063232
IMG20260105094913.jpg,1,2,anthracnose,0.638672,0.627441,0.078125,0.09375
IMG20260105094913.jpg,2,2,anthracnose,0.269857,0.435547,0.083333,0.157227
IMG20260105094913.jpg,3,2,anthracnose,0.447428,0.639282,0.255534,0.251709
IMG20260105094942.jpg,1,0,brown spot,0.623861,0.789307,0.056966,0.040527
IMG20260105094942.jpg,2,0,brown spot,0.802572,0.591797,0.035482,0.02832
IMG20260105094942.jpg,3,0,brown spot,0.428711,0.353027,0.044922,0.03125
IMG20260105094945.jpg,1,0,brown spot,0.761882,0.316406,0.049805,0.03125
IMG20260105094945.jpg,2,0,brown spot,0.70752,0.155396,0.056966,0.048096
IMG20260105094945.jpg,3,0,brown spot,0.741536,0.510864,0.03776,0.026611
IMG20260105094945.jpg,4,0,brown spot,0.774902,0.525024,0.033529,0.029053
IMG20260105094945.jpg,5,0,brown spot,0.783203,0.584106,0.04362,0.043701
IMG20260105095000.jpg,1,0,brown spot,0.607747,0.494141,0.050781,0.040527
IMG20260105095000.jpg,2,0,brown spot,0.451497,0.336914,0.041667,0.023438
IMG20260105095000.jpg,3,0,brown spot,0.305013,0.1698,0.061849,0.037354
IMG20260105095000.jpg,4,0,brown spot,0.416016,0.579834,0.039714,0.022949
IMG20260105095000.jpg,5,0,brown spot,0.57015,0.703491,0.055013,0.039795
IMG20260105095015.jpg,1,2,anthracnose,0.224609,0.465698,0.155599,0.095459
IMG20260105095015.jpg,2,2,anthracnose,0.333984,0.390137,0.101562,0.05127
IMG20260105095015.jpg,3,2,anthracnose,0.618164,0.313843,0.253255,0.075439
IMG20260105095015.jpg,4,2,anthracnose,0.861979,0.598389,0.08138,0.055664
IMG20260105095015.jpg,5,2,anthracnose,0.925293,0.728516,0.149414,0.056641
IMG20260105095015.jpg,6,2,anthracnose,0.674805,0.731934,0.130208,0.075684
IMG20260105095021.jpg,1,2,anthracnose,0.717448,0.522095,0.091797,0.145752
IMG20260105095021.jpg,2,2,anthracnose,0.408203,0.598511,0.111979,0.098389
IMG20260105095047.jpg,1,0,brown spot,0.572591,0.334229,0.070312,0.053223
IMG20260105095047.jpg,2,0,brown spot,0.491211,0.234985,0.045573,0.031982
IMG20260105095047.jpg,3,0,brown spot,0.643229,0.704224,0.044922,0.044189
IMG20260105095047.jpg,4,0,brown spot,0.563965,0.716064,0.056966,0.039062
IMG20260105095047.jpg,5,0,brown spot,0.619303,0.564697,0.047852,0.038086
IMG20260105095047.jpg,6,0,brown spot,0.063477,0.645142,0.075521,0.055908
IMG20260105095047.jpg,7,2,anthracnose,0.700195,0.55188,0.08724,0.13501
IMG20260105095047.jpg,8,2,anthracnose,0.273438,0.85022,0.088542,0.095459
IMG20260105095047.jpg,9,2,anthracnose,0.239909,0.649902,0.102865,0.20752
IMG20260105095047.jpg,10,2,anthracnose,0.228678,0.954224,0.069987,0.091553
IMG20260105095047.jpg,11,2,anthracnose,0.683431,0.855591,0.112956,0.121338
IMG20260105095050.jpg,1,0,brown spot,0.486328,0.42688,0.092448,0.068115
IMG20260105095050.jpg,2,2,anthracnose,0.737305,0.400757,0.128906,0.278564
IMG20260105095050.jpg,3,2,anthracnose,0.777507,0.68689,0.101888,0.107666
IMG20260105095050.jpg,4,2,anthracnose,0.715983,0.819702,0.078451,0.107666
IMG20260105095054.jpg,1,2,anthracnose,0.623372,0.496948,0.059896,0.055908
IMG20260105095054.jpg,2,2,anthracnose,0.511556,0.784546,0.149414,0.112061
IMG20260105095054.jpg,3,2,anthracnose,0.31071,0.376709,0.089518,0.097656
IMG20260105095312.jpg,1,2,anthracnose,0.67627,0.584351,0.058268,0.070068
IMG20260105095312.jpg,2,2,anthracnose,0.458496,0.480957,0.163737,0.057129
IMG20260105095312.jpg,3,2,anthracnose,0.571615,0.380249,0.121094,0.083252
IMG20260105095346.jpg,1,2,anthracnose,0.335449,0.43811,0.109049,0.110596
IMG20260105095451.jpg,1,3,Affected by leaf miner,0.304362,0.327026,0.075521,0.299072
IMG20260105095602.jpg,1,1,Leaf rust,0.631999,0.374146,0.193034,0.380615
IMG20260105095758.jpg,1,0,brown spot,0.07373,0.249146,0.056966,0.032959
IMG20260105095758.jpg,2,0,brown spot,0.603027,0.527954,0.049805,0.053467
IMG20260105095758.jpg,3,0,brown spot,0.629069,0.574951,0.042643,0.039062
IMG20260105095802.jpg,1,0,brown spot,0.308105,0.129761,0.098633,0.065674
IMG20260105095802.jpg,2,0,brown spot,0.431641,0.493774,0.061198,0.04126
IMG20260105095802.jpg,3,2,anthracnose,0.690104,0.551147,0.110026,0.353271
IMG20260105095802.jpg,4,2,anthracnose,0.383301,0.454224,0.045898,0.043701
IMG20260105095802.jpg,5,2,anthracnose,0.373698,0.551147,0.048828,0.087646
IMG20260105095802.jpg,6,2,anthracnose,0.411296,0.627319,0.058919,0.049561
IMG20260105095802.jpg,7,2,anthracnose,0.494141,0.706421,0.106771,0.079346
IMG20260105095809.jpg,1,3,Affected by leaf miner,0.651855,0.438599,0.369466,0.575439
IMG20260105095836.jpg,1,0,brown spot,0.389974,0.35791,0.046875,0.028809
IMG20260105095836.jpg,2,0,brown spot,0.619954,0.552368,0.042643,0.029053
IMG20260105095836.jpg,3,0,brown spot,0.602539,0.756836,0.036458,0.025879
IMG20260105095836.jpg,4,0,brown spot,0.668783,0.693604,0.036784,0.027344
IMG20260105095836.jpg,5,0,brown spot,0.682454,0.608154,0.039388,0.032227
IMG20260105095836.jpg,6,0,brown spot,0.559896,0.479248,0.036458,0.027344
IMG20260105095836.jpg,7,0,brown spot,0.409831,0.525757,0.045573,0.029053
IMG20260105095836.jpg,8,0,brown spot,0.35498,0.478149,0.035482,0.025146
IMG20260105095836.jpg,9,0,brown spot,0.516113,0.764526,0.058919,0.030518
IMG20260105095836.jpg,10,0,brown spot,0.557943,0.729858,0.046875,0.028076
IMG20260105095849.jpg,1,0,brown spot,0.44401,0.442871,0.063151,0.041992
IMG20260105095849.jpg,2,0,brown spot,0.501953,0.555786,0.067057,0.037354
IMG20260105095849.jpg,3,0,brown spot,0.522786,0.648193,0.057943,0.032715
IMG20260105095849.jpg,4,0,brown spot,0.524251,0.683716,0.055013,0.030518
IMG20260105095849.jpg,5,0,brown spot,0.157064,0.467285,0.034831,0.029785
IMG20260105095849.jpg,6,0,brown spot,0.342122,0.169922,0.036458,0.03125
IMG20260105095849.jpg,7,0,brown spot,0.597493,0.114136,0.036784,0.029541
IMG20260105095849.jpg,8,0,brown spot,0.565592,0.293457,0.049805,0.029785
IMG20260105095913.jpg,1,0,brown spot,0.979004,0.449829,0.036784,0.034424
IMG20260105095913.jpg,2,3,Affected by leaf miner,0.434245,0.456909,0.173828,0.521729
IMG20260105095929.jpg,1,2,anthracnose,0.623372,0.540527,0.096354,0.127441
IMG20260105095929.jpg,2,2,anthracnose,0.480469,0.663696,0.215495,0.190674
IMG20260105095929.jpg,3,2,anthracnose,0.395996,0.450806,0.093424,0.062744
IMG20260105095929.jpg,4,2,anthracnose,0.400065,0.349609,0.044922,0.055664
IMG20260105100014.jpg,1,0,brown spot,0.651978,0.388835,0.042725,0.047852
IMG20260105100014.jpg,2,0,brown spot,0.309937,0.567546,0.039795,0.050456
IMG20260105100014.jpg,3,0,brown spot,0.909668,0.47347,0.039062,0.044596
IMG20260105100017.jpg,1,0,brown spot,0.421061,0.551025,0.051758,0.036621
IMG20260105100017.jpg,2,0,brown spot,0.479004,0.608521,0.047852,0.037354
IMG20260105100017.jpg,3,0,brown spot,0.691081,0.109131,0.038411,0.025879
IMG20260105100017.jpg,4,0,brown spot,0.617839,0.037842,0.030599,0.020508
IMG20260105100017.jpg,5,0,brown spot,0.570638,0.022949,0.05599,0.041016
IMG20260105100017.jpg,6,0,brown spot,0.101074,0.125366,0.036784,0.026611
IMG20260105100024.jpg,1,0,brown spot,0.272461,0.307495,0.027344,0.018311
IMG20260105100024.jpg,2,0,brown spot,0.133138,0.521118,0.04362,0.031982
IMG20260105100024.jpg,3,0,brown spot,0.287272,0.419312,0.030273,0.020752
IMG20260105100024.jpg,4,2,anthracnose,0.612142,0.514893,0.047852,0.0625
IMG20260105100024.jpg,5,2,anthracnose,0.553223,0.615112,0.035482,0.025146
IMG20260105100024.jpg,6,2,anthracnose,0.414388,0.598755,0.046875,0.030518
IMG20260105100028.jpg,1,0,brown spot,0.58431,0.30481,0.036458,0.023682
IMG20260105100028.jpg,2,0,brown spot,0.465658,0.187744,0.033529,0.025879
IMG20260105100028.jpg,3,0,brown spot,0.97998,0.31604,0.038737,0.030518
IMG20260105100028.jpg,4,0,brown spot,0.920573,0.560791,0.025391,0.024414
IMG20260105100028.jpg,5,0,brown spot,0.622396,0.754517,0.035807,0.018311
IMG20260105100028.jpg,6,0,brown spot,0.644857,0.78064,0.029297,0.016846
IMG20260105100028.jpg,7,0,brown spot,0.743978,0.460571,0.034831,0.034424
IMG20260105100032.jpg,1,0,brown spot,0.554362,0.25061,0.054036,0.037354
IMG20260105100037.jpg,1,0,brown spot,0.480632,0.408936,0.042643,0.036621
IMG20260105100037.jpg,2,0,brown spot,0.642253,0.491455,0.030599,0.024414
IMG20260105100037.jpg,3,0,brown spot,0.604167,0.754272,0.035807,0.025146
IMG20260105100037.jpg,4,0,brown spot,0.217611,0.295288,0.029622,0.027588
IMG20260105100041.jpg,1,0,brown spot,0.452148,0.499023,0.048828,0.033691
IMG20260105100050.jpg,1,0,brown spot,0.463704,0.080933,0.035482,0.019775
IMG20260105100050.jpg,2,2,anthracnose,0.475911,0.588501,0.074219,0.173096
IMG20260105100057.jpg,1,0,brown spot,0.521647,0.520386,0.049805,0.034912
IMG20260105100057.jpg,2,0,brown spot,0.561361,0.585693,0.035482,0.041992
IMG20260105100110.jpg,1,2,anthracnose,0.877767,0.445312,0.062174,0.078613
IMG20260105100110.jpg,2,2,anthracnose,0.818197,0.386353,0.05306,0.046631
IMG20260105100110.jpg,3,2,anthracnose,0.987956,0.227295,0.024089,0.050293
IMG20260105100110.jpg,4,2,anthracnose,0.958496,0.05249,0.044596,0.063965
IMG20260105100110.jpg,5,2,anthracnose,0.968587,0.132324,0.062826,0.064941
IMG20260105100110.jpg,6,2,anthracnose,0.59554,0.366089,0.05306,0.039795
IMG20260105100110.jpg,7,2,anthracnose,0.764648,0.356567,0.05599,0.034424
IMG20260105100110.jpg,8,2,anthracnose,0.664062,0.400757,0.070312,0.07251
IMG20260105100110.jpg,9,2,anthracnose,0.445638,0.674805,0.383464,0.385254
IMG20260105100114.jpg,1,2,anthracnose,0.923828,0.266113,0.152344,0.05957
IMG20260105100114.jpg,2,0,brown spot,0.615234,0.656006,0.045573,0.035156
IMG20260105100114.jpg,3,0,brown spot,0.460612,0.645752,0.039714,0.03125
IMG20260105100114.jpg,4,2,anthracnose,0.642741,0.766357,0.092773,0.055664
IMG20260105100114.jpg,5,1,Leaf rust,0.734701,0.356934,0.032552,0.027344
IMG20260105100114.jpg,6,0,brown spot,0.586263,0.839478,0.030599,0.023682
IMG20260105100120.jpg,1,2,anthracnose,0.452962,0.500854,0.13444,0.13501
IMG20260105100120.jpg,2,2,anthracnose,0.429688,0.641479,0.095703,0.125244
IMG20260105100120.jpg,3,2,anthracnose,0.181478,0.572876,0.12207,0.227295
IMG20260105100120.jpg,4,2,anthracnose,0.341634,0.414917,0.118815,0.045654
IMG20260105100140.jpg,1,2,anthracnose,0.669108,0.622803,0.086263,0.17627
IMG20260105100140.jpg,2,2,anthracnose,0.891439,0.590088,0.21582,0.252441
IMG20260105100140.jpg,3,2,anthracnose,0.919759,0.248169,0.160482,0.206787
IMG20260105100140.jpg,4,2,anthracnose,0.183431,0.661255,0.172852,0.152588
IMG20260105100140.jpg,5,2,anthracnose,0.185872,0.520264,0.076172,0.0625
IMG20260105100140.jpg,6,2,anthracnose,0.263346,0.287231,0.072266,0.049561
IMG20260105100153.jpg,1,2,anthracnose,0.440755,0.381714,0.091797,0.098389
IMG20260105100153.jpg,2,2,anthracnose,0.32487,0.036377,0.08724,0.072266
IMG20260105100202.jpg,1,0,brown spot,0.610677,0.630859,0.063151,0.053223
IMG20260105100206.jpg,1,0,brown spot,0.478027,0.632446,0.080404,0.054932
IMG20260105100206.jpg,2,0,brown spot,0.447428,0.692261,0.047852,0.043701
IMG20260105100206.jpg,3,0,brown spot,0.931152,0.184814,0.044596,0.043457
IMG20260105100225.jpg,1,2,anthracnose,0.519206,0.600342,0.067057,0.071777
IMG20260105100244.jpg,1,2,anthracnose,0.246582,0.536621,0.124023,0.092285
IMG20260105100244.jpg,2,0,brown spot,0.492188,0.570679,0.092448,0.091553
IMG20260105100244.jpg,3,0,brown spot,0.066895,0.259399,0.060221,0.054932
IMG20260105100244.jpg,4,0,brown spot,0.493164,0.348145,0.061849,0.052734
IMG20260105100249.jpg,1,2,anthracnose,0.955078,0.775757,0.088542,0.16333
IMG20260105100249.jpg,2,2,anthracnose,0.843099,0.769653,0.126953,0.088623
IMG20260105100249.jpg,3,2,anthracnose,0.765788,0.695312,0.09082,0.063477
IMG20260105100249.jpg,4,2,anthracnose,0.724447,0.63623,0.056966,0.045898
IMG20260105100249.jpg,5,2,anthracnose,0.40625,0.698364,0.134115,0.110596
IMG20260105100257.jpg,1,2,anthracnose,0.825073,0.707194,0.144775,0.086914
IMG20260105100257.jpg,2,2,anthracnose,0.887329,0.585286,0.207764,0.148438
IMG20260105100257.jpg,3,2,anthracnose,0.690063,0.743001,0.098877,0.090169
IMG20260105100257.jpg,4,2,anthracnose,0.602905,0.764648,0.056885,0.080078
IMG20260105100320.jpg,1,0,brown spot,0.456421,0.410807,0.042236,0.035156
IMG20260105100320.jpg,2,0,brown spot,0.728271,0.371908,0.022461,0.022461
IMG20260105100320.jpg,3,0,brown spot,0.682251,0.362793,0.023193,0.022461
IMG20260105100320.jpg,4,0,brown spot,0.565552,0.508138,0.030029,0.032552
IMG20260105100320.jpg,5,0,brown spot,0.721802,0.490072,0.025635,0.023112
IMG20260105100320.jpg,6,0,brown spot,0.839355,0.465332,0.024414,0.030924
IMG20260105100320.jpg,7,0,brown spot,0.78186,0.528809,0.0271,0.027669
IMG20260105100320.jpg,8,0,brown spot,0.675049,0.473796,0.017578,0.021159
IMG20260105100320.jpg,9,0,brown spot,0.658325,0.498372,0.02124,0.026693
IMG20260105100320.jpg,10,0,brown spot,0.52771,0.296387,0.043213,0.045247
IMG20260105100320.jpg,11,0,brown spot,0.703979,0.253418,0.025146,0.037435
IMG20260105100320.jpg,12,0,brown spot,0.737793,0.286458,0.026367,0.038411
IMG20260105100320.jpg,13,0,brown spot,0.350586,0.340169,0.021973,0.032552
IMG20260105100320.jpg,14,2,anthracnose,0.576782,0.051107,0.156494,0.098307
IMG20260105100323.jpg,1,0,brown spot,0.386475,0.570312,0.03418,0.042969
IMG20260105100323.jpg,2,0,brown spot,0.600464,0.438802,0.03833,0.032552
IMG20260105100323.jpg,3,0,brown spot,0.511963,0.559733,0.03125,0.02832
IMG20260105100323.jpg,4,0,brown spot,0.496094,0.607747,0.034668,0.035156
IMG20260105100323.jpg,5,2,anthracnose,0.501709,0.717448,0.172852,0.085938
IMG20260105100323.jpg,6,0,brown spot,0.747803,0.926921,0.022461,0.03418
IMG20260105100323.jpg,7,0,brown spot,0.792114,0.909505,0.027588,0.030599
IMG20260105100323.jpg,8,0,brown spot,0.940186,0.927897,0.026855,0.039388
IMG20260105100323.jpg,9,0,brown spot,0.343018,0.530599,0.019531,0.035807
IMG20260105100326.jpg,1,0,brown spot,0.471069,0.644857,0.105713,0.08138
IMG20260105100326.jpg,2,0,brown spot,0.762817,0.817708,0.028564,0.031901
IMG20260105100326.jpg,3,0,brown spot,0.599731,0.568034,0.023193,0.032552
IMG20260105100326.jpg,4,2,anthracnose,0.745605,0.904948,0.030762,0.056641
IMG20260105100329.jpg,1,0,brown spot,0.540039,0.544922,0.052083,0.036621
IMG20260105100329.jpg,2,0,brown spot,0.362956,0.732422,0.05599,0.036621
IMG20260105100329.jpg,3,0,brown spot,0.418457,0.646851,0.04069,0.026123
IMG20260105100341.jpg,1,0,brown spot,0.553385,0.781738,0.05599,0.043457
IMG20260105100341.jpg,2,0,brown spot,0.641764,0.355591,0.031576,0.030518
IMG20260105100341.jpg,3,0,brown spot,0.372233,0.63147,0.047852,0.025146
IMG20260105100341.jpg,4,0,brown spot,0.824219,0.37146,0.028646,0.027588
IMG20260105100341.jpg,5,0,brown spot,0.515625,0.372559,0.023438,0.021973
IMG20260105100356.jpg,1,0,brown spot,0.548014,0.700562,0.051758,0.025146
IMG20260105100439.jpg,1,2,anthracnose,0.63151,0.404663,0.090495,0.109131
IMG20260105100439.jpg,2,0,brown spot,0.715983,0.407593,0.031576,0.023682
IMG20260105100527.jpg,1,0,brown spot,0.634888,0.366862,0.030518,0.039714
IMG20260105100527.jpg,2,0,brown spot,0.494019,0.492188,0.028076,0.039714
IMG20260105100527.jpg,3,1,Leaf rust,0.651001,0.769694,0.023193,0.038086
IMG20260105100527.jpg,4,1,Leaf rust,0.110107,0.366211,0.018066,0.026042
IMG20260105100527.jpg,5,1,Leaf rust,0.112427,0.402507,0.012451,0.02181
IMG20260105100527.jpg,6,1,Leaf rust,0.098633,0.440918,0.02002,0.02181
IMG20260105100527.jpg,7,1,Leaf rust,0.060181,0.370768,0.016846,0.023438
IMG20260105100527.jpg,8,1,Leaf rust,0.197876,0.695801,0.023193,0.027669
IMG20260105100527.jpg,9,1,Leaf rust,0.159546,0.732585,0.011963,0.019206
IMG20260105100527.jpg,10,1,Leaf rust,0.205688,0.464193,0.014893,0.026693
IMG20260105100527.jpg,11,1,Leaf rust,0.165527,0.547363,0.022461,0.019206
IMG20260105100530.jpg,1,0,brown spot,0.543457,0.516235,0.056966,0.048096
IMG20260105100530.jpg,2,0,brown spot,0.369141,0.39917,0.045573,0.035156
IMG20260105100530.jpg,3,2,anthracnose,0.605469,0.766724,0.160807,0.141846
IMG20260105100530.jpg,4,1,Leaf rust,0.301921,0.470947,0.041992,0.02832
IMG20260105100530.jpg,5,1,Leaf rust,0.255208,0.275391,0.03776,0.024414
IMG20260105100530.jpg,6,1,Leaf rust,0.197591,0.266479,0.044922,0.026611
IMG20260105100530.jpg,7,0,brown spot,0.608724,0.0625,0.032552,0.022949
IMG20260105100530.jpg,8,1,Leaf rust,0.609049,0.625122,0.03776,0.037354
IMG20260105100530.jpg,9,1,Leaf rust,0.119303,0.5,0.055013,0.032715
IMG20260105100530.jpg,10,1,Leaf rust,0.082682,0.663696,0.036458,0.027588
IMG20260105100530.jpg,11,1,Leaf rust,0.064453,0.607544,0.034505,0.020752
IMG20260105100534.jpg,1,0,brown spot,0.575195,0.388794,0.032552,0.025146
IMG20260105100534.jpg,2,1,Leaf rust,0.612142,0.623657,0.033529,0.025146
IMG20260105100534.jpg,3,1,Leaf rust,0.64974,0.461548,0.025391,0.016846
IMG20260105100534.jpg,4,1,Leaf rust,0.812663,0.210449,0.035482,0.032227
IMG20260105100534.jpg,5,1,Leaf rust,0.890462,0.186768,0.042643,0.025879
IMG20260105100534.jpg,6,1,Leaf rust,0.983887,0.211914,0.032227,0.022949
IMG20260105100534.jpg,7,1,Leaf rust,0.96875,0.26001,0.028646,0.022949
IMG20260105100534.jpg,8,1,Leaf rust,0.808594,0.273804,0.039714,0.026123
IMG20260105100534.jpg,9,1,Leaf rust,0.867025,0.295898,0.030273,0.024414
IMG20260105100534.jpg,10,1,Leaf rust,0.904622,0.337524,0.046875,0.025146
IMG20260105100534.jpg,11,1,Leaf rust,0.914876,0.389648,0.04069,0.024414
IMG20260105100534.jpg,12,1,Leaf rust,0.835938,0.335693,0.039714,0.024414
IMG20260105100534.jpg,13,1,Leaf rust,0.554199,0.537354,0.039388,0.021973
IMG20260105100534.jpg,14,1,Leaf rust,0.645182,0.668945,0.036458,0.038086
IMG20260105100534.jpg,15,1,Leaf rust,0.493652,0.648804,0.036784,0.028076
IMG20260105100534.jpg,16,1,Leaf rust,0.507324,0.462158,0.029622,0.022949
IMG20260105100534.jpg,17,1,Leaf rust,0.771484,0.4375,0.034505,0.03125
IMG20260105100534.jpg,18,1,Leaf rust,0.76123,0.553711,0.046549,0.036621
IMG20260105100534.jpg,19,1,Leaf rust,0.553223,0.673462,0.027669,0.018311
IMG20260105100534.jpg,20,1,Leaf rust,0.582194,0.760498,0.036784,0.027344
IMG20260105100534.jpg,21,1,Leaf rust,0.47347,0.559937,0.04069,0.030518
IMG20260105100534.jpg,22,1,Leaf rust,0.691406,0.530518,0.025391,0.023438
IMG20260105100542.jpg,1,0,brown spot,0.567546,0.409668,0.109049,0.076172
IMG20260105100551.jpg,1,2,anthracnose,0.636556,0.527466,0.080404,0.228271
IMG20260105100551.jpg,2,2,anthracnose,0.460124,0.616333,0.191081,0.094482
IMG20260105100551.jpg,3,2,anthracnose,0.594401,0.681152,0.077474,0.05957
IMG20260105100551.jpg,4,2,anthracnose,0.698079,0.525146,0.042643,0.046387
IMG20260105100641.jpg,1,2,anthracnose,0.46875,0.717041,0.115234,0.070312
IMG20260105100700.jpg,1,2,anthracnose,0.580729,0.44165,0.186198,0.094727
IMG20260105100700.jpg,2,2,anthracnose,0.367025,0.511841,0.123372,0.106689
IMG20260105100700.jpg,3,2,anthracnose,0.268392,0.783447,0.359049,0.099121
IMG20260105100710.jpg,1,2,anthracnose,0.356201,0.463379,0.282227,0.181966
IMG20260105100710.jpg,2,2,anthracnose,0.279175,0.60612,0.112061,0.091797
IMG20260105100710.jpg,3,2,anthracnose,0.635986,0.478027,0.199707,0.099284
IMG20260105100714.jpg,1,0,brown spot,0.591797,0.449585,0.057943,0.058838
IMG20260105100714.jpg,2,0,brown spot,0.391927,0.424072,0.054688,0.032227
IMG20260105100714.jpg,3,0,brown spot,0.315755,0.482788,0.063151,0.04126
IMG20260105100716.jpg,1,0,brown spot,0.528809,0.512573,0.125326,0.10083
IMG20260105100724.jpg,1,2,anthracnose,0.521159,0.826904,0.144531,0.134277
IMG20260105100724.jpg,2,0,brown spot,0.56543,0.579346,0.052083,0.023438
IMG20260105100724.jpg,3,0,brown spot,0.414876,0.666626,0.068034,0.044189
IMG20260105100724.jpg,4,0,brown spot,0.400553,0.261963,0.047852,0.02832
IMG20260105100724.jpg,5,0,brown spot,0.53125,0.420288,0.030599,0.02124
IMG20260105100724.jpg,6,2,anthracnose,0.579102,0.418701,0.061198,0.050293
IMG20260105100731.jpg,1,3,Affected by leaf miner,0.430664,0.568604,0.197266,0.321289
IMG20260105100737.jpg,1,2,anthracnose,0.372559,0.620483,0.136393,0.156494
IMG20260105100737.jpg,2,2,anthracnose,0.623372,0.575562,0.080078,0.107666
IMG20260105100737.jpg,3,2,anthracnose,0.323242,0.46228,0.05599,0.106689
IMG20260105100737.jpg,4,2,anthracnose,0.059733,0.275024,0.062174,0.035889
IMG20260105100744.jpg,1,2,anthracnose,0.140869,0.586914,0.15332,0.153646
IMG20260105100744.jpg,2,2,anthracnose,0.334229,0.711589,0.237305,0.174479
IMG20260105100744.jpg,3,2,anthracnose,0.297974,0.454264,0.119385,0.110352
IMG20260105100748.jpg,1,0,brown spot,0.718587,0.106689,0.12207,0.06543
IMG20260105100748.jpg,2,2,anthracnose,0.50179,0.704468,0.176758,0.258545
IMG20260105100803.jpg,1,0,brown spot,0.322266,0.514648,0.123047,0.067871
IMG20260105100806.jpg,1,0,brown spot,0.389974,0.43689,0.050781,0.034424
IMG20260105100806.jpg,2,0,brown spot,0.337565,0.313965,0.068359,0.044922
IMG20260105100806.jpg,3,0,brown spot,0.563314,0.259277,0.031576,0.032227
IMG20260105100806.jpg,4,0,brown spot,0.475423,0.177368,0.036784,0.023682
IMG20260105100806.jpg,5,0,brown spot,0.124349,0.824219,0.077474,0.044922
IMG20260105100806.jpg,6,0,brown spot,0.138672,0.182617,0.063151,0.03125
IMG20260105100813.jpg,1,0,brown spot,0.501465,0.376587,0.09668,0.068115
IMG20260105100813.jpg,2,2,anthracnose,0.525716,0.650635,0.155599,0.219727
IMG20260105100817.jpg,1,2,anthracnose,0.423014,0.791504,0.064128,0.067871
IMG20260105100817.jpg,2,2,anthracnose,0.474935,0.569092,0.074219,0.147949
IMG20260105100820.jpg,1,2,anthracnose,0.394531,0.755249,0.236979,0.198486
IMG20260105100829.jpg,1,0,brown spot,0.684082,0.382812,0.023926,0.029297
IMG20260105100829.jpg,2,0,brown spot,0.340088,0.655436,0.026855,0.030924
IMG20260105100829.jpg,3,0,brown spot,0.388672,0.665853,0.033691,0.037435
IMG20260105100829.jpg,4,0,brown spot,0.32605,0.698079,0.023193,0.038086
IMG20260105100829.jpg,5,0,brown spot,0.294678,0.695638,0.023926,0.035156
IMG20260105100829.jpg,6,0,brown spot,0.286133,0.653646,0.027344,0.029297
IMG20260105100842.jpg,1,0,brown spot,0.488607,0.384644,0.034505,0.027588
IMG20260105100842.jpg,2,0,brown spot,0.881836,0.266724,0.03125,0.022217
IMG20260105100842.jpg,3,0,brown spot,0.922038,0.840454,0.036784,0.032959
IMG20260105100842.jpg,4,3,Affected by leaf miner,0.688965,0.550659,0.152669,0.10376
IMG20260105100842.jpg,5,2,anthracnose,0.768229,0.948975,0.08138,0.102051
IMG20260105100842.jpg,6,2,anthracnose,0.915365,0.928833,0.133464,0.086182
IMG20260105100842.jpg,7,2,anthracnose,0.770833,0.765503,0.121094,0.073975
IMG20260105100842.jpg,8,2,anthracnose,0.800944,0.688477,0.042643,0.052734
IMG20260105100842.jpg,9,2,anthracnose,0.835449,0.602905,0.099935,0.073975
IMG20260105100851.jpg,1,0,brown spot,0.569987,0.35144,0.032552,0.025146
IMG20260105100851.jpg,2,0,brown spot,0.963704,0.727173,0.036784,0.029053
IMG20260105100851.jpg,3,0,brown spot,0.881348,0.846558,0.034831,0.028076
IMG20260105100851.jpg,4,3,Affected by leaf miner,0.778971,0.57666,0.167969,0.169434
IMG20260105100907.jpg,1,0,brown spot,0.508464,0.357544,0.078125,0.049561
IMG20260105100907.jpg,2,0,brown spot,0.46224,0.533813,0.09375,0.058838
IMG20260105100907.jpg,3,0,brown spot,0.549642,0.664429,0.05306,0.045654
IMG20260105100907.jpg,4,0,brown spot,0.368652,0.586914,0.056966,0.02832
IMG20260105100907.jpg,5,0,brown spot,0.30599,0.614868,0.03776,0.033447
IMG20260105100907.jpg,6,0,brown spot,0.439779,0.303955,0.032552,0.02832
IMG20260105100907.jpg,7,0,brown spot,0.714355,0.241455,0.044596,0.029785
IMG20260105100907.jpg,8,0,brown spot,0.289714,0.44165,0.035807,0.016602
IMG20260105100907.jpg,9,0,brown spot,0.286133,0.585815,0.038411,0.02124
IMG20260105100907.jpg,10,0,brown spot,0.483073,0.585449,0.05599,0.040527
IMG20260105100929.jpg,1,0,brown spot,0.378255,0.689209,0.035807,0.026855
IMG20260105100929.jpg,2,0,brown spot,0.204915,0.538086,0.04069,0.02832
IMG20260105101003.jpg,1,2,anthracnose,0.59847,0.385864,0.105794,0.128174
IMG20260105101003.jpg,2,2,anthracnose,0.523112,0.454224,0.050781,0.053955
IMG20260105101010.jpg,1,0,brown spot,0.948893,0.374878,0.023438,0.025146
IMG20260105101010.jpg,2,0,brown spot,0.973796,0.383667,0.022461,0.018311
IMG20260105101010.jpg,3,0,brown spot,0.281087,0.396973,0.024414,0.019043
IMG20260105101010.jpg,4,0,brown spot,0.216471,0.501465,0.023438,0.017578
IMG20260105101010.jpg,5,0,brown spot,0.704264,0.32373,0.030273,0.017578
IMG20260105101010.jpg,6,0,brown spot,0.780599,0.438599,0.018229,0.016846
IMG20260105101010.jpg,7,0,brown spot,0.724609,0.354614,0.022135,0.018311
IMG20260105101010.jpg,8,0,brown spot,0.697103,0.541992,0.013997,0.017578
IMG20260105101010.jpg,9,0,brown spot,0.744466,0.619385,0.021484,0.013672
IMG20260105101010.jpg,10,0,brown spot,0.358398,0.411133,0.018229,0.015137
IMG20260105101010.jpg,11,0,brown spot,0.317057,0.461792,0.023438,0.012939
IMG20260105101128.jpg,1,2,anthracnose,0.718913,0.387817,0.051758,0.045166
IMG20260105101128.jpg,2,2,anthracnose,0.78418,0.518677,0.074219,0.03833
IMG20260105101148.jpg,1,2,anthracnose,0.581217,0.466431,0.087565,0.285889
IMG20260105101151.jpg,1,2,anthracnose,0.466634,0.392822,0.080404,0.251953
IMG20260105101159.jpg,1,2,anthracnose,0.594889,0.536987,0.174154,0.543213
IMG20260105101239.jpg,1,2,anthracnose,0.642741,0.412231,0.183919,0.463135
IMG20260105101329.jpg,1,0,brown spot,0.403646,0.501953,0.074219,0.051758
IMG20260105101329.jpg,2,0,brown spot,0.423014,0.589966,0.064128,0.035889
IMG20260105101329.jpg,3,0,brown spot,0.637695,0.475952,0.059896,0.039795
IMG20260105101329.jpg,4,2,anthracnose,0.641764,0.390869,0.062174,0.046387
IMG20260105101347.jpg,1,3,Affected by leaf miner,0.555176,0.514893,0.275716,0.349609
IMG20260105101355.jpg,1,2,anthracnose,0.568034,0.383667,0.065104,0.115967
IMG20260105101355.jpg,2,2,anthracnose,0.550781,0.541992,0.065104,0.058594
IMG20260105101355.jpg,3,2,anthracnose,0.371094,0.56604,0.108724,0.091553
IMG20260105101355.jpg,4,2,anthracnose,0.227539,0.439331,0.074219,0.091553
IMG20260105101401.jpg,1,2,anthracnose,0.452474,0.625122,0.096354,0.13501
IMG20260105101401.jpg,2,2,anthracnose,0.578125,0.778931,0.197266,0.152588
IMG20260105101401.jpg,3,2,anthracnose,0.980794,0.513672,0.038411,0.103027
IMG20260105101401.jpg,4,2,anthracnose,0.965495,0.687622,0.06901,0.046631
IMG20260105101408.jpg,1,2,anthracnose,0.497314,0.756348,0.080078,0.123372
IMG20260105101408.jpg,2,2,anthracnose,0.376221,0.689453,0.146973,0.302083
IMG20260105101413.jpg,1,2,anthracnose,0.543457,0.734253,0.154622,0.162354
IMG20260105101419.jpg,1,2,anthracnose,0.646159,0.651123,0.195312,0.166992
IMG20260105101419.jpg,2,2,anthracnose,0.736654,0.523193,0.048828,0.085449
IMG20260105101419.jpg,3,2,anthracnose,0.755697,0.403076,0.049805,0.083008
IMG20260105101423.jpg,1,2,anthracnose,0.556803,0.771118,0.103841,0.091553
IMG20260105101426.jpg,1,2,anthracnose,0.64974,0.77124,0.125,0.12207
IMG20260105101530.jpg,1,0,brown spot,0.660482,0.664429,0.09375,0.053467
IMG20260105101530.jpg,2,0,brown spot,0.403646,0.647949,0.072266,0.040527
IMG20260105101532.jpg,1,0,brown spot,0.547526,0.273071,0.046875,0.044189
IMG20260105101532.jpg,2,0,brown spot,0.693685,0.708618,0.057943,0.056396
IMG20260105101534.jpg,1,0,brown spot,0.588216,0.368408,0.032552,0.024414
IMG20260105101534.jpg,2,0,brown spot,0.571615,0.316406,0.039714,0.024414
IMG20260105101537.jpg,1,0,brown spot,0.767904,0.329834,0.041667,0.02832
IMG20260105101537.jpg,2,0,brown spot,0.80599,0.49585,0.044922,0.025879
IMG20260105101537.jpg,3,0,brown spot,0.645182,0.727661,0.044922,0.029053
IMG20260105101537.jpg,4,0,brown spot,0.650391,0.839111,0.044922,0.022949
IMG20260105101537.jpg,5,0,brown spot,0.848145,0.219604,0.080404,0.03833
IMG20260105101537.jpg,6,0,brown spot,0.970215,0.328003,0.047852,0.042725
IMG20260105101542.jpg,1,0,brown spot,0.596354,0.519897,0.063151,0.046631
IMG20260105101542.jpg,2,0,brown spot,0.554688,0.285522,0.054688,0.037354
IMG20260105101542.jpg,3,0,brown spot,0.482422,0.367676,0.079427,0.038086
IMG20260105101542.jpg,4,0,brown spot,0.445801,0.289429,0.069336,0.031494
IMG20260105101545.jpg,1,2,anthracnose,0.549642,0.622803,0.360352,0.296875
IMG20260105101604.jpg,1,0,brown spot,0.559408,0.480103,0.031576,0.026611
IMG20260105101611.jpg,1,0,brown spot,0.562826,0.54541,0.044922,0.038086
IMG20260105101611.jpg,2,0,brown spot,0.549642,0.505371,0.030273,0.021973
IMG20260105101611.jpg,3,0,brown spot,0.535807,0.46228,0.021484,0.018311
IMG20260105101611.jpg,4,0,brown spot,0.561686,0.446655,0.024414,0.022217
IMG20260105101611.jpg,5,0,brown spot,0.533366,0.373779,0.022461,0.021484
IMG20260105101611.jpg,6,0,brown spot,0.581055,0.396606,0.032552,0.02124
IMG20260105101611.jpg,7,0,brown spot,0.450846,0.65332,0.046875,0.03418
IMG20260105101615.jpg,1,2,anthracnose,0.55127,0.59314,0.194336,0.290771
IMG20260105101615.jpg,2,2,anthracnose,0.597005,0.412964,0.090495,0.051025
IMG20260105101615.jpg,3,2,anthracnose,0.340169,0.514526,0.083333,0.081787
IMG20260105101615.jpg,4,2,anthracnose,0.378743,0.358032,0.140299,0.121338
IMG20260105101625.jpg,1,3,Affected by leaf miner,0.663574,0.404541,0.183268,0.446289
IMG20260105101625.jpg,2,2,anthracnose,0.87321,0.466431,0.154622,0.220459
IMG20260105101630.jpg,1,3,Affected by leaf miner,0.628418,0.387817,0.198242,0.514893
IMG20260105101630.jpg,2,2,anthracnose,0.809408,0.458496,0.161784,0.256348
IMG20260105101638.jpg,1,2,anthracnose,0.760254,0.140259,0.205404,0.184814
IMG20260105101638.jpg,2,2,anthracnose,0.547689,0.605347,0.185221,0.389893
IMG20260105101638.jpg,3,2,anthracnose,0.371582,0.451172,0.118164,0.321289
IMG20260105101647.jpg,1,2,anthracnose,0.46106,0.386068,0.161377,0.227865
IMG20260105101651.jpg,1,2,anthracnose,0.385742,0.466797,0.144531,0.08252
IMG20260105101653.jpg,1,0,brown spot,0.648275,0.79834,0.022461,0.020508
IMG20260105101710.jpg,1,2,anthracnose,0.416341,0.265747,0.248047,0.167236
IMG20260105101710.jpg,2,2,anthracnose,0.318685,0.707886,0.352214,0.239502
IMG20260105101719.jpg,1,0,brown spot,0.61792,0.308919,0.046875,0.05013
IMG20260105101738.jpg,1,2,anthracnose,0.400065,0.34668,0.101562,0.066406
IMG20260105101744.jpg,1,2,anthracnose,0.432617,0.275757,0.193359,0.173096
IMG20260105101744.jpg,2,2,anthracnose,0.663086,0.30542,0.100911,0.081543
IMG20260105101756.jpg,1,0,brown spot,0.518921,0.436686,0.054443,0.060221
IMG20260105101756.jpg,2,0,brown spot,0.697021,0.785156,0.026367,0.041016
IMG20260105101803.jpg,1,0,brown spot,0.584147,0.552612,0.085612,0.061768
IMG20260105101803.jpg,2,2,anthracnose,0.946452,0.602173,0.071289,0.096924
IMG20260105101808.jpg,1,2,anthracnose,0.499186,0.479858,0.344727,0.517334
IMG20260105101808.jpg,2,2,anthracnose,0.218424,0.493896,0.222656,0.272461
IMG20260105101810.jpg,1,2,anthracnose,0.601888,0.479736,0.269531,0.343262
IMG20260105101814.jpg,1,2,anthracnose,0.38737,0.62854,0.261719,0.259521
IMG20260105101820.jpg,1,0,brown spot,0.438802,0.503418,0.034505,0.024414
IMG20260105101820.jpg,2,0,brown spot,0.506999,0.400879,0.024414,0.017578
IMG20260105101820.jpg,3,0,brown spot,0.467285,0.33374,0.024414,0.016113
IMG20260105101820.jpg,4,0,brown spot,0.362956,0.49585,0.029297,0.021484
IMG20260105101820.jpg,5,0,brown spot,0.419922,0.581665,0.03125,0.023682
IMG20260105101820.jpg,6,0,brown spot,0.537435,0.695801,0.036458,0.024414
IMG20260105101820.jpg,7,0,brown spot,0.528809,0.727417,0.031576,0.025146
IMG20260105101820.jpg,8,0,brown spot,0.607585,0.682007,0.030273,0.019775
IMG20260105101820.jpg,9,0,brown spot,0.416992,0.678955,0.025391,0.02002
IMG20260105101820.jpg,10,0,brown spot,0.940755,0.2052,0.025391,0.018311
IMG20260105101820.jpg,11,0,brown spot,0.847168,0.211304,0.025716,0.016846
IMG20260105101820.jpg,12,0,brown spot,0.656413,0.136475,0.02832,0.022949
IMG20260105101820.jpg,13,0,brown spot,0.322754,0.335938,0.02832,0.017578
IMG20260105101824.jpg,1,0,brown spot,0.508464,0.451538,0.023438,0.02124
IMG20260105101824.jpg,2,0,brown spot,0.335449,0.443604,0.037435,0.020508
IMG20260105101824.jpg,3,0,brown spot,0.348633,0.376465,0.039714,0.02832
IMG20260105101824.jpg,4,0,brown spot,0.325846,0.279785,0.028646,0.024414
IMG20260105101824.jpg,5,0,brown spot,0.314616,0.57251,0.038737,0.021973
IMG20260105101824.jpg,6,0,brown spot,0.44694,0.679688,0.034505,0.027344
IMG20260105101824.jpg,7,0,brown spot,0.435221,0.410645,0.023438,0.017578
IMG20260105101826.jpg,1,0,brown spot,0.523763,0.499268,0.041667,0.02832
IMG20260105101826.jpg,2,0,brown spot,0.568522,0.611084,0.035482,0.025879
IMG20260105101826.jpg,3,0,brown spot,0.673665,0.544189,0.026367,0.020508
IMG20260105101826.jpg,4,0,brown spot,0.673665,0.62439,0.036784,0.026611
IMG20260105101826.jpg,5,0,brown spot,0.397949,0.49585,0.042643,0.022949
IMG20260105101826.jpg,6,0,brown spot,0.42041,0.447388,0.026367,0.015869
IMG20260105101826.jpg,7,0,brown spot,0.618327,0.299316,0.027669,0.017578
IMG20260105101826.jpg,8,1,Leaf rust,0.968262,0.460327,0.037435,0.028076
IMG20260105101826.jpg,9,0,brown spot,0.851237,0.123779,0.115234,0.103027
IMG20260105101829.jpg,1,0,brown spot,0.651855,0.598389,0.025716,0.020508
IMG20260105101829.jpg,2,0,brown spot,0.235352,0.55835,0.044922,0.025879
IMG20260105101829.jpg,3,0,brown spot,0.869466,0.086426,0.039714,0.02832
IMG20260105101829.jpg,4,0,brown spot,0.24349,0.463379,0.034505,0.020508
IMG20260105101829.jpg,5,0,brown spot,0.063802,0.391235,0.04362,0.030518
IMG20260105101831.jpg,1,0,brown spot,0.331868,0.821167,0.026367,0.020752
IMG20260105101831.jpg,2,0,brown spot,0.049642,0.53894,0.027669,0.014404
IMG20260105101831.jpg,3,0,brown spot,0.053223,0.557983,0.026367,0.017334
IMG20260105101831.jpg,4,0,brown spot,0.041016,0.500732,0.038411,0.020508
IMG20260105101831.jpg,5,0,brown spot,0.04362,0.470703,0.04362,0.022949
IMG20260105101836.jpg,1,0,brown spot,0.441732,0.565674,0.048828,0.03125
IMG20260105101836.jpg,2,0,brown spot,0.613118,0.743408,0.066081,0.041992
IMG20260105101836.jpg,3,0,brown spot,0.468262,0.839111,0.073242,0.047363
IMG20260105101836.jpg,4,0,brown spot,0.506348,0.781494,0.035482,0.026855
IMG20260105101836.jpg,5,0,brown spot,0.400553,0.711304,0.09668,0.051025
IMG20260105101836.jpg,6,0,brown spot,0.551107,0.332886,0.035807,0.025146
IMG20260105101844.jpg,1,0,brown spot,0.59847,0.537842,0.051107,0.036621
IMG20260105101844.jpg,2,0,brown spot,0.628418,0.662598,0.09668,0.067871
IMG20260105101844.jpg,3,2,anthracnose,0.327962,0.177246,0.415039,0.348633
IMG20260105101844.jpg,4,2,anthracnose,0.095378,0.224121,0.190104,0.303711
IMG20260105101846.jpg,1,2,anthracnose,0.397461,0.682739,0.786458,0.631592
IMG20260105101849.jpg,1,2,anthracnose,0.555827,0.638062,0.333659,0.400635
IMG20260105101849.jpg,2,2,anthracnose,0.094889,0.117798,0.183268,0.205322
IMG20260105101852.jpg,1,2,anthracnose,0.897461,0.630005,0.205078,0.300537
IMG20260105101852.jpg,2,2,anthracnose,0.545573,0.627441,0.410807,0.421875
IMG20260105101852.jpg,3,2,anthracnose,0.236328,0.365723,0.227865,0.30127
IMG20260105101858.jpg,1,2,anthracnose,0.250122,0.634603,0.172607,0.131836
IMG20260105101858.jpg,2,2,anthracnose,0.448853,0.686198,0.0896,0.085286
IMG20260105101858.jpg,3,2,anthracnose,0.344604,0.539388,0.106201,0.106771
IMG20260105101901.jpg,1,2,anthracnose,0.162598,0.623291,0.16569,0.097656
IMG20260105101901.jpg,2,2,anthracnose,0.167643,0.536987,0.117188,0.065674
IMG20260105101921.jpg,1,2,anthracnose,0.40625,0.452271,0.126302,0.215088
IMG20260105101937.jpg,1,0,brown spot,0.56901,0.302368,0.034505,0.020752
IMG20260105101937.jpg,2,0,brown spot,0.609701,0.311157,0.030599,0.02124
IMG20260105101937.jpg,3,0,brown spot,0.296875,0.177612,0.090495,0.02124
IMG20260105101937.jpg,4,0,brown spot,0.580241,0.722046,0.04069,0.023682
IMG20260105101937.jpg,5,0,brown spot,0.718913,0.525879,0.035482,0.040527
IMG20260105101937.jpg,6,0,brown spot,0.451009,0.562622,0.026367,0.022217
IMG20260105101937.jpg,7,0,brown spot,0.463053,0.453369,0.022461,0.017578
IMG20260105101937.jpg,8,0,brown spot,0.507487,0.353516,0.025391,0.020508
IMG20260105101940.jpg,1,0,brown spot,0.341634,0.404663,0.045898,0.034424
IMG20260105101940.jpg,2,0,brown spot,0.270345,0.451538,0.053711,0.034912
IMG20260105101940.jpg,3,0,brown spot,0.536947,0.517456,0.033529,0.023682
IMG20260105101940.jpg,4,0,brown spot,0.473307,0.536621,0.028646,0.025391
IMG20260105101940.jpg,5,0,brown spot,0.413249,0.248169,0.036784,0.026611
IMG20260105101940.jpg,6,2,anthracnose,0.63151,0.442017,0.123047,0.368408
IMG20260105101940.jpg,7,2,anthracnose,0.472168,0.674316,0.219727,0.135742
IMG20260105101943.jpg,1,0,brown spot,0.644694,0.578247,0.049805,0.029053
IMG20260105101943.jpg,2,0,brown spot,0.658529,0.674683,0.036458,0.023682
IMG20260105101943.jpg,3,0,brown spot,0.010417,0.308472,0.018229,0.032959
IMG20260105101943.jpg,4,0,brown spot,0.031738,0.444336,0.022461,0.016113
IMG20260105101943.jpg,5,2,anthracnose,0.164062,0.422607,0.223958,0.167969
IMG20260105101943.jpg,6,2,anthracnose,0.649251,0.42981,0.191081,0.223389
IMG20260105101943.jpg,7,2,anthracnose,0.590332,0.762939,0.272461,0.12207
IMG20260105101949.jpg,1,0,brown spot,0.526693,0.560669,0.045573,0.027588
IMG20260105101949.jpg,2,0,brown spot,0.345703,0.477051,0.027344,0.020508
IMG20260105101949.jpg,3,0,brown spot,0.172201,0.263794,0.059245,0.016846
IMG20260105101949.jpg,4,1,Leaf rust,0.416992,0.340942,0.025391,0.026123
IMG20260105101949.jpg,5,1,Leaf rust,0.417969,0.382935,0.023438,0.018311
IMG20260105101949.jpg,6,1,Leaf rust,0.357422,0.3927,0.030599,0.018311
IMG20260105101949.jpg,7,1,Leaf rust,0.400553,0.408447,0.019206,0.017578
IMG20260105101949.jpg,8,1,Leaf rust,0.493652,0.359619,0.022461,0.016113
IMG20260105101949.jpg,9,1,Leaf rust,0.46582,0.384033,0.023438,0.025391
IMG20260105101949.jpg,10,1,Leaf rust,0.462728,0.421143,0.029622,0.036621
IMG20260105101949.jpg,11,1,Leaf rust,0.561849,0.425171,0.054688,0.048096
IMG20260105101949.jpg,12,1,Leaf rust,0.414714,0.496948,0.025391,0.012939
IMG20260105101953.jpg,1,0,brown spot,0.551147,0.665365,0.038818,0.040365
IMG20260105101953.jpg,2,0,brown spot,0.671387,0.628581,0.033691,0.035156
IMG20260105101957.jpg,1,2,anthracnose,0.719564,0.462646,0.120117,0.100098
IMG20260105101957.jpg,2,2,anthracnose,0.746908,0.537354,0.05306,0.039062
IMG20260105101957.jpg,3,2,anthracnose,0.632161,0.637329,0.244141,0.160889
IMG20260105101957.jpg,4,2,anthracnose,0.452474,0.363892,0.035807,0.054932
IMG20260105101957.jpg,5,2,anthracnose,0.484049,0.479004,0.068359,0.120605
IMG20260105101957.jpg,6,2,anthracnose,0.182943,0.491943,0.249349,0.088379
IMG20260105101957.jpg,7,2,anthracnose,0.215007,0.273071,0.026367,0.019775
IMG20260105101957.jpg,8,2,anthracnose,0.299316,0.430664,0.036784,0.029785
IMG20260105101957.jpg,9,2,anthracnose,0.06901,0.387085,0.023438,0.031494
IMG20260105102000.jpg,1,2,anthracnose,0.675293,0.335938,0.062174,0.039062
IMG20260105102000.jpg,2,0,brown spot,0.593424,0.289429,0.048828,0.026611
IMG20260105102000.jpg,3,2,anthracnose,0.69401,0.377563,0.044922,0.04126
IMG20260105102000.jpg,4,2,anthracnose,0.664551,0.560303,0.107747,0.226562
IMG20260105102005.jpg,1,2,anthracnose,0.42806,0.473755,0.100911,0.154053
IMG20260105102008.jpg,1,0,brown spot,0.644694,0.515991,0.033529,0.028076
IMG20260105102008.jpg,2,0,brown spot,0.545573,0.401611,0.028646,0.016113
IMG20260105102008.jpg,3,0,brown spot,0.465658,0.458496,0.029622,0.025879
IMG20260105102008.jpg,4,0,brown spot,0.874512,0.664795,0.033529,0.023438
IMG20260105102008.jpg,5,0,brown spot,0.443359,0.319214,0.025391,0.035889
IMG20260105102008.jpg,6,0,brown spot,0.443848,0.382568,0.02832,0.020508
IMG20260105102023.jpg,1,2,anthracnose,0.41748,0.329468,0.152669,0.062744
IMG20260105102023.jpg,2,2,anthracnose,0.374186,0.403931,0.09668,0.060303
IMG20260105102027.jpg,1,2,anthracnose,0.353353,0.447021,0.05306,0.045898
IMG20260105102027.jpg,2,2,anthracnose,0.415853,0.622803,0.045898,0.026855
IMG20260105102027.jpg,3,2,anthracnose,0.597493,0.617554,0.05306,0.025146
IMG20260105102027.jpg,4,2,anthracnose,0.505859,0.668701,0.063151,0.03125
IMG20260105102047.jpg,1,2,anthracnose,0.531738,0.599121,0.149414,0.189941
IMG20260105102050.jpg,1,2,anthracnose,0.549642,0.617065,0.111654,0.088623
IMG20260105102056.jpg,1,2,anthracnose,0.660034,0.375326,0.058838,0.061198
IMG20260105102056.jpg,2,2,anthracnose,0.567993,0.345215,0.050049,0.051107
IMG20260105102056.jpg,3,0,brown spot,0.419189,0.515462,0.037598,0.049154
IMG20260105102100.jpg,1,2,anthracnose,0.637533,0.589233,0.08431,0.071045
IMG20260105102100.jpg,2,2,anthracnose,0.692546,0.547607,0.074544,0.071777
IMG20260105102100.jpg,3,2,anthracnose,0.743001,0.493164,0.075195,0.039062
IMG20260105102100.jpg,4,2,anthracnose,0.647786,0.367554,0.059896,0.04126
IMG20260105102100.jpg,5,2,anthracnose,0.437174,0.29248,0.061849,0.03125
IMG20260105102100.jpg,6,2,anthracnose,0.481445,0.377075,0.070964,0.037354
IMG20260105102103.jpg,1,2,anthracnose,0.505859,0.801025,0.091797,0.058105
IMG20260105102105.jpg,1,2,anthracnose,0.629883,0.594116,0.111979,0.067139
IMG20260105102108.jpg,1,2,anthracnose,0.331177,0.352376,0.096924,0.128581
IMG20260105102108.jpg,2,2,anthracnose,0.470825,0.295573,0.06958,0.07487
IMG20260105102108.jpg,3,2,anthracnose,0.391968,0.318197,0.054443,0.056966
IMG20260105102108.jpg,4,2,anthracnose,0.409424,0.414225,0.041992,0.051758
IMG20260105102133.jpg,1,2,anthracnose,0.571452,0.560181,0.359049,0.19458
IMG20260105102136.jpg,1,2,anthracnose,0.591309,0.569458,0.142253,0.113525
IMG20260105102136.jpg,2,2,anthracnose,0.562826,0.687378,0.101562,0.128174
IMG20260105102136.jpg,3,2,anthracnose,0.304036,0.490112,0.173828,0.174561
IMG20260105102138.jpg,1,2,anthracnose,0.596517,0.553711,0.136393,0.170898
IMG20260105102138.jpg,2,2,anthracnose,0.402018,0.717407,0.311198,0.180908
IMG20260105102138.jpg,3,2,anthracnose,0.302897,0.522583,0.157878,0.056396
IMG20260105102143.jpg,1,2,anthracnose,0.288249,0.409912,0.239909,0.432617
IMG20260105102143.jpg,2,2,anthracnose,0.664062,0.148315,0.666016,0.173096
IMG20260105102143.jpg,3,2,anthracnose,0.107096,0.260376,0.146484,0.246338
IMG20260105102148.jpg,1,0,brown spot,0.453939,0.513794,0.109701,0.095459
IMG20260105102155.jpg,1,2,anthracnose,0.387817,0.641439,0.185303,0.137695
IMG20260105102155.jpg,2,2,anthracnose,0.42041,0.410319,0.086426,0.104492
IMG20260105102200.jpg,1,2,anthracnose,0.306478,0.426758,0.237956,0.312012
IMG20260105102200.jpg,2,2,anthracnose,0.496094,0.595825,0.171875,0.309814
IMG20260105102200.jpg,3,2,anthracnose,0.642253,0.549194,0.115885,0.408936
IMG20260105102200.jpg,4,2,anthracnose,0.88265,0.554199,0.234701,0.187012
IMG20260105102205.jpg,1,2,anthracnose,0.460286,0.582886,0.216797,0.189209
IMG20260105102205.jpg,2,2,anthracnose,0.085286,0.219971,0.169922,0.23877
IMG20260105102207.jpg,1,2,anthracnose,0.45638,0.552979,0.164062,0.442383
IMG20260105102209.jpg,1,2,anthracnose,0.492676,0.553467,0.288737,0.23584
IMG20260105102213.jpg,1,2,anthracnose,0.200684,0.312744,0.176758,0.290039
IMG20260105102213.jpg,2,2,anthracnose,0.498861,0.646484,0.282878,0.164062
IMG20260105102213.jpg,3,2,anthracnose,0.76416,0.628174,0.205404,0.225098
IMG20260105102226.jpg,1,2,anthracnose,0.559245,0.693726,0.281901,0.136475
IMG20260105102226.jpg,2,2,anthracnose,0.919434,0.349731,0.092773,0.110596
IMG20260105102226.jpg,3,0,brown spot,0.863444,0.309692,0.023112,0.019775
IMG20260105102229.jpg,1,0,brown spot,0.548503,0.594971,0.034505,0.02002
IMG20260105102229.jpg,2,0,brown spot,0.673177,0.37439,0.023438,0.018311
IMG20260105102229.jpg,3,0,brown spot,0.440755,0.661011,0.026693,0.012939
IMG20260105102229.jpg,4,0,brown spot,0.55306,0.470337,0.039714,0.025146
IMG20260105102229.jpg,5,0,brown spot,0.504395,0.491211,0.017253,0.015137
IMG20260105102229.jpg,6,2,anthracnose,0.513997,0.764771,0.140625,0.086182
IMG20260105102229.jpg,7,2,anthracnose,0.25,0.504639,0.188151,0.101562
IMG20260105102229.jpg,8,2,anthracnose,0.233724,0.374878,0.13737,0.13208
IMG20260105102234.jpg,1,2,anthracnose,0.479858,0.472493,0.085205,0.116862
IMG20260105102234.jpg,2,2,anthracnose,0.309326,0.470052,0.150879,0.215495
IMG20260105102234.jpg,3,2,anthracnose,0.470215,0.263997,0.443848,0.192057
IMG20260105102234.jpg,4,2,anthracnose,0.620361,0.092448,0.375,0.184245
IMG20260105102247.jpg,1,2,anthracnose,0.535482,0.549927,0.360026,0.543213
IMG20260105102247.jpg,2,2,anthracnose,0.808431,0.794434,0.342773,0.264648
IMG20260105102247.jpg,3,2,anthracnose,0.907227,0.65564,0.110677,0.066162
IMG20260105102247.jpg,4,2,anthracnose,0.440267,0.120361,0.172201,0.196777
IMG20260105102247.jpg,5,2,anthracnose,0.184896,0.186401,0.365234,0.369873
IMG20260105102255.jpg,1,0,brown spot,0.589193,0.366577,0.08138,0.049561
IMG20260105102255.jpg,2,0,brown spot,0.519206,0.52063,0.034505,0.026611
IMG20260105102255.jpg,3,0,brown spot,0.329427,0.547852,0.084635,0.047363
IMG20260105102303.jpg,1,2,anthracnose,0.519531,0.61792,0.336589,0.540039
IMG20260105102303.jpg,2,2,anthracnose,0.321777,0.380981,0.306966,0.261475
IMG20260105102308.jpg,1,2,anthracnose,0.204264,0.139282,0.407878,0.278076
IMG20260105102319.jpg,1,2,anthracnose,0.486654,0.395142,0.099609,0.187744
IMG20260105102319.jpg,2,2,anthracnose,0.603516,0.512939,0.182943,0.115234
IMG20260105102326.jpg,1,2,anthracnose,0.497233,0.415283,0.098633,0.228027
IMG20260105102326.jpg,2,2,anthracnose,0.420898,0.731201,0.14974,0.197754
IMG20260105102326.jpg,3,2,anthracnose,0.282064,0.687622,0.160482,0.160889
IMG20260105102326.jpg,4,2,anthracnose,0.944336,0.090698,0.067057,0.076416
IMG20260105102326.jpg,5,2,anthracnose,0.934733,0.210449,0.08431,0.06543
IMG20260105102352.jpg,1,2,anthracnose,0.690104,0.606812,0.160807,0.162354
IMG20260105102352.jpg,2,2,anthracnose,0.514974,0.673218,0.223958,0.157959
IMG20260105102355.jpg,1,0,brown spot,0.678385,0.444336,0.070312,0.064941
IMG20260105102355.jpg,2,0,brown spot,0.532389,0.526001,0.091471,0.063232
IMG20260105102355.jpg,3,0,brown spot,0.620931,0.525513,0.056966,0.033447
IMG20260105102355.jpg,4,2,anthracnose,0.711914,0.175049,0.092448,0.081543
IMG20260105102355.jpg,5,2,anthracnose,0.854329,0.104004,0.116862,0.15332
IMG20260105102358.jpg,1,2,anthracnose,0.379232,0.392456,0.078125,0.049561
IMG20260105102358.jpg,2,2,anthracnose,0.415853,0.63623,0.086263,0.051758
IMG20260105102358.jpg,3,2,anthracnose,0.11377,0.236816,0.131185,0.077148
IMG20260105102401.jpg,1,0,brown spot,0.279622,0.528564,0.108724,0.071777
IMG20260105102401.jpg,2,0,brown spot,0.815592,0.662476,0.09668,0.061768
IMG20260105102401.jpg,3,0,brown spot,0.578125,0.50415,0.091797,0.070312
IMG20260105102403.jpg,1,2,anthracnose,0.277018,0.535034,0.146484,0.13501
IMG20260105102406.jpg,1,2,anthracnose,0.610189,0.652588,0.19043,0.179199
IMG20260105102406.jpg,2,2,anthracnose,0.41276,0.668945,0.151693,0.120605
IMG20260105102416.jpg,1,2,anthracnose,0.660482,0.543091,0.126302,0.179932
IMG20260105102416.jpg,2,2,anthracnose,0.495768,0.528198,0.101562,0.180908
IMG20260105102440.jpg,1,2,anthracnose,0.320801,0.700684,0.107747,0.070801
IMG20260105102440.jpg,2,2,anthracnose,0.424967,0.547241,0.043945,0.13501
IMG20260105102440.jpg,3,2,anthracnose,0.385905,0.648315,0.073242,0.079346
IMG20260105102440.jpg,4,2,anthracnose,0.376139,0.427612,0.043945,0.035889
IMG20260105102441.jpg,1,0,brown spot,0.391439,0.395508,0.064128,0.041992
IMG20260105102441.jpg,2,2,anthracnose,0.397135,0.567871,0.16276,0.249512
IMG20260105102443.jpg,1,2,anthracnose,0.433268,0.682739,0.074219,0.088623
IMG20260105102443.jpg,2,2,anthracnose,0.481934,0.591553,0.102539,0.066406
IMG20260105102443.jpg,3,2,anthracnose,0.544108,0.493408,0.051758,0.048828
IMG20260105102443.jpg,4,2,anthracnose,0.34668,0.595337,0.076172,0.06958
IMG20260105102443.jpg,5,2,anthracnose,0.323242,0.260864,0.13737,0.10376
IMG20260105102443.jpg,6,2,anthracnose,0.456543,0.234497,0.125326,0.080322
IMG20260105102443.jpg,7,2,anthracnose,0.589193,0.123169,0.095703,0.121338
IMG20260105102449.jpg,1,0,brown spot,0.572754,0.5354,0.047852,0.033691
IMG20260105102449.jpg,2,0,brown spot,0.531738,0.375977,0.019206,0.015137
IMG20260105102449.jpg,3,0,brown spot,0.524089,0.640381,0.016276,0.016113
IMG20260105102449.jpg,4,0,brown spot,0.651855,0.03418,0.047852,0.021484
IMG20260105102449.jpg,5,0,brown spot,0.504883,0.126099,0.026693,0.014404
IMG20260105102449.jpg,6,0,brown spot,0.458496,0.16394,0.029622,0.013916
IMG20260105102449.jpg,7,2,anthracnose,0.44694,0.244751,0.067057,0.093018
IMG20260105102449.jpg,8,2,anthracnose,0.463216,0.377197,0.052734,0.069336
IMG20260105102449.jpg,9,2,anthracnose,0.470866,0.561401,0.080404,0.247314
IMG20260105102449.jpg,10,2,anthracnose,0.558757,0.733765,0.079102,0.077881
IMG20260105102449.jpg,11,2,anthracnose,0.701497,0.646851,0.135417,0.216553
IMG20260105102449.jpg,12,2,anthracnose,0.875651,0.603271,0.21875,0.268555
IMG20260105102457.jpg,1,2,anthracnose,0.615234,0.473633,0.088542,0.291504
IMG20260105102457.jpg,2,2,anthracnose,0.549154,0.694946,0.125,0.125244
IMG20260105102501.jpg,1,2,anthracnose,0.463542,0.796875,0.13737,0.119629
IMG20260105102501.jpg,2,0,brown spot,0.457031,0.721558,0.052734,0.030518
IMG20260105102501.jpg,3,2,anthracnose,0.59375,0.579712,0.072266,0.050537
IMG20260105102501.jpg,4,2,anthracnose,0.592448,0.66394,0.050781,0.049561
IMG20260105102501.jpg,5,2,anthracnose,0.370605,0.605957,0.079102,0.078613
IMG20260105102501.jpg,6,2,anthracnose,0.560221,0.457275,0.141276,0.174805
IMG20260105102501.jpg,7,2,anthracnose,0.783529,0.359619,0.27474,0.194336
IMG20260105102504.jpg,1,2,anthracnose,0.382324,0.561401,0.230794,0.407471
IMG20260105102504.jpg,2,2,anthracnose,0.543132,0.482422,0.080404,0.237305
IMG20260105102506.jpg,1,2,anthracnose,0.508301,0.499634,0.080404,0.070068
IMG20260105102506.jpg,2,2,anthracnose,0.334961,0.632812,0.164714,0.177734
IMG20260105102507.jpg,1,0,brown spot,0.491536,0.62854,0.046875,0.034912
IMG20260105102507.jpg,2,0,brown spot,0.540039,0.182983,0.03776,0.031982
IMG20260105102507.jpg,3,2,anthracnose,0.85026,0.347412,0.21875,0.202148
IMG20260105102507.jpg,4,2,anthracnose,0.586263,0.30957,0.034505,0.038086
IMG20260105102511.jpg,1,2,anthracnose,0.888184,0.512207,0.223633,0.249512
IMG20260105102511.jpg,2,2,anthracnose,0.427083,0.684326,0.558594,0.402832
IMG20260105102511.jpg,3,2,anthracnose,0.35026,0.238647,0.124349,0.093018
IMG20260105102511.jpg,4,2,anthracnose,0.773926,0.310059,0.16569,0.211426
IMG20260105102513.jpg,1,0,brown spot,0.373698,0.742676,0.06901,0.041992
IMG20260105102513.jpg,2,0,brown spot,0.374186,0.790649,0.043945,0.026611
IMG20260105102513.jpg,3,0,brown spot,0.376628,0.830811,0.048828,0.035156
IMG20260105102513.jpg,4,0,brown spot,0.459473,0.78772,0.033529,0.023682
IMG20260105102513.jpg,5,0,brown spot,0.500651,0.766602,0.032552,0.022949
IMG20260105102513.jpg,6,0,brown spot,0.569824,0.654175,0.04069,0.025146
IMG20260105102513.jpg,7,0,brown spot,0.394043,0.634644,0.04069,0.022705
IMG20260105102513.jpg,8,0,brown spot,0.549479,0.714722,0.065104,0.053467
IMG20260105102513.jpg,9,2,anthracnose,0.471354,0.926758,0.115885,0.109863
IMG20260105102513.jpg,10,2,anthracnose,0.656413,0.377197,0.165039,0.212891
IMG20260105102516.jpg,1,2,anthracnose,0.459147,0.645264,0.557617,0.489746
IMG20260105102520.jpg,1,2,anthracnose,0.863444,0.869629,0.269857,0.181641
IMG20260105102520.jpg,2,0,brown spot,0.450521,0.495361,0.072266,0.055664
IMG20260105102520.jpg,3,0,brown spot,0.499674,0.512207,0.034505,0.019043
IMG20260105102520.jpg,4,2,anthracnose,0.484049,0.759399,0.166016,0.185303
IMG20260105102520.jpg,5,2,anthracnose,0.659993,0.606812,0.100586,0.229736
IMG20260105102522.jpg,1,0,brown spot,0.476888,0.466431,0.326823,0.517822
IMG20260105102540.jpg,1,2,anthracnose,0.61263,0.691528,0.067057,0.099854
IMG20260105102549.jpg,1,2,anthracnose,0.520671,0.694092,0.181966,0.195312
IMG20260105102551.jpg,1,2,anthracnose,0.565918,0.551514,0.091471,0.0625
IMG20260105102555.jpg,1,0,brown spot,0.400716,0.578125,0.072266,0.048828
IMG20260105102609.jpg,1,2,anthracnose,0.560384,0.468384,0.210612,0.408936
IMG20260105102609.jpg,2,2,anthracnose,0.769206,0.243286,0.461589,0.242432
IMG20260105102611.jpg,1,2,anthracnose,0.529297,0.62854,0.307292,0.179932
IMG20260105102613.jpg,1,2,anthracnose,0.598958,0.734619,0.224609,0.178711
IMG20260105102613.jpg,2,2,anthracnose,0.884115,0.477905,0.231771,0.155029
IMG20260105102617.jpg,1,2,anthracnose,0.485514,0.739258,0.311523,0.160156
IMG20260105102619.jpg,1,2,anthracnose,0.534505,0.679321,0.341797,0.216064
IMG20260105102619.jpg,2,2,anthracnose,0.297852,0.659058,0.13151,0.118896
IMG20260105102619.jpg,3,2,anthracnose,0.93457,0.372559,0.130859,0.166992
IMG20260105102623.jpg,1,2,anthracnose,0.549154,0.592651,0.236979,0.161865
IMG20260105102646.jpg,1,2,anthracnose,0.452962,0.49353,0.118164,0.22583
IMG20260105102654.jpg,1,2,anthracnose,0.478841,0.475952,0.216797,0.174072
IMG20260105102657.jpg,1,2,anthracnose,0.285522,0.567708,0.196045,0.121745
IMG20260105102657.jpg,2,2,anthracnose,0.741821,0.914876,0.209717,0.170247
IMG20260105102701.jpg,1,2,anthracnose,0.54834,0.886556,0.084473,0.086914
IMG20260105102701.jpg,2,2,anthracnose,0.766235,0.328125,0.336182,0.266927
IMG20260105102704.jpg,1,0,brown spot,0.375651,0.473755,0.225911,0.202881
IMG20260105102704.jpg,2,1,Leaf rust,0.339518,0.257812,0.084635,0.058105
IMG20260105102704.jpg,3,1,Leaf rust,0.055664,0.237915,0.072266,0.077881
IMG20260105102704.jpg,4,1,Leaf rust,0.226562,0.150879,0.092448,0.169434
IMG20260105102708.jpg,1,2,anthracnose,0.359375,0.270752,0.160807,0.183105
IMG20260105102714.jpg,1,0,brown spot,0.511353,0.51888,0.149658,0.144531
IMG20260105102714.jpg,2,0,brown spot,0.716064,0.416992,0.053223,0.085938
IMG20260105102725.jpg,1,0,brown spot,0.436035,0.077799,0.080078,0.071615
IMG20260105102725.jpg,2,0,brown spot,0.280151,0.204264,0.145264,0.057617
IMG20260105102725.jpg,3,1,Leaf rust,0.336792,0.826497,0.0896,0.113281
IMG20260105102725.jpg,4,1,Leaf rust,0.565552,0.626465,0.138916,0.119466
IMG20260105102725.jpg,5,1,Leaf rust,0.125244,0.900228,0.135742,0.199544
IMG20260105102725.jpg,6,1,Leaf rust,0.247559,0.925781,0.084961,0.082031
IMG20260105102738.jpg,1,2,anthracnose,0.469238,0.536987,0.140299,0.37085
IMG20260105102749.jpg,1,2,anthracnose,0.546061,0.49353,0.293945,0.381592
IMG20260105102749.jpg,2,2,anthracnose,0.751139,0.292114,0.286784,0.322021
IMG20260105102753.jpg,1,2,anthracnose,0.439128,0.643799,0.367188,0.370605
IMG20260105102753.jpg,2,1,Leaf rust,0.4611,0.339355,0.278971,0.234863
IMG20260105102758.jpg,1,2,anthracnose,0.301432,0.676147,0.339844,0.280029
IMG20260105102758.jpg,2,2,anthracnose,0.725586,0.533203,0.164714,0.147949
IMG20260105102758.jpg,3,0,brown spot,0.388021,0.496948,0.048828,0.038818
IMG20260105102758.jpg,4,0,brown spot,0.628418,0.231934,0.035482,0.036621
IMG20260105102758.jpg,5,2,anthracnose,0.560872,0.450439,0.079427,0.066406
IMG20260105102802.jpg,1,2,anthracnose,0.531901,0.660645,0.348958,0.402832
IMG20260105102802.jpg,2,2,anthracnose,0.829753,0.07312,0.169922,0.105225
IMG20260105102815.jpg,1,3,Affected by leaf miner,0.422038,0.527832,0.328451,0.416504
IMG20260105102829.jpg,1,3,Affected by leaf miner,0.338542,0.629272,0.233073,0.459229
IMG20260105102829.jpg,2,3,Affected by leaf miner,0.108073,0.590454,0.207682,0.247314
IMG20260105102913.jpg,1,2,anthracnose,0.718628,0.638997,0.18335,0.177734
IMG20260105102916.jpg,1,2,anthracnose,0.374186,0.478638,0.131185,0.083252
IMG20260105102921.jpg,1,2,anthracnose,0.648275,0.725098,0.323242,0.472168
IMG20260105102928.jpg,1,2,anthracnose,0.473958,0.576294,0.367188,0.159424
IMG20260105102948.jpg,1,2,anthracnose,0.580078,0.556152,0.126302,0.085449
IMG20260105102950.jpg,1,2,anthracnose,0.492676,0.500366,0.105794,0.054932
IMG20260105102950.jpg,2,2,anthracnose,0.949707,0.313477,0.100586,0.097656
IMG20260105102952.jpg,1,2,anthracnose,0.464681,0.353882,0.098633,0.050537
IMG20260105102959.jpg,1,3,Affected by leaf miner,0.438802,0.585815,0.280599,0.505127
IMG20260105103011.jpg,1,2,anthracnose,0.594116,0.463379,0.088135,0.099935
IMG20260105103011.jpg,2,2,anthracnose,0.609497,0.797526,0.067627,0.047526
IMG20260105103025.jpg,1,0,brown spot,0.491536,0.472534,0.111979,0.057373
IMG20260105103025.jpg,2,0,brown spot,0.47998,0.783081,0.080404,0.073975
IMG20260105103027.jpg,1,0,brown spot,0.497233,0.640015,0.118815,0.065674
IMG20260105103030.jpg,1,1,Leaf rust,0.611165,0.599243,0.094727,0.049561
IMG20260105103035.jpg,1,1,Leaf rust,0.317546,0.577637,0.095378,0.054199
IMG20260105103035.jpg,2,2,anthracnose,0.226562,0.569336,0.054036,0.041992
IMG20260105103046.jpg,1,0,brown spot,0.344076,0.417969,0.097656,0.033691
IMG20260105103108.jpg,1,0,brown spot,0.475911,0.613647,0.348958,0.452393
IMG20260105103120.jpg,1,2,anthracnose,0.420898,0.490356,0.741536,0.579834
IMG20260105103120.jpg,2,2,anthracnose,0.258626,0.115845,0.480143,0.199951
IMG20260105103122.jpg,1,2,anthracnose,0.29834,0.353882,0.594076,0.666748
IMG20260105103129.jpg,1,2,anthracnose,0.463216,0.469116,0.339844,0.408936
IMG20260105103129.jpg,2,2,anthracnose,0.756673,0.120483,0.403971,0.154053
IMG20260105103129.jpg,3,2,anthracnose,0.883138,0.422974,0.233724,0.160889
IMG20260105103152.jpg,1,2,anthracnose,0.512044,0.621704,0.321615,0.193604
IMG20260105103152.jpg,2,2,anthracnose,0.267415,0.165771,0.503581,0.312012
IMG20260105103204.jpg,1,2,anthracnose,0.554688,0.627075,0.361979,0.408936
IMG20260105103208.jpg,1,2,anthracnose,0.533366,0.495728,0.418945,0.335693
IMG20260105103215.jpg,1,2,anthracnose,0.491089,0.425781,0.360596,0.290365
IMG20260105103228.jpg,1,2,anthracnose,0.498372,0.638428,0.38151,0.180176
IMG20260105103228.jpg,2,0,brown spot,0.927083,0.179932,0.046875,0.021484
IMG20260105103228.jpg,3,0,brown spot,0.762695,0.203979,0.054036,0.031494
IMG20260105103228.jpg,4,2,anthracnose,0.959961,0.393921,0.072266,0.038818
IMG20260105103232.jpg,1,2,anthracnose,0.627441,0.173096,0.139648,0.154297
IMG20260105103232.jpg,2,2,anthracnose,0.433594,0.676636,0.077474,0.059326
IMG20260105103238.jpg,1,2,anthracnose,0.470703,0.707153,0.139323,0.077881
IMG20260105103238.jpg,2,2,anthracnose,0.697754,0.717407,0.066081,0.035889
IMG20260105103243.jpg,1,2,anthracnose,0.286621,0.346313,0.194336,0.126709
IMG20260105104824.jpg,1,2,anthracnose,0.329915,0.786133,0.624674,0.241699
IMG20260105104824.jpg,2,2,anthracnose,0.726237,0.430298,0.432292,0.506592
IMG20260105104831.jpg,1,2,anthracnose,0.605143,0.670166,0.336589,0.508789
IMG20260105104838.jpg,1,2,anthracnose,0.577962,0.483154,0.844076,0.650879
IMG20260105104841.jpg,1,2,anthracnose,0.396484,0.862061,0.623698,0.216797
IMG20260105104841.jpg,2,2,anthracnose,0.422526,0.171143,0.160807,0.131836
IMG20260105104843.jpg,1,2,anthracnose,0.69401,0.804077,0.197266,0.187744
IMG20260105104843.jpg,2,2,anthracnose,0.224121,0.342529,0.156576,0.073242
IMG20260105104843.jpg,3,2,anthracnose,0.341634,0.582764,0.127279,0.112793
IMG20260105104843.jpg,4,2,anthracnose,0.927897,0.896729,0.144206,0.206543
IMG20260105104849.jpg,1,2,anthracnose,0.400065,0.511841,0.754557,0.711182
IMG20260105104849.jpg,2,2,anthracnose,0.862793,0.163452,0.274414,0.232666
IMG20260105104858.jpg,1,2,anthracnose,0.388794,0.522624,0.445068,0.652669
IMG20260105104904.jpg,1,0,brown spot,0.658529,0.380981,0.370443,0.212646
IMG20260105104906.jpg,1,2,anthracnose,0.280924,0.613281,0.227865,0.378418
IMG20260105104911.jpg,1,2,anthracnose,0.612793,0.571045,0.722331,0.530273
IMG20260105104911.jpg,2,2,anthracnose,0.13151,0.305176,0.199219,0.195312
IMG20260105104924.jpg,1,2,anthracnose,0.458496,0.408813,0.09668,0.053467
IMG20260105104927.jpg,1,2,anthracnose,0.541992,0.322998,0.13737,0.084473
IMG20260105104927.jpg,2,2,anthracnose,0.533366,0.70874,0.174805,0.108398
IMG20260105104927.jpg,3,2,anthracnose,0.169108,0.478271,0.124023,0.401367
IMG20260105104931.jpg,1,2,anthracnose,0.644857,0.588867,0.609375,0.492676
IMG20260105104931.jpg,2,2,anthracnose,0.334473,0.188721,0.24707,0.135254
IMG20260105104931.jpg,3,0,brown spot,0.327799,0.022461,0.06901,0.029785
IMG20260105104936.jpg,1,2,anthracnose,0.559245,0.483521,0.171875,0.346436
IMG20260105104936.jpg,2,2,anthracnose,0.368164,0.52478,0.202474,0.311279
IMG20260105104939.jpg,1,2,anthracnose,0.603516,0.534058,0.429036,0.640869
IMG20260105104945.jpg,1,2,anthracnose,0.573568,0.387085,0.110677,0.075439
IMG20260105104945.jpg,2,2,anthracnose,0.542155,0.037354,0.094727,0.048828
IMG20260105104954.jpg,1,2,anthracnose,0.494629,0.600708,0.366211,0.228271
IMG20260105104959.jpg,1,2,anthracnose,0.337565,0.179199,0.072266,0.048828
IMG20260105105007.jpg,1,2,anthracnose,0.224609,0.370728,0.273438,0.271729
IMG20260105105007.jpg,2,2,anthracnose,0.544108,0.46521,0.326497,0.398193
IMG20260105105010.jpg,1,2,anthracnose,0.591797,0.722412,0.157552,0.094727
IMG20260105105010.jpg,2,2,anthracnose,0.165527,0.372925,0.163737,0.129639
IMG20260105105013.jpg,1,2,anthracnose,0.631999,0.562988,0.073242,0.047363
IMG20260105105013.jpg,2,2,anthracnose,0.56429,0.365723,0.049805,0.032715
IMG20260105105013.jpg,3,2,anthracnose,0.669271,0.438599,0.057943,0.03833
IMG20260105105013.jpg,4,2,anthracnose,0.43571,0.693848,0.156576,0.128906
IMG20260105105017.jpg,1,2,anthracnose,0.581706,0.60498,0.428385,0.402832
IMG20260105105018.jpg,1,2,anthracnose,0.666178,0.479004,0.322591,0.363281
IMG20260105105024.jpg,1,2,anthracnose,0.579264,0.444336,0.236003,0.23584
IMG20260105105024.jpg,2,2,anthracnose,0.265299,0.134644,0.316406,0.220459
IMG20260105105027.jpg,1,2,anthracnose,0.499837,0.439331,0.433268,0.55542
IMG20260105105031.jpg,1,2,anthracnose,0.479004,0.594238,0.452799,0.583008
IMG20260105105036.jpg,1,2,anthracnose,0.61735,0.537354,0.601237,0.678223
IMG20260105105041.jpg,1,2,anthracnose,0.605469,0.387939,0.113932,0.078613
IMG20260105105044.jpg,1,2,anthracnose,0.462565,0.776245,0.153646,0.13208
IMG20260105105219.jpg,1,2,anthracnose,0.299479,0.475586,0.16276,0.138184
IMG20260105105226.jpg,1,2,anthracnose,0.431641,0.390869,0.207682,0.101562
IMG20260105105226.jpg,2,2,anthracnose,0.64974,0.647583,0.102865,0.070068
IMG20260105105226.jpg,3,2,anthracnose,0.759277,0.689575,0.058919,0.059326
IMG20260105105230.jpg,1,2,anthracnose,0.484538,0.268799,0.165039,0.075684
IMG20260105105236.jpg,1,2,anthracnose,0.648193,0.482585,0.11377,0.158529
IMG20260105105305.jpg,1,3,Affected by leaf miner,0.504883,0.576782,0.482422,0.531006
IMG20260105105310.jpg,1,3,Affected by leaf miner,0.552083,0.544678,0.676432,0.351074
IMG20260105105348.jpg,1,2,anthracnose,0.663574,0.817017,0.165039,0.175537
IMG20260105105353.jpg,1,2,anthracnose,0.617188,0.357666,0.318359,0.356934
IMG20260105105356.jpg,1,2,anthracnose,0.385417,0.515259,0.236979,0.224854
IMG20260105105420.jpg,1,3,Affected by leaf miner,0.520508,0.368164,0.440918,0.397135
IMG20260105105424.jpg,1,3,Affected by leaf miner,0.364909,0.565186,0.352865,0.428711
IMG20260105105424.jpg,2,2,anthracnose,0.832357,0.712769,0.335286,0.4021
IMG20260105105424.jpg,3,2,anthracnose,0.496094,0.86731,0.253255,0.138916
IMG20260105105427.jpg,1,3,Affected by leaf miner,0.541016,0.51001,0.348958,0.688965
IMG20260105105437.jpg,1,2,anthracnose,0.479167,0.480957,0.511719,0.504395
IMG20260105105447.jpg,1,2,anthracnose,0.428548,0.514038,0.29069,0.434814
IMG20260105105501.jpg,1,3,Affected by leaf miner,0.533854,0.533569,0.430339,0.52124
IMG20260105105524.jpg,1,2,anthracnose,0.656901,0.786621,0.192057,0.157227
IMG20260105105524.jpg,2,0,brown spot,0.686035,0.685425,0.04069,0.028076
IMG20260105105524.jpg,3,0,brown spot,0.622884,0.358398,0.044596,0.036621
IMG20260105105536.jpg,1,2,anthracnose,0.521159,0.580933,0.150391,0.122803
IMG20260105105626.jpg,1,3,Affected by leaf miner,0.577637,0.633423,0.281576,0.292236
IMG20260105105836.jpg,1,2,anthracnose,0.427572,0.559937,0.207357,0.300537
IMG20260105105836.jpg,2,0,brown spot,0.199056,0.228394,0.066081,0.032959
IMG20260105105836.jpg,3,0,brown spot,0.052572,0.040283,0.049805,0.033691
IMG20260105105836.jpg,4,0,brown spot,0.737305,0.452759,0.047526,0.035889
IMG20260105105839.jpg,1,0,brown spot,0.419434,0.677734,0.138346,0.09375
IMG20260105105839.jpg,2,0,brown spot,0.112793,0.476318,0.062174,0.041992
IMG20260105105839.jpg,3,0,brown spot,0.135091,0.198608,0.05599,0.034424
IMG20260105105839.jpg,4,2,anthracnose,0.123372,0.545044,0.042969,0.058838
IMG20260105105841.jpg,1,0,brown spot,0.650879,0.567139,0.112956,0.074219
IMG20260105105841.jpg,2,0,brown spot,0.541016,0.054443,0.100911,0.055664
IMG20260105105843.jpg,1,0,brown spot,0.804525,0.598022,0.080404,0.047119
IMG20260105105843.jpg,2,0,brown spot,0.453613,0.5896,0.066081,0.047363
IMG20260105105843.jpg,3,0,brown spot,0.587728,0.941772,0.066081,0.061768
IMG20260105105844.jpg,1,2,anthracnose,0.305664,0.650635,0.139323,0.12207
IMG20260105105844.jpg,2,2,anthracnose,0.283529,0.411499,0.108724,0.122803
IMG20260105105846.jpg,1,2,anthracnose,0.453451,0.641602,0.265625,0.218262
IMG20260105110657.jpg,1,2,anthracnose,0.640137,0.454224,0.185221,0.186768
IMG20260105110657.jpg,2,2,anthracnose,0.949382,0.326782,0.060872,0.058838
IMG20260105110710.jpg,1,2,anthracnose,0.596354,0.442383,0.130208,0.08252
IMG20260105110712.jpg,1,0,brown spot,0.661458,0.537354,0.048828,0.041992
IMG20260105110712.jpg,2,0,brown spot,0.52474,0.53772,0.072266,0.039795
IMG20260105110726.jpg,1,2,anthracnose,0.542643,0.664795,0.520833,0.446289
IMG20260105110728.jpg,1,2,anthracnose,0.330404,0.550049,0.477214,0.51123
IMG20260105110728_01.jpg,1,2,anthracnose,0.208822,0.63623,0.329753,0.453125
IMG20260105110734.jpg,1,2,anthracnose,0.632935,0.48291,0.460205,0.424805
IMG20260105110738.jpg,1,2,anthracnose,0.208496,0.255208,0.308594,0.378255
IMG20260105110740.jpg,1,2,anthracnose,0.490072,0.509521,0.310221,0.399902
IMG20260105110744.jpg,1,2,anthracnose,0.369141,0.290161,0.222656,0.211182
IMG20260105110744.jpg,2,1,Leaf rust,0.352702,0.535034,0.112956,0.13501
IMG20260105110744.jpg,3,2,anthracnose,0.11263,0.652588,0.121094,0.064941
IMG20260105110746.jpg,1,1,Leaf rust,0.465658,0.606812,0.489258,0.552979
IMG20260105110747.jpg,1,1,Leaf rust,0.451009,0.594971,0.508789,0.53418
IMG20260105110750.jpg,1,1,Leaf rust,0.363932,0.464111,0.235026,0.313477
IMG20260105110750.jpg,2,2,anthracnose,0.425456,0.776611,0.110026,0.071777
IMG20260105110754.jpg,1,2,anthracnose,0.348999,0.549316,0.330322,0.29069
IMG20260105110754.jpg,2,0,brown spot,0.578735,0.436686,0.040283,0.055013
IMG20260105110756.jpg,1,0,brown spot,0.225586,0.562134,0.041667,0.039795
IMG20260105110756.jpg,2,0,brown spot,0.42041,0.573608,0.058919,0.030518
IMG20260105110756.jpg,3,0,brown spot,0.701335,0.479736,0.04069,0.036621
IMG20260105110800.jpg,1,2,anthracnose,0.729655,0.769287,0.124023,0.101562
IMG20260105110805.jpg,1,0,brown spot,0.750977,0.709595,0.044922,0.027588
IMG20260105110809.jpg,1,0,brown spot,0.438802,0.429077,0.408854,0.313721
IMG20260105110817.jpg,1,2,anthracnose,0.741374,0.658691,0.123372,0.138184
IMG20260105110817.jpg,2,2,anthracnose,0.731283,0.442383,0.062174,0.050293
IMG20260105110817.jpg,3,2,anthracnose,0.659505,0.374878,0.142578,0.048096
IMG20260105110821.jpg,1,2,anthracnose,0.527832,0.512207,0.469076,0.597168
IMG20260105110834.jpg,1,2,anthracnose,0.547689,0.526001,0.317383,0.193115
IMG20260105110837.jpg,1,2,anthracnose,0.469116,0.51888,0.262939,0.236328
IMG20260105110844.jpg,1,2,anthracnose,0.392904,0.449341,0.51888,0.593506
IMG20260105110846.jpg,1,2,anthracnose,0.453939,0.555298,0.364258,0.456299
IMG20260105110849.jpg,1,2,anthracnose,0.805013,0.34314,0.231771,0.227295
IMG20260105110853.jpg,1,2,anthracnose,0.432617,0.543945,0.17513,0.303711
IMG20260105110856.jpg,1,2,anthracnose,0.472168,0.568237,0.528971,0.445557
IMG20260105110856.jpg,2,2,anthracnose,0.569499,0.130005,0.16569,0.089111
IMG20260105111011.jpg,1,2,anthracnose,0.422852,0.570312,0.294434,0.171875
IMG20260105111013.jpg,1,2,anthracnose,0.342407,0.237956,0.075928,0.059896
IMG20260105111013.jpg,2,2,anthracnose,0.669922,0.093262,0.062012,0.064128
IMG20260105111015.jpg,1,2,anthracnose,0.405884,0.609375,0.070068,0.076823
IMG20260105111015.jpg,2,2,anthracnose,0.735229,0.080241,0.066162,0.090169
IMG20260105111020.jpg,1,2,anthracnose,0.523926,0.463704,0.486328,0.383138
IMG20260105111024.jpg,1,2,anthracnose,0.631999,0.461426,0.197591,0.378418
IMG20260105111027.jpg,1,2,anthracnose,0.296712,0.328735,0.180013,0.297607
IMG20260105111027.jpg,2,2,anthracnose,0.750163,0.358765,0.12207,0.159424
IMG20260105111115.jpg,1,2,anthracnose,0.297729,0.479655,0.374268,0.404622
IMG20260105111324.jpg,1,2,anthracnose,0.504395,0.547241,0.420247,0.525635
IMG20260105111324.jpg,2,2,anthracnose,0.881185,0.295898,0.16276,0.106934
IMG20260105111328.jpg,1,2,anthracnose,0.640625,0.469116,0.20638,0.156982
IMG20260105111335.jpg,1,2,anthracnose,0.529785,0.430176,0.210612,0.14209
IMG20260105111335.jpg,2,2,anthracnose,0.302409,0.586548,0.25,0.199951
IMG20260105111335.jpg,3,2,anthracnose,0.50293,0.790649,0.242188,0.109131
IMG20260105111335.jpg,4,2,anthracnose,0.485026,0.908081,0.334635,0.183838
IMG20260105111340.jpg,1,2,anthracnose,0.512533,0.472534,0.403971,0.572998
IMG20260105111344.jpg,1,2,anthracnose,0.537435,0.558716,0.427083,0.449463
IMG20260105111348.jpg,1,2,anthracnose,0.458171,0.555664,0.400716,0.626465
IMG20260105111401.jpg,1,2,anthracnose,0.388346,0.577759,0.495443,0.539307
IMG20260105111406.jpg,1,2,anthracnose,0.347656,0.582397,0.30599,0.429443
IMG20260105111406.jpg,2,2,anthracnose,0.718913,0.684692,0.078451,0.206787
IMG20260105111412.jpg,1,2,anthracnose,0.425781,0.47168,0.423828,0.38737
IMG20260105111412.jpg,2,2,anthracnose,0.566528,0.15918,0.196045,0.114583
IMG20260105111942.jpg,1,2,anthracnose,0.532227,0.5802,0.441406,0.475342
IMG20260105111942.jpg,2,2,anthracnose,0.753581,0.258179,0.304036,0.193115
IMG20260105111945.jpg,1,2,anthracnose,0.584798,0.46106,0.438477,0.269287
IMG20260105111945.jpg,2,2,anthracnose,0.725098,0.9104,0.222982,0.179199
IMG20260105111950.jpg,1,2,anthracnose,0.43929,0.589722,0.338867,0.567627
IMG20260105111953.jpg,1,2,anthracnose,0.544108,0.458496,0.501628,0.501953
IMG20260105111955.jpg,1,2,anthracnose,0.316569,0.497681,0.268555,0.392822
IMG20260105111955.jpg,2,2,anthracnose,0.669596,0.096436,0.177083,0.187012
IMG20260105111959.jpg,1,2,anthracnose,0.707845,0.459961,0.214518,0.317383
IMG20260105111959.jpg,2,2,anthracnose,0.872559,0.596069,0.133138,0.109131
IMG20260105112002.jpg,1,2,anthracnose,0.369466,0.511108,0.339844,0.566162
IMG20260105112002.jpg,2,2,anthracnose,0.665039,0.263184,0.224609,0.256348
IMG20260105112006.jpg,1,2,anthracnose,0.419922,0.525879,0.739583,0.701172
IMG20260105112010.jpg,1,2,anthracnose,0.666504,0.582397,0.445638,0.617432
IMG20260105112017.jpg,1,3,Affected by leaf miner,0.553711,0.52063,0.339844,0.551514
IMG20260105112024.jpg,1,2,anthracnose,0.29069,0.358765,0.491536,0.585205
IMG20260105112031.jpg,1,2,anthracnose,0.722982,0.630127,0.554036,0.585938
IMG20260105112036.jpg,1,2,anthracnose,0.470866,0.529419,0.53418,0.508057
IMG20260105112106.jpg,1,2,anthracnose,0.751465,0.217041,0.49707,0.189941
IMG20260105112106.jpg,2,2,anthracnose,0.488607,0.686523,0.254557,0.233398
IMG20260105112106.jpg,3,2,anthracnose,0.611165,0.807007,0.163737,0.189209
IMG20260105112122.jpg,1,2,anthracnose,0.462077,0.547729,0.411133,0.531006
IMG20260105112122.jpg,2,2,anthracnose,0.699219,0.146362,0.52474,0.190674
IMG20260105112126.jpg,1,2,anthracnose,0.481934,0.588501,0.472982,0.700928
IMG20260105112126.jpg,2,2,anthracnose,0.167643,0.310059,0.285807,0.222168
IMG20260105112129.jpg,1,2,anthracnose,0.55013,0.534668,0.373047,0.624023
IMG20260105112129.jpg,2,2,anthracnose,0.805339,0.333984,0.123047,0.061035
IMG20260105112129.jpg,3,2,anthracnose,0.927897,0.512573,0.144206,0.099365
IMG20260105112133.jpg,1,2,anthracnose,0.40564,0.530111,0.369873,0.394206
IMG20260105112133.jpg,2,2,anthracnose,0.786621,0.873535,0.160156,0.25293
IMG20260105112133.jpg,3,2,anthracnose,0.953735,0.796387,0.092529,0.407227
IMG20260105112142.jpg,1,2,anthracnose,0.515625,0.484009,0.5625,0.510498
IMG20260105112142.jpg,2,2,anthracnose,0.892253,0.203613,0.215495,0.117676
IMG20260105112142.jpg,3,2,anthracnose,0.952799,0.601074,0.094401,0.112793
IMG20260105112151.jpg,1,2,anthracnose,0.41748,0.716675,0.219727,0.150146
IMG20260105112151.jpg,2,2,anthracnose,0.253255,0.480957,0.08138,0.043457
IMG20260105112151.jpg,3,2,anthracnose,0.17334,0.347412,0.056966,0.063477
IMG20260105112203.jpg,1,2,anthracnose,0.443848,0.397705,0.099935,0.092285
IMG20260105112203.jpg,2,0,brown spot,0.588216,0.286377,0.050781,0.025391
IMG20260105112203.jpg,3,0,brown spot,0.145833,0.417603,0.065104,0.05249
IMG20260105112203.jpg,4,2,anthracnose,0.303385,0.523682,0.179036,0.05127
IMG20260105112207.jpg,1,2,anthracnose,0.355306,0.557617,0.620768,0.578125
IMG20260105112211.jpg,1,0,brown spot,0.421875,0.064331,0.04362,0.037354
IMG20260105112211.jpg,2,2,anthracnose,0.493652,0.76123,0.22168,0.157227
IMG20260105112211.jpg,3,0,brown spot,0.583171,0.508423,0.05306,0.034424
IMG20260105112211.jpg,4,0,brown spot,0.553711,0.452393,0.028646,0.025879
IMG20260105112211.jpg,5,2,anthracnose,0.446452,0.549194,0.066081,0.059326
IMG20260105112216.jpg,1,2,anthracnose,0.397461,0.573242,0.233073,0.302734
IMG20260105112216.jpg,2,2,anthracnose,0.90625,0.672729,0.088542,0.054932
IMG20260105112220.jpg,1,2,anthracnose,0.430013,0.821289,0.414062,0.324219
IMG20260105112225.jpg,1,2,anthracnose,0.721029,0.372559,0.328776,0.344238
IMG20260105112225.jpg,2,0,brown spot,0.236816,0.501953,0.074544,0.033691
IMG20260105112225.jpg,3,2,anthracnose,0.450846,0.660889,0.083333,0.054199
IMG20260105112225.jpg,4,0,brown spot,0.101562,0.482788,0.045573,0.033447
IMG20260105112244.jpg,1,2,anthracnose,0.583171,0.562256,0.160482,0.120605
IMG20260105112254.jpg,1,2,anthracnose,0.535319,0.680786,0.30306,0.325928
IMG20260105112254.jpg,2,0,brown spot,0.250651,0.404663,0.048828,0.025146
IMG20260105112259.jpg,1,0,brown spot,0.599935,0.6698,0.045573,0.030518
IMG20260105112259.jpg,2,0,brown spot,0.596517,0.701416,0.042643,0.026855
IMG20260105112259.jpg,3,2,anthracnose,0.597331,0.608276,0.046875,0.048096
IMG20260105112259.jpg,4,2,anthracnose,0.604492,0.751343,0.063151,0.056396
IMG20260105112259.jpg,5,2,anthracnose,0.489095,0.631226,0.035482,0.031494
IMG20260105112315.jpg,1,2,anthracnose,0.174805,0.378296,0.348958,0.10376
IMG20260105112315.jpg,2,2,anthracnose,0.174805,0.637329,0.188151,0.155029
IMG20260105112315.jpg,3,2,anthracnose,0.413411,0.616333,0.097656,0.169189
IMG20260105112315.jpg,4,2,anthracnose,0.865072,0.462891,0.103841,0.134277
IMG20260105112320.jpg,1,2,anthracnose,0.174154,0.447021,0.211589,0.244141
IMG20260105112320.jpg,2,2,anthracnose,0.611165,0.864624,0.082357,0.058838
IMG20260105112320.jpg,3,0,brown spot,0.787272,0.4729,0.09668,0.06543
IMG20260105112320.jpg,4,0,brown spot,0.328939,0.210571,0.060872,0.042725
IMG20260105112325.jpg,1,2,anthracnose,0.488607,0.565674,0.189453,0.150391
IMG20260105112330.jpg,1,2,anthracnose,0.407227,0.404948,0.388184,0.227214
IMG20260105112338.jpg,1,2,anthracnose,0.553711,0.608765,0.182943,0.140381
IMG20260105112356.jpg,1,2,anthracnose,0.546509,0.42334,0.405029,0.181966
IMG20260105112402.jpg,1,0,brown spot,0.575521,0.308838,0.126953,0.039551
IMG20260105112410.jpg,1,0,brown spot,0.478841,0.47937,0.072266,0.038818
IMG20260105112429.jpg,1,0,brown spot,0.453451,0.612915,0.267578,0.304443
IMG20260105112433.jpg,1,0,brown spot,0.433594,0.412231,0.16276,0.095459
IMG20260105112433.jpg,2,0,brown spot,0.501302,0.820801,0.102865,0.094727
IMG20260105112437.jpg,1,0,brown spot,0.825358,0.315674,0.313477,0.463867
IMG20260105112448.jpg,1,0,brown spot,0.5625,0.491374,0.259277,0.288086
IMG20260105112451.jpg,1,0,brown spot,0.568115,0.481771,0.683594,0.403646
IMG20260105112454.jpg,1,0,brown spot,0.433105,0.501465,0.485352,0.469238
IMG20260105112459.jpg,1,0,brown spot,0.445557,0.592122,0.421387,0.238932
IMG20260105112502.jpg,1,0,brown spot,0.500732,0.611491,0.288574,0.229492
IMG20260105112504.jpg,1,0,brown spot,0.495117,0.384766,0.38623,0.16862
IMG20260105112504.jpg,2,2,anthracnose,0.889526,0.486328,0.055908,0.11263
IMG20260105112506.jpg,1,2,anthracnose,0.47522,0.582682,0.6604,0.369141
IMG20260105112506.jpg,2,2,anthracnose,0.625366,0.873698,0.292236,0.251302
IMG20260105112510.jpg,1,0,brown spot,0.460083,0.446777,0.338623,0.105143
IMG20260105112510.jpg,2,2,anthracnose,0.728394,0.333496,0.102783,0.164388
IMG20260105112520.jpg,1,0,brown spot,0.549642,0.565186,0.21582,0.256348
IMG20260105112542.jpg,1,0,brown spot,0.439779,0.693115,0.126302,0.09082
IMG20260105112548.jpg,1,0,brown spot,0.523763,0.299805,0.106771,0.05957
IMG20260105112548.jpg,2,2,anthracnose,0.568034,0.682251,0.099609,0.086182
IMG20260105112552.jpg,1,0,brown spot,0.54362,0.678589,0.148438,0.136475
IMG20260105112602.jpg,1,2,anthracnose,0.590332,0.609863,0.105794,0.115234
IMG20260105112602.jpg,2,2,anthracnose,0.448893,0.297852,0.215495,0.185547
IMG20260105112633.jpg,1,0,brown spot,0.732747,0.356934,0.378255,0.366211
IMG20260105112637.jpg,1,0,brown spot,0.471842,0.462891,0.503581,0.561523
IMG20260105112643.jpg,1,0,brown spot,0.508464,0.606079,0.460938,0.406494
IMG20260105112647.jpg,1,0,brown spot,0.677734,0.456177,0.34375,0.407471
IMG20260105112652.jpg,1,0,brown spot,0.598958,0.438599,0.277995,0.456299
IMG20260105112655.jpg,1,0,brown spot,0.523112,0.637695,0.294922,0.524902
IMG20260105112701.jpg,1,0,brown spot,0.717936,0.352417,0.344727,0.30835
IMG20260105112701.jpg,2,2,anthracnose,0.704264,0.088501,0.077148,0.054932
IMG20260105112706.jpg,1,0,brown spot,0.461589,0.608643,0.347005,0.39209
IMG20260105112708.jpg,1,0,brown spot,0.730632,0.55835,0.101888,0.14502
IMG20260105112712.jpg,1,0,brown spot,0.556152,0.459961,0.375326,0.356934
IMG20260105112715.jpg,1,0,brown spot,0.47168,0.642212,0.430339,0.28833
IMG20260105112718.jpg,1,0,brown spot,0.48291,0.557617,0.438477,0.38916
IMG20260105112720.jpg,1,0,brown spot,0.426107,0.543823,0.316406,0.210693
IMG20260105112728.jpg,1,0,brown spot,0.412272,0.644531,0.349935,0.401367
IMG20260105112730.jpg,1,0,brown spot,0.463053,0.63916,0.335612,0.366211
IMG20260105112733.jpg,1,0,brown spot,0.467285,0.351562,0.317383,0.109863
IMG20260105112733.jpg,2,0,brown spot,0.516602,0.571777,0.102865,0.052734
IMG20260105112741.jpg,1,2,anthracnose,0.386393,0.857422,0.141276,0.08252
IMG20260105112741.jpg,2,2,anthracnose,0.226237,0.44812,0.111979,0.048096
IMG20260105112753.jpg,1,2,anthracnose,0.60498,0.641968,0.210612,0.3396
IMG20260105112753.jpg,2,0,brown spot,0.879232,0.595337,0.046875,0.037354
IMG20260105112757.jpg,1,2,anthracnose,0.333496,0.581299,0.232747,0.244141
IMG20260105112845.jpg,1,2,anthracnose,0.623861,0.584229,0.12207,0.268555
IMG20260105112845.jpg,2,2,anthracnose,0.390462,0.68811,0.111003,0.164795
IMG20260105112903.jpg,1,2,anthracnose,0.819173,0.16687,0.138346,0.091553
IMG20260105112903.jpg,2,2,anthracnose,0.596029,0.868164,0.106771,0.120605
IMG20260105112903.jpg,3,2,anthracnose,0.221517,0.529785,0.143555,0.107422
IMG20260105112903.jpg,4,2,anthracnose,0.462565,0.612183,0.072266,0.05249
IMG20260105112903.jpg,5,2,anthracnose,0.08724,0.266968,0.086589,0.064209
IMG20260105112903.jpg,6,0,brown spot,0.267415,0.302368,0.064128,0.037354
IMG20260105112903.jpg,7,2,anthracnose,0.199707,0.236816,0.083659,0.064941
IMG20260105112903.jpg,8,2,anthracnose,0.241862,0.130005,0.086589,0.060303
IMG20260105112903.jpg,9,2,anthracnose,0.271973,0.381348,0.056966,0.039551
IMG20260105112903.jpg,10,2,anthracnose,0.379232,0.354736,0.057943,0.038086
IMG20260105112910.jpg,1,0,brown spot,0.457194,0.581665,0.642904,0.682861
IMG20260105112915.jpg,1,0,brown spot,0.645671,0.448853,0.407878,0.389893
IMG20260105112918.jpg,1,0,brown spot,0.483887,0.371826,0.212565,0.347168
IMG20260105112924.jpg,1,0,brown spot,0.618327,0.522217,0.275716,0.373047
IMG20260105112933.jpg,1,2,anthracnose,0.455078,0.29895,0.117839,0.064209
IMG20260105112938.jpg,1,2,anthracnose,0.644531,0.547974,0.090495,0.076904
IMG20260105112951.jpg,1,0,brown spot,0.881836,0.24939,0.059896,0.044189
IMG20260105112951.jpg,2,0,brown spot,0.83903,0.286011,0.043945,0.030518
IMG20260105112951.jpg,3,0,brown spot,0.955566,0.208984,0.044596,0.036621
IMG20260105112951.jpg,4,0,brown spot,0.541016,0.483154,0.052083,0.057129
IMG20260105112951.jpg,5,0,brown spot,0.516602,0.404175,0.054036,0.044189
IMG20260105112951.jpg,6,0,brown spot,0.549642,0.534302,0.083659,0.064697
IMG20260105112951.jpg,7,2,anthracnose,0.609701,0.669678,0.130208,0.160156
IMG20260105112951.jpg,8,2,anthracnose,0.740234,0.606445,0.106771,0.094727
IMG20260105112953.jpg,1,2,anthracnose,0.203776,0.548096,0.231771,0.336426
IMG20260105112953.jpg,2,0,brown spot,0.483073,0.390503,0.057943,0.04126
IMG20260105112953.jpg,3,0,brown spot,0.424479,0.408081,0.050781,0.03833
IMG20260105112953.jpg,4,0,brown spot,0.612142,0.384399,0.043945,0.029053
IMG20260105112953.jpg,5,0,brown spot,0.637207,0.300903,0.04069,0.025146
IMG20260105112953.jpg,6,0,brown spot,0.699707,0.429077,0.060221,0.038818
IMG20260105112953.jpg,7,0,brown spot,0.72054,0.478638,0.042643,0.032959
IMG20260105112955.jpg,1,2,anthracnose,0.431641,0.402832,0.365723,0.179362
IMG20260105112958.jpg,1,2,anthracnose,0.451986,0.367554,0.394857,0.215088
IMG20260105113007.jpg,1,2,anthracnose,0.736328,0.5802,0.166016,0.255615
IMG20260105113007.jpg,2,0,brown spot,0.110677,0.182251,0.074219,0.016846
IMG20260105113007.jpg,3,0,brown spot,0.211914,0.20166,0.042969,0.020508
IMG20260105113050.jpg,1,2,anthracnose,0.431274,0.348145,0.134521,0.078451
IMG20260105113050.jpg,2,1,Leaf rust,0.560547,0.912435,0.356934,0.150391
IMG20260105113054.jpg,1,4,healthy,0.507487,0.55835,0.515625,0.607422
IMG20260105113054.jpg,2,4,healthy,0.17627,0.642944,0.339518,0.714111
IMG20260105113107.jpg,1,2,anthracnose,0.730143,0.192139,0.119141,0.076172
IMG20260105113107.jpg,2,0,brown spot,0.625977,0.422974,0.052734,0.035889
IMG20260105113107.jpg,3,0,brown spot,0.613118,0.496948,0.045898,0.037354
IMG20260105113107.jpg,4,0,brown spot,0.505859,0.511353,0.042969,0.023682
IMG20260105113107.jpg,5,2,anthracnose,0.299967,0.269165,0.078451,0.052002
IMG20260105113109.jpg,1,0,brown spot,0.48291,0.29126,0.127279,0.05957
IMG20260105113109.jpg,2,2,anthracnose,0.455566,0.820068,0.304362,0.302246
IMG20260105113111.jpg,1,0,brown spot,0.554688,0.592285,0.083333,0.063477
IMG20260105113111.jpg,2,2,anthracnose,0.105632,0.321533,0.082357,0.055664
IMG20260105113127.jpg,1,2,anthracnose,0.552572,0.687378,0.12207,0.090088
IMG20260105113150.jpg,1,2,anthracnose,0.561849,0.5,0.101562,0.070801
IMG20260105113152.jpg,1,2,anthracnose,0.386882,0.417603,0.062826,0.037354
IMG20260105113200.jpg,1,2,anthracnose,0.645182,0.822632,0.150391,0.147217
IMG20260105113212.jpg,1,2,anthracnose,0.530273,0.785034,0.059245,0.067139
IMG20260105113226.jpg,1,2,anthracnose,0.422852,0.700033,0.076172,0.066081
IMG20260105113237.jpg,1,0,brown spot,0.483887,0.644531,0.082357,0.071777
IMG20260105113237.jpg,2,0,brown spot,0.625977,0.704834,0.050781,0.041016
IMG20260105113309.jpg,1,2,anthracnose,0.574056,0.713989,0.138346,0.105225
IMG20260105113309.jpg,2,2,anthracnose,0.114746,0.27771,0.198242,0.152588
IMG20260105113309.jpg,3,2,anthracnose,0.240885,0.424194,0.166016,0.140381
IMG_20260105_091405.jpg,1,2,anthracnose,0.23877,0.286275,0.273763,0.236765
IMG_20260105_091405.jpg,2,2,anthracnose,0.939779,0.789461,0.104818,0.089706
IMG_20260105_091405.jpg,3,2,anthracnose,0.770345,0.513848,0.091471,0.060539
IMG_20260105_091405.jpg,4,2,anthracnose,0.520508,0.83652,0.155599,0.122549
IMG_20260105_091405.jpg,5,2,anthracnose,0.576009,0.964706,0.107747,0.070588
IMG_20260105_091409.jpg,1,2,anthracnose,0.546549,0.699632,0.547526,0.600735
IMG_20260105_091447.jpg,1,2,anthracnose,0.414876,0.438232,0.77832,0.226562
IMG_20260105_091504.jpg,1,2,anthracnose,0.438151,0.514893,0.72526,0.732422
IMG_20260105_091508.jpg,1,2,anthracnose,0.492188,0.508057,0.464844,0.352539
IMG_20260105_091511.jpg,1,2,anthracnose,0.57666,0.598022,0.342773,0.375244
IMG_20260105_091518.jpg,1,2,anthracnose,0.567546,0.483643,0.373372,0.340332
IMG_20260105_091518.jpg,2,2,anthracnose,0.314616,0.614868,0.508789,0.251709
IMG_20260105_091525.jpg,1,2,anthracnose,0.217936,0.581177,0.217773,0.141846
IMG_20260105_091525.jpg,2,2,anthracnose,0.750488,0.590454,0.281576,0.216553
IMG_20260105_091550.jpg,1,2,anthracnose,0.367513,0.517647,0.148438,0.083333
IMG_20260105_091624.jpg,1,2,anthracnose,0.428833,0.506348,0.637939,0.391602
IMG_20260105_091633.jpg,1,2,anthracnose,0.393505,0.539876,0.383578,0.549154
IMG_20260105_091633.jpg,2,2,anthracnose,0.146201,0.246908,0.082598,0.125977
IMG_20260105_091639.jpg,1,2,anthracnose,0.574142,0.374674,0.447304,0.21224
IMG_20260105_091639.jpg,2,2,anthracnose,0.197059,0.791341,0.103431,0.090495
IMG_20260105_091644.jpg,1,2,anthracnose,0.563314,0.730835,0.583008,0.175537
IMG_20260105_091644.jpg,2,2,anthracnose,0.525716,0.326782,0.13151,0.144287
IMG_20260105_091644.jpg,3,2,anthracnose,0.049642,0.264526,0.062174,0.042725
IMG_20260105_091644.jpg,4,2,anthracnose,0.393392,0.419067,0.094727,0.061768
IMG_20260105_091722.jpg,1,2,anthracnose,0.582682,0.335938,0.098958,0.067871
IMG_20260105_091722.jpg,2,2,anthracnose,0.522624,0.883057,0.34082,0.228027
IMG_20260105_091722.jpg,3,2,anthracnose,0.108724,0.450439,0.092448,0.029785
IMG_20260105_091722.jpg,4,2,anthracnose,0.877116,0.184937,0.245768,0.121338
IMG_20260105_091726.jpg,1,2,anthracnose,0.379232,0.211182,0.110677,0.061035
IMG_20260105_091726.jpg,2,0,brown spot,0.026204,0.814697,0.051758,0.061035
IMG_20260105_091726.jpg,3,2,anthracnose,0.226237,0.566772,0.260417,0.10376
IMG_20260105_091726.jpg,4,0,brown spot,0.460612,0.686157,0.119141,0.125732
IMG_20260105_091726.jpg,5,0,brown spot,0.555339,0.810913,0.088542,0.052002
IMG_20260105_091731.jpg,1,2,anthracnose,0.447428,0.764951,0.118815,0.045098
IMG_20260105_091731.jpg,2,0,brown spot,0.285645,0.327206,0.047852,0.035294
IMG_20260105_091731.jpg,3,2,anthracnose,0.501953,0.27598,0.113932,0.070588
IMG_20260105_091731.jpg,4,1,Leaf rust,0.347819,0.394608,0.080404,0.04902
IMG_20260105_091820.jpg,1,2,anthracnose,0.650228,0.722412,0.089518,0.074707
IMG_20260105_091820.jpg,2,0,brown spot,0.632487,0.408813,0.054036,0.039795
IMG_20260105_091824.jpg,1,2,anthracnose,0.583659,0.645386,0.121094,0.131104
IMG_20260105_091824.jpg,2,2,anthracnose,0.78304,0.198242,0.314128,0.257812
IMG_20260105_091824.jpg,3,2,anthracnose,0.19515,0.753296,0.111003,0.076904
IMG_20260105_091832.jpg,1,2,anthracnose,0.394531,0.46228,0.49349,0.674561
IMG_20260105_091837.jpg,1,2,anthracnose,0.738932,0.522827,0.35612,0.415771
IMG_20260105_091837.jpg,2,2,anthracnose,0.325358,0.153198,0.060221,0.04126
IMG_20260105_091840.jpg,1,2,anthracnose,0.553223,0.594116,0.538086,0.262451
IMG_20260105_091840.jpg,2,2,anthracnose,0.301921,0.31958,0.234701,0.20752
IMG_20260105_091840.jpg,3,2,anthracnose,0.704102,0.267334,0.309245,0.177734
IMG_20260105_091840.jpg,4,2,anthracnose,0.36084,0.086426,0.212565,0.154785
IMG_20260105_091851.jpg,1,2,anthracnose,0.454915,0.611816,0.071289,0.035156
IMG_20260105_091900.jpg,1,2,anthracnose,0.527832,0.501099,0.147461,0.068604
IMG_20260105_091902.jpg,1,2,anthracnose,0.535319,0.606079,0.152669,0.145752
IMG_20260105_091902.jpg,2,0,brown spot,0.889323,0.134888,0.046875,0.027588
IMG_20260105_091906.jpg,1,2,anthracnose,0.806478,0.575368,0.304362,0.249755
IMG_20260105_091906.jpg,2,0,brown spot,0.715983,0.244853,0.08431,0.042157
IMG_20260105_091906.jpg,3,2,anthracnose,0.74235,0.877206,0.257487,0.186765
IMG_20260105_091908.jpg,1,2,anthracnose,0.567057,0.593382,0.146484,0.077451
IMG_20260105_091927.jpg,1,0,brown spot,0.528809,0.489706,0.261393,0.136275
IMG_20260105_091927.jpg,2,0,brown spot,0.365072,0.207108,0.029622,0.035294
IMG_20260105_091935.jpg,1,2,anthracnose,0.363444,0.538818,0.534831,0.615723
IMG_20260105_091945.jpg,1,2,anthracnose,0.666992,0.515625,0.30013,0.340332
IMG_20260105_091945.jpg,2,1,Leaf rust,0.512044,0.197876,0.292969,0.272217
IMG_20260105_091945.jpg,3,1,Leaf rust,0.425944,0.518677,0.176107,0.312744
IMG_20260105_091945.jpg,4,1,Leaf rust,0.08724,0.243652,0.110677,0.138184
IMG_20260105_091945.jpg,5,1,Leaf rust,0.815104,0.154663,0.276693,0.262451
IMG_20260105_091947.jpg,1,1,Leaf rust,0.281576,0.316895,0.334635,0.309082
IMG_20260105_091947.jpg,2,2,anthracnose,0.152344,0.602661,0.108724,0.247314
IMG_20260105_091947.jpg,3,1,Leaf rust,0.419922,0.710571,0.200521,0.162354
IMG_20260105_091954.jpg,1,1,Leaf rust,0.489095,0.585083,0.389648,0.483643
IMG_20260105_091954.jpg,2,2,anthracnose,0.919922,0.141846,0.061198,0.05957
IMG_20260105_091956.jpg,1,1,Leaf rust,0.436198,0.440796,0.434245,0.459229
IMG_20260105_091956.jpg,2,2,anthracnose,0.450358,0.782593,0.159831,0.151123
IMG_20260105_091958.jpg,1,1,Leaf rust,0.575521,0.474487,0.432292,0.338623
IMG_20260105_091958.jpg,2,2,anthracnose,0.450846,0.210083,0.146484,0.125732
IMG_20260105_091958.jpg,3,2,anthracnose,0.13623,0.405884,0.196289,0.115967
IMG_20260105_092001.jpg,1,1,Leaf rust,0.794434,0.488932,0.283691,0.334635
IMG_20260105_092001.jpg,2,2,anthracnose,0.707153,0.870605,0.165283,0.135091
IMG_20260105_092001.jpg,3,2,anthracnose,0.411987,0.781413,0.189697,0.150065
IMG_20260105_092025.jpg,1,2,anthracnose,0.553711,0.702637,0.510417,0.206055
IMG_20260105_092044.jpg,1,0,brown spot,0.477376,0.532837,0.335612,0.31958
IMG_20260105_092259.jpg,1,2,anthracnose,0.547038,0.47644,0.180013,0.147217
IMG_20260105_092325.jpg,1,2,anthracnose,0.567057,0.842034,0.439453,0.223775
IMG_20260105_092331.jpg,1,2,anthracnose,0.547038,0.517944,0.295898,0.383057
IMG_20260105_092338.jpg,1,2,anthracnose,0.389974,0.595703,0.565755,0.375488
IMG_20260105_092345.jpg,1,2,anthracnose,0.533203,0.623652,0.16276,0.298775
IMG_20260105_092407.jpg,1,2,anthracnose,0.479818,0.54187,0.497396,0.427979
IMG_20260105_092416.jpg,1,2,anthracnose,0.543945,0.427941,0.216797,0.106373
IMG_20260105_092419.jpg,1,2,anthracnose,0.437174,0.369363,0.171875,0.082843
IMG_20260105_092419.jpg,2,2,anthracnose,0.947266,0.50049,0.105469,0.147059
IMG_20260105_092529.jpg,1,2,anthracnose,0.476888,0.514893,0.727214,0.463867
IMG_20260105_092534.jpg,1,2,anthracnose,0.46875,0.666748,0.47526,0.315918
IMG_20260105_092545.jpg,1,2,anthracnose,0.490234,0.552246,0.39974,0.450195
IMG_20260105_092545.jpg,2,2,anthracnose,0.935059,0.828491,0.105794,0.077881
IMG_20260105_092610.jpg,1,2,anthracnose,0.483887,0.51152,0.503581,0.530882
IMG_20260105_092615.jpg,1,2,anthracnose,0.53125,0.680392,0.453776,0.596078
IMG_20260105_092615.jpg,2,2,anthracnose,0.902018,0.651225,0.104818,0.058333
IMG_20260105_092623.jpg,1,0,brown spot,0.367025,0.600342,0.336914,0.192383
IMG_20260105_092716.jpg,1,4,healthy,0.458984,0.520996,0.473958,0.810059
IMG_20260105_092719.jpg,1,4,healthy,0.456543,0.466797,0.592773,0.865234
IMG_20260105_092723.jpg,1,4,healthy,0.566406,0.580515,0.73763,0.795833
IMG_20260105_092735.jpg,1,2,anthracnose,0.408854,0.495483,0.253255,0.269287
IMG_20260105_092735.jpg,2,2,anthracnose,0.775391,0.547241,0.199219,0.095459
IMG_20260105_092738.jpg,1,2,anthracnose,0.545573,0.759681,0.392578,0.359069
IMG_20260105_092738.jpg,2,2,anthracnose,0.740397,0.510662,0.222982,0.196814
IMG_20260105_092755.jpg,1,2,anthracnose,0.559408,0.637377,0.25944,0.202206
IMG_20260105_092841.jpg,1,2,anthracnose,0.426432,0.567892,0.128255,0.269608
IMG_20260105_092841.jpg,2,2,anthracnose,0.050618,0.756495,0.094727,0.098775
IMG_20260105_092841.jpg,3,2,anthracnose,0.267904,0.959681,0.111979,0.080637
IMG_20260105_092844.jpg,1,2,anthracnose,0.539388,0.666176,0.451823,0.566176
IMG_20260105_092855.jpg,1,2,anthracnose,0.43571,0.535539,0.378581,0.57451
IMG_20260105_092917.jpg,1,1,Leaf rust,0.340658,0.466064,0.52181,0.692871
IMG_20260105_092917.jpg,2,1,Leaf rust,0.663086,0.257812,0.068359,0.08252
IMG_20260105_092917.jpg,3,1,Leaf rust,0.865885,0.379883,0.268229,0.137207
IMG_20260105_092917.jpg,4,1,Leaf rust,0.740234,0.05481,0.123047,0.077881
IMG_20260105_092917.jpg,5,1,Leaf rust,0.930664,0.23291,0.135417,0.067871
IMG_20260105_092917.jpg,6,2,anthracnose,0.91569,0.132202,0.16862,0.107666
IMG_20260105_092921.jpg,1,2,anthracnose,0.508301,0.447021,0.983398,0.595215
IMG_20260105_092928.jpg,1,2,anthracnose,0.426595,0.42749,0.622721,0.74707
IMG_20260105_092931.jpg,1,2,anthracnose,0.535319,0.578857,0.708008,0.842285
IMG_20260105_092934.jpg,1,2,anthracnose,0.33138,0.526611,0.419922,0.859863
IMG_20260105_092937.jpg,1,2,anthracnose,0.520508,0.476318,0.462891,0.652344
IMG_20260105_092937.jpg,2,2,anthracnose,0.888184,0.251587,0.223633,0.361572
IMG_20260105_093005.jpg,1,1,Leaf rust,0.481445,0.445435,0.451823,0.602783
IMG_20260105_093008.jpg,1,1,Leaf rust,0.355794,0.40576,0.511719,0.5125
IMG_20260105_093055.jpg,1,0,brown spot,0.317708,0.625613,0.08724,0.08799
IMG_20260105_093103.jpg,1,0,brown spot,0.451823,0.608398,0.244141,0.081543
IMG_20260105_093114.jpg,1,2,anthracnose,0.53125,0.615319,0.557292,0.689461
IMG_20260105_093118.jpg,1,2,anthracnose,0.49528,0.521729,0.324544,0.234863
IMG_20260105_093118.jpg,2,2,anthracnose,0.159505,0.639648,0.094401,0.080078
IMG_20260105_093130.jpg,1,2,anthracnose,0.520182,0.56777,0.211589,0.114951
IMG_20260105_093207.jpg,1,2,anthracnose,0.889323,0.558946,0.221354,0.167892
IMG_20260105_093207.jpg,2,2,anthracnose,0.726237,0.714828,0.251302,0.218873
IMG_20260105_093207.jpg,3,2,anthracnose,0.097005,0.665074,0.193359,0.173284
IMG_20260105_093207.jpg,4,2,anthracnose,0.900391,0.282108,0.199219,0.156373
IMG_20260105_093233.jpg,1,2,anthracnose,0.496257,0.55957,0.586914,0.577637
IMG_20260105_093237.jpg,1,2,anthracnose,0.49821,0.483154,0.552409,0.431152
IMG_20260105_093243.jpg,1,2,anthracnose,0.540853,0.443015,0.554362,0.422794
IMG_20260105_093247.jpg,1,2,anthracnose,0.534505,0.565809,0.716146,0.785049
IMG_20260105_093255.jpg,1,2,anthracnose,0.529785,0.563113,0.546549,0.571324
IMG_20260105_093259.jpg,1,2,anthracnose,0.662923,0.455322,0.619466,0.572266
IMG_20260105_093259.jpg,2,2,anthracnose,0.314128,0.803223,0.233073,0.20459
IMG_20260105_093315.jpg,1,2,anthracnose,0.559245,0.559082,0.533854,0.460938
IMG_20260105_093321.jpg,1,2,anthracnose,0.174154,0.577026,0.307292,0.513428
IMG_20260105_093321.jpg,2,2,anthracnose,0.804362,0.544922,0.391276,0.615723
IMG_20260105_093341.jpg,1,2,anthracnose,0.361816,0.506104,0.487305,0.707031
IMG_20260105_093346.jpg,1,2,anthracnose,0.496257,0.552979,0.794596,0.583008
IMG_20260105_093353.jpg,1,2,anthracnose,0.391927,0.613281,0.36849,0.631836
IMG_20260105_093353.jpg,2,2,anthracnose,0.907552,0.235718,0.184896,0.187744
IMG_20260105_093353.jpg,3,2,anthracnose,0.485677,0.121582,0.276693,0.229492
IMG_20260105_093410.jpg,1,2,anthracnose,0.477865,0.483521,0.597005,0.579834
IMG_20260105_093413.jpg,1,2,anthracnose,0.562174,0.477051,0.875651,0.569824
IMG_20260105_093416.jpg,1,2,anthracnose,0.433757,0.447754,0.38444,0.483887
IMG_20260105_093423.jpg,1,2,anthracnose,0.471191,0.467529,0.791341,0.819336
IMG_20260105_093439.jpg,1,2,anthracnose,0.616374,0.530884,0.422201,0.673096
IMG_20260105_093443.jpg,1,2,anthracnose,0.440755,0.469363,0.571615,0.520098
IMG_20260105_093446.jpg,1,2,anthracnose,0.452962,0.516357,0.40918,0.509766
IMG_20260105_093449.jpg,1,2,anthracnose,0.322754,0.48848,0.301107,0.461765
IMG_20260105_093449.jpg,2,1,Leaf rust,0.653971,0.566912,0.074219,0.061275
IMG_20260105_093449.jpg,3,1,Leaf rust,0.693197,0.379657,0.12207,0.140196
IMG_20260105_093449.jpg,4,1,Leaf rust,0.090332,0.501471,0.137044,0.215196
IMG_20260105_093452.jpg,1,2,anthracnose,0.378743,0.613358,0.394857,0.2625
IMG_20260105_093452.jpg,2,2,anthracnose,0.93571,0.763113,0.086263,0.133088
IMG_20260105_093456.jpg,1,2,anthracnose,0.587728,0.628676,0.342773,0.631863
IMG_20260105_093456.jpg,2,3,Affected by leaf miner,0.740234,0.308824,0.139323,0.269608
IMG_20260105_093501.jpg,1,1,Leaf rust,0.642578,0.71826,0.714844,0.516912
IMG_20260105_093501.jpg,2,3,Affected by leaf miner,0.080078,0.095221,0.157552,0.166912
IMG_20260105_093504.jpg,1,2,anthracnose,0.356283,0.495361,0.284831,0.370117
IMG_20260105_093507.jpg,1,2,anthracnose,0.67985,0.86777,0.366211,0.264461
IMG_20260105_093510.jpg,1,2,anthracnose,0.415853,0.682721,0.226888,0.202206
IMG_20260105_093510.jpg,2,2,anthracnose,0.814128,0.655515,0.08724,0.075735
IMG_20260105_093514.jpg,1,2,anthracnose,0.62793,0.812132,0.296875,0.203676
IMG_20260105_093514.jpg,2,3,Affected by leaf miner,0.152832,0.324142,0.284831,0.28799
IMG_20260105_093517.jpg,1,2,anthracnose,0.582682,0.491176,0.332682,0.44902
IMG_20260105_093517.jpg,2,2,anthracnose,0.858398,0.117525,0.251302,0.128676
IMG_20260105_093519.jpg,1,2,anthracnose,0.503255,0.659314,0.173828,0.132353
IMG_20260105_093519.jpg,2,2,anthracnose,0.105143,0.707966,0.177083,0.324755
IMG_20260105_093522.jpg,1,2,anthracnose,0.607096,0.509926,0.267578,0.376225
IMG_20260105_094030.jpg,1,2,anthracnose,0.404785,0.397339,0.405924,0.630127
IMG_20260105_094057.jpg,1,1,Leaf rust,0.405762,0.562868,0.094727,0.051225
IMG_20260105_094116.jpg,1,1,Leaf rust,0.285645,0.355835,0.102539,0.112061
IMG_20260105_094116.jpg,2,2,anthracnose,0.786621,0.329468,0.203451,0.302002
IMG_20260105_094124.jpg,1,1,Leaf rust,0.633952,0.695343,0.494466,0.584314
IMG_20260105_094127.jpg,1,1,Leaf rust,0.546387,0.541299,0.907227,0.772794
IMG_20260105_094136.jpg,1,2,anthracnose,0.430664,0.391357,0.376302,0.160156
IMG_20260105_094142.jpg,1,2,anthracnose,0.474447,0.558838,0.575846,0.566895
IMG_20260105_094148.jpg,1,1,Leaf rust,0.543945,0.557251,0.912109,0.748291
IMG_20260105_094152.jpg,1,2,anthracnose,0.592936,0.650123,0.424154,0.460539
IMG_20260105_094155.jpg,1,2,anthracnose,0.559896,0.545588,0.844401,0.511765
IMG_20260105_094226.jpg,1,2,anthracnose,0.503743,0.643627,0.46582,0.503922
IMG_20260105_094230.jpg,1,1,Leaf rust,0.650879,0.527941,0.655924,0.736765
IMG_20260105_094233.jpg,1,2,anthracnose,0.532878,0.542525,0.466797,0.666422
IMG_20260105_094240.jpg,1,2,anthracnose,0.621745,0.662377,0.75651,0.670343
IMG_20260105_094245.jpg,1,2,anthracnose,0.807943,0.687377,0.246094,0.606618
IMG_20260105_094302.jpg,1,2,anthracnose,0.59847,0.615809,0.596029,0.768382
IMG_20260105_094308.jpg,1,2,anthracnose,0.404134,0.559082,0.724284,0.671387
IMG_20260105_094312.jpg,1,2,anthracnose,0.148763,0.429443,0.296875,0.210449
IMG_20260105_094312.jpg,2,2,anthracnose,0.738932,0.436646,0.441406,0.377686
IMG_20260105_094312.jpg,3,2,anthracnose,0.245443,0.749146,0.280599,0.204346
IMG_20260105_094312.jpg,4,2,anthracnose,0.878092,0.679688,0.243815,0.208984
IMG_20260105_094312.jpg,5,2,anthracnose,0.569336,0.053101,0.316406,0.105713
IMG_20260105_094333.jpg,1,0,brown spot,0.547689,0.871582,0.091471,0.063477
IMG_20260105_094338.jpg,1,0,brown spot,0.547689,0.494385,0.103841,0.073242
IMG_20260105_094338.jpg,2,0,brown spot,0.633952,0.731567,0.170898,0.095947
IMG_20260105_094338.jpg,3,2,anthracnose,0.884115,0.316895,0.231771,0.34082
IMG_20260105_094350.jpg,1,0,brown spot,0.815104,0.691789,0.130208,0.090441
IMG_20260105_094358.jpg,1,0,brown spot,0.692057,0.587377,0.110026,0.06348
IMG_20260105_094358.jpg,2,0,brown spot,0.43929,0.719853,0.076497,0.057353
IMG_20260105_094358.jpg,3,2,anthracnose,0.226725,0.278186,0.143555,0.09951
IMG_20260105_094358.jpg,4,2,anthracnose,0.214518,0.413113,0.070312,0.068873
IMG_20260105_094358.jpg,5,2,anthracnose,0.28304,0.136152,0.060872,0.033088
IMG_20260105_094417.jpg,1,2,anthracnose,0.593506,0.378255,0.808105,0.511068
IMG_20260105_094423.jpg,1,2,anthracnose,0.665039,0.647949,0.48112,0.577637
IMG_20260105_094431.jpg,1,2,anthracnose,0.454834,0.521322,0.668457,0.758789
IMG_20260105_094434.jpg,1,2,anthracnose,0.501225,0.524902,0.713235,0.385742
IMG_20260105_094444.jpg,1,0,brown spot,0.473796,0.490809,0.619466,0.322304
IMG_20260105_094459.jpg,1,3,Affected by leaf miner,0.673162,0.398275,0.653676,0.428711
IMG_20260105_094639.jpg,1,0,brown spot,0.823893,0.612132,0.090495,0.056618
IMG_20260105_094647.jpg,1,1,Leaf rust,0.719889,0.472534,0.487305,0.292236
IMG_20260105_094647.jpg,2,1,Leaf rust,0.250488,0.652954,0.382487,0.22583
IMG_20260105_094647.jpg,3,2,anthracnose,0.135579,0.048706,0.142253,0.067139
IMG_20260105_094650.jpg,1,1,Leaf rust,0.444824,0.606445,0.567383,0.637695
IMG_20260105_094650.jpg,2,2,anthracnose,0.655924,0.044556,0.242839,0.060303
IMG_20260105_094806.jpg,1,2,anthracnose,0.72347,0.688113,0.498372,0.623775
IMG_20260105_094806.jpg,2,2,anthracnose,0.198568,0.338725,0.372396,0.183824
IMG_20260105_094806.jpg,3,2,anthracnose,0.862467,0.126593,0.127279,0.067402
IMG_20260105_094806.jpg,4,2,anthracnose,0.48291,0.060417,0.192383,0.097304
IMG_20260105_094806.jpg,5,2,anthracnose,0.709798,0.179167,0.098633,0.103431
IMG_20260105_094811.jpg,1,2,anthracnose,0.391439,0.571691,0.35319,0.715441
IMG_20260105_094811.jpg,2,2,anthracnose,0.643717,0.385539,0.120768,0.061275
IMG_20260105_094811.jpg,3,3,Affected by leaf miner,0.90918,0.445221,0.151693,0.173284
IMG_20260105_094811.jpg,4,2,anthracnose,0.858398,0.198162,0.279948,0.16152
IMG_20260105_094814.jpg,1,2,anthracnose,0.46875,0.544853,0.682292,0.762745
IMG_20260105_094817.jpg,1,2,anthracnose,0.514461,0.460124,0.971078,0.67806
IMG_20260105_095013.jpg,1,2,anthracnose,0.59847,0.501587,0.777018,0.475342
IMG_20260105_095015.jpg,1,2,anthracnose,0.347331,0.600342,0.569661,0.473145
IMG_20260105_095018.jpg,1,2,anthracnose,0.423014,0.536621,0.523763,0.47998
IMG_20260105_095031.jpg,1,2,anthracnose,0.52474,0.403564,0.613281,0.793457
IMG_20260105_095059.jpg,1,2,anthracnose,0.798828,0.578554,0.128255,0.070343
IMG_20260105_095530.jpg,1,2,anthracnose,0.667155,0.717157,0.200195,0.136275
IMG_20260105_095605.jpg,1,2,anthracnose,0.466797,0.579712,0.102865,0.068604
IMG_20260105_095738.jpg,1,2,anthracnose,0.451497,0.571777,0.810547,0.614258
IMG_20260105_095741.jpg,1,2,anthracnose,0.683919,0.734926,0.433594,0.530147
IMG_20260105_095748.jpg,1,2,anthracnose,0.404134,0.367554,0.451497,0.505127
IMG_20260105_095751.jpg,1,2,anthracnose,0.505859,0.691054,0.402995,0.424265
IMG_20260105_095811.jpg,1,3,Affected by leaf miner,0.485026,0.580025,0.519531,0.778186
IMG_20260105_095831.jpg,1,2,anthracnose,0.44222,0.565441,0.082357,0.087255
IMG_20260105_095831.jpg,2,2,anthracnose,0.597493,0.483946,0.058919,0.059069
IMG_20260105_095831.jpg,3,2,anthracnose,0.456543,0.255637,0.064128,0.052941
IMG_20260105_095831.jpg,4,2,anthracnose,0.812012,0.729044,0.05306,0.036029
IMG_20260105_095841.jpg,1,2,anthracnose,0.499674,0.515809,0.539062,0.765931
IMG_20260105_095849.jpg,1,0,brown spot,0.406738,0.741667,0.069987,0.053431
IMG_20260105_095849.jpg,2,0,brown spot,0.506022,0.709436,0.056966,0.041422
IMG_20260105_095849.jpg,3,0,brown spot,0.702637,0.545956,0.068034,0.045343
IMG_20260105_095849.jpg,4,2,anthracnose,0.275065,0.753922,0.097656,0.070588
IMG_20260105_095849.jpg,5,2,anthracnose,0.39502,0.915686,0.219727,0.168627
IMG_20260105_095852.jpg,1,2,anthracnose,0.333333,0.458862,0.479167,0.719482
IMG_20260105_095926.jpg,1,0,brown spot,0.592773,0.627574,0.057943,0.044363
IMG_20260105_095926.jpg,2,0,brown spot,0.515137,0.347917,0.042643,0.045833
IMG_20260105_095926.jpg,3,2,anthracnose,0.207194,0.30049,0.047852,0.028922
IMG_20260105_095926.jpg,4,2,anthracnose,0.489095,0.837377,0.092773,0.11201
IMG_20260105_095942.jpg,1,2,anthracnose,0.125977,0.18335,0.135417,0.115234
IMG_20260105_095942.jpg,2,0,brown spot,0.265788,0.640381,0.109701,0.075684
IMG_20260105_095942.jpg,3,0,brown spot,0.753092,0.592773,0.116211,0.05957
IMG_20260105_095945.jpg,1,0,brown spot,0.284505,0.256592,0.106771,0.077148
IMG_20260105_095945.jpg,2,0,brown spot,0.645833,0.263916,0.106771,0.099121
IMG_20260105_095945.jpg,3,0,brown spot,0.564941,0.608643,0.089518,0.074707
IMG_20260105_095945.jpg,4,0,brown spot,0.126465,0.539307,0.087565,0.050293
IMG_20260105_095953.jpg,1,0,brown spot,0.384766,0.580811,0.063151,0.040527
IMG_20260105_095953.jpg,2,0,brown spot,0.224609,0.712402,0.070312,0.048828
IMG_20260105_095953.jpg,3,0,brown spot,0.272949,0.834106,0.062826,0.037354
IMG_20260105_095959.jpg,1,2,anthracnose,0.37321,0.855225,0.261393,0.230469
IMG_20260105_095959.jpg,2,2,anthracnose,0.143229,0.755981,0.188151,0.16626
IMG_20260105_095959.jpg,3,2,anthracnose,0.717448,0.565186,0.09375,0.073242
IMG_20260105_095959.jpg,4,2,anthracnose,0.386882,0.20813,0.118164,0.167725
IMG_20260105_095959.jpg,5,2,anthracnose,0.343587,0.409668,0.133138,0.108398
IMG_20260105_095959.jpg,6,2,anthracnose,0.152507,0.565552,0.082357,0.060303
IMG_20260105_095959.jpg,7,2,anthracnose,0.173177,0.435059,0.067057,0.054199
IMG_20260105_095959.jpg,8,2,anthracnose,0.966634,0.552979,0.066732,0.186035
IMG_20260105_100004.jpg,1,2,anthracnose,0.382812,0.524877,0.510417,0.824265
IMG_20260105_100009_edit_68248.jpg,1,2,anthracnose,0.325358,0.738892,0.623372,0.318115
IMG_20260105_100016.jpg,1,2,anthracnose,0.451009,0.552612,0.854492,0.803467
IMG_20260105_100019.jpg,1,2,anthracnose,0.476888,0.504272,0.658203,0.82251
IMG_20260105_100023.jpg,1,2,anthracnose,0.518066,0.501221,0.709961,0.779785
IMG_20260105_100037.jpg,1,2,anthracnose,0.482585,0.50769,0.693685,0.878174
IMG_20260105_100043.jpg,1,2,anthracnose,0.481934,0.649902,0.760091,0.57373
IMG_20260105_100050.jpg,1,2,anthracnose,0.477376,0.542358,0.90918,0.790283
IMG_20260105_100056.jpg,1,2,anthracnose,0.169759,0.800293,0.212565,0.379883
IMG_20260105_100056.jpg,2,2,anthracnose,0.90153,0.58313,0.183268,0.113525
IMG_20260105_100056.jpg,3,2,anthracnose,0.329915,0.086182,0.125977,0.074707
IMG_20260105_100100.jpg,1,2,anthracnose,0.343099,0.60791,0.516927,0.672852
IMG_20260105_100129.jpg,1,2,anthracnose,0.467611,0.529419,0.861654,0.836182
IMG_20260105_100133.jpg,1,2,anthracnose,0.568034,0.338257,0.490234,0.623291
IMG_20260105_100138.jpg,1,2,anthracnose,0.471842,0.578247,0.749674,0.640869
IMG_20260105_100143.jpg,1,2,anthracnose,0.446452,0.312256,0.810872,0.603516
IMG_20260105_100143.jpg,2,2,anthracnose,0.377767,0.880005,0.447591,0.234131
IMG_20260105_100155.jpg,1,2,anthracnose,0.621745,0.578613,0.75651,0.800293
IMG_20260105_100155.jpg,2,1,Leaf rust,0.163086,0.498901,0.142578,0.503662
IMG_20260105_100202.jpg,1,2,anthracnose,0.578939,0.430176,0.842122,0.77832
IMG_20260105_100202.jpg,2,2,anthracnose,0.300781,0.937622,0.13737,0.114502
IMG_20260105_100205.jpg,1,2,anthracnose,0.514486,0.600342,0.666341,0.709473
IMG_20260105_100205.jpg,2,2,anthracnose,0.911296,0.582397,0.076497,0.11499
IMG_20260105_100205.jpg,3,2,anthracnose,0.729655,0.035034,0.105794,0.056396
IMG_20260105_100210.jpg,1,2,anthracnose,0.511882,0.587036,0.803711,0.681396
IMG_20260105_100214.jpg,1,2,anthracnose,0.55013,0.559814,0.843099,0.816406
IMG_20260105_100225.jpg,1,2,anthracnose,0.453939,0.601807,0.563477,0.540039
IMG_20260105_100242.jpg,1,0,brown spot,0.641764,0.302734,0.09668,0.100586
IMG_20260105_100251.jpg,1,2,anthracnose,0.410319,0.560669,0.644857,0.807373
IMG_20260105_100251.jpg,2,2,anthracnose,0.928874,0.228027,0.142253,0.111328
IMG_20260105_100305.jpg,1,1,Leaf rust,0.327311,0.304321,0.214518,0.202881
IMG_20260105_100305.jpg,2,0,brown spot,0.291667,0.619019,0.21875,0.359131
IMG_20260105_100305.jpg,3,2,anthracnose,0.85319,0.480225,0.157552,0.116699
IMG_20260105_100311.jpg,1,0,brown spot,0.490072,0.550659,0.662435,0.874268
IMG_20260105_100317.jpg,1,2,anthracnose,0.407715,0.515991,0.623372,0.748291
IMG_20260105_100321.jpg,1,2,anthracnose,0.427083,0.517944,0.680339,0.950439
IMG_20260105_100356.jpg,1,2,anthracnose,0.486491,0.516357,0.720378,0.853027
IMG_20260105_100401.jpg,1,3,Affected by leaf miner,0.436686,0.503052,0.577799,0.802002
IMG_20260105_100434.jpg,1,2,anthracnose,0.663574,0.332886,0.347982,0.170166
IMG_20260105_100520.jpg,1,2,anthracnose,0.389486,0.505737,0.503581,0.94751
IMG_20260105_100557.jpg,1,2,anthracnose,0.378743,0.757446,0.512695,0.485107
IMG_20260105_100601.jpg,1,0,brown spot,0.311035,0.776245,0.295898,0.170166
IMG_20260105_100601.jpg,2,0,brown spot,0.642741,0.667114,0.131185,0.121338
IMG_20260105_100601.jpg,3,0,brown spot,0.219076,0.532104,0.311198,0.307373
IMG_20260105_100601.jpg,4,0,brown spot,0.237467,0.338257,0.154622,0.087646
IMG_20260105_100622.jpg,1,2,anthracnose,0.603516,0.78186,0.199219,0.28833
IMG_20260105_100622.jpg,2,2,anthracnose,0.199707,0.582764,0.150716,0.376953
IMG_20260105_100622.jpg,3,2,anthracnose,0.785156,0.404297,0.121094,0.120605
IMG_20260105_100622.jpg,4,2,anthracnose,0.148763,0.194458,0.134115,0.082275
IMG_20260105_100622.jpg,5,0,brown spot,0.476888,0.364624,0.052083,0.031982
IMG_20260105_100633.jpg,1,2,anthracnose,0.318685,0.582031,0.472005,0.687988
IMG_20260105_100633.jpg,2,2,anthracnose,0.693522,0.105591,0.19043,0.137939
IMG_20260105_100707.jpg,1,2,anthracnose,0.496745,0.513672,0.582031,0.920898
IMG_20260105_100711.jpg,1,2,anthracnose,0.415649,0.446289,0.826904,0.626953
IMG_20260105_100711.jpg,2,2,anthracnose,0.955933,0.522624,0.065674,0.075195
IMG_20260105_100720.jpg,1,2,anthracnose,0.2854,0.527995,0.419922,0.455078
IMG_20260105_100725.jpg,1,2,anthracnose,0.543335,0.494303,0.813232,0.652669
IMG_20260105_100728.jpg,1,2,anthracnose,0.305013,0.55188,0.123047,0.090576
IMG_20260105_100728.jpg,2,2,anthracnose,0.377604,0.747192,0.132161,0.098389
IMG_20260105_100728.jpg,3,2,anthracnose,0.607096,0.821533,0.153646,0.094727
IMG_20260105_100728.jpg,4,2,anthracnose,0.127441,0.242188,0.067383,0.052734
IMG_20260105_100728.jpg,5,2,anthracnose,0.360352,0.406982,0.272786,0.064941
IMG_20260105_100744.jpg,1,2,anthracnose,0.476888,0.586914,0.527995,0.811035
IMG_20260105_100755.jpg,1,2,anthracnose,0.4611,0.7052,0.606445,0.58667
IMG_20260105_100801.jpg,1,2,anthracnose,0.450033,0.604492,0.594076,0.661621
IMG_20260105_100809.jpg,1,2,anthracnose,0.456055,0.522095,0.632812,0.955811
IMG_20260105_100818.jpg,1,2,anthracnose,0.422363,0.544922,0.628581,0.910156
IMG_20260105_100822.jpg,1,2,anthracnose,0.42806,0.523682,0.55013,0.861328
IMG_20260105_100827.jpg,1,2,anthracnose,0.322917,0.584229,0.520833,0.831543
IMG_20260105_100827.jpg,2,2,anthracnose,0.746908,0.335938,0.506185,0.643066
IMG_20260105_100838.jpg,1,2,anthracnose,0.496745,0.515259,0.824219,0.969482
IMG_20260105_100845.jpg,1,2,anthracnose,0.427083,0.515259,0.678385,0.969482
IMG_20260105_100855.jpg,1,2,anthracnose,0.374186,0.502319,0.666341,0.962158
IMG_20260105_100923.jpg,1,2,anthracnose,0.332845,0.500732,0.661133,0.917969
IMG_20260105_100927.jpg,1,2,anthracnose,0.381348,0.551514,0.680664,0.889648
IMG_20260105_100934.jpg,1,1,Leaf rust,0.282064,0.270386,0.319336,0.318115
IMG_20260105_100934.jpg,2,1,Leaf rust,0.397461,0.565552,0.348958,0.099854
IMG_20260105_100934.jpg,3,2,anthracnose,0.29834,0.652222,0.071289,0.045654
IMG_20260105_100934.jpg,4,2,anthracnose,0.574544,0.178467,0.235026,0.210449
IMG_20260105_100944.jpg,1,0,brown spot,0.417806,0.403564,0.717122,0.488281
IMG_20260105_100952.jpg,1,2,anthracnose,0.431152,0.503784,0.682617,0.992432
IMG_20260105_100956.jpg,1,2,anthracnose,0.507324,0.485474,0.985352,0.768311
IMG_20260105_101011.jpg,1,2,anthracnose,0.501628,0.514526,0.996745,0.968018
IMG_20260105_101114.jpg,1,2,anthracnose,0.630046,0.490479,0.563477,0.663574
IMG_20260105_101120.jpg,1,2,anthracnose,0.433757,0.728516,0.661133,0.442383
IMG_20260105_101125.jpg,1,2,anthracnose,0.693522,0.4646,0.230794,0.611816
IMG_20260105_101134.jpg,1,2,anthracnose,0.412923,0.519897,0.584961,0.952881
IMG_20260105_101140.jpg,1,2,anthracnose,0.496257,0.565186,0.584961,0.84082
IMG_20260105_101204.jpg,1,0,brown spot,0.524251,0.589722,0.270508,0.445557
IMG_20260105_101243.jpg,1,2,anthracnose,0.423503,0.529663,0.628906,0.928467
IMG_20260105_101253.jpg,1,2,anthracnose,0.534302,0.464681,0.826416,0.611654
IMG_20260105_101351.jpg,1,3,Affected by leaf miner,0.560872,0.520142,0.492188,0.846924
IMG_20260105_101513.jpg,1,2,anthracnose,0.588867,0.623169,0.30013,0.406006
IMG_20260105_101521.jpg,1,3,Affected by leaf miner,0.418783,0.5,0.44043,0.623535
IMG_20260105_101524.jpg,1,1,Leaf rust,0.535807,0.530518,0.692708,0.870605
IMG_20260105_101532.jpg,1,2,anthracnose,0.553711,0.675049,0.638672,0.503418
IMG_20260105_101551.jpg,1,2,anthracnose,0.529297,0.773071,0.656901,0.414307
IMG_20260105_101559.jpg,1,2,anthracnose,0.214355,0.159668,0.17806,0.104492
IMG_20260105_101623.jpg,1,2,anthracnose,0.195638,0.561401,0.388672,0.625732
IMG_20260105_101623.jpg,2,2,anthracnose,0.624837,0.775879,0.286784,0.257812
IMG_20260105_101623.jpg,3,2,anthracnose,0.708822,0.541626,0.212565,0.204346
IMG_20260105_101654.jpg,1,2,anthracnose,0.402669,0.725098,0.645833,0.505859
IMG_20260105_101714.jpg,1,2,anthracnose,0.486165,0.56604,0.52181,0.860596
IMG_20260105_101714.jpg,2,2,anthracnose,0.851237,0.075439,0.080078,0.068848
IMG_20260105_101714.jpg,3,2,anthracnose,0.965495,0.22229,0.06901,0.060303
IMG_20260105_101714.jpg,4,2,anthracnose,0.312012,0.120483,0.114909,0.076416
IMG_20260105_101714.jpg,5,2,anthracnose,0.178223,0.04834,0.105794,0.089355
IMG_20260105_101717.jpg,1,2,anthracnose,0.526489,0.52653,0.939697,0.788737
IMG_20260105_101721.jpg,1,2,anthracnose,0.524902,0.546061,0.935059,0.791341
IMG_20260105_101724.jpg,1,2,anthracnose,0.504272,0.506673,0.851318,0.602539
IMG_20260105_101734.jpg,1,3,Affected by leaf miner,0.530762,0.520142,0.377279,0.837646
IMG_20260105_101742.jpg,1,2,anthracnose,0.73112,0.097168,0.20638,0.151855
IMG_20260105_101742.jpg,2,2,anthracnose,0.549154,0.708618,0.088542,0.080811
IMG_20260105_101742.jpg,3,2,anthracnose,0.285645,0.710938,0.100586,0.076172
IMG_20260105_101742.jpg,4,2,anthracnose,0.485514,0.81311,0.042643,0.044189
IMG_20260105_101750.jpg,1,2,anthracnose,0.576172,0.57251,0.472005,0.800293
IMG_20260105_101757.jpg,1,2,anthracnose,0.586751,0.627808,0.570638,0.688232
IMG_20260105_101801.jpg,1,2,anthracnose,0.602539,0.688477,0.380208,0.520996
IMG_20260105_101805.jpg,1,2,anthracnose,0.491211,0.753784,0.639974,0.482178
IMG_20260105_101805.jpg,2,2,anthracnose,0.138672,0.448608,0.142578,0.115967
IMG_20260105_101811.jpg,1,2,anthracnose,0.648763,0.590332,0.688802,0.819336
IMG_20260105_101811.jpg,2,2,anthracnose,0.193034,0.289795,0.175781,0.285156
IMG_20260105_101824.jpg,1,2,anthracnose,0.463216,0.62207,0.587891,0.676758
IMG_20260105_101827.jpg,1,2,anthracnose,0.518717,0.610718,0.617513,0.548584
IMG_20260105_101832.jpg,1,2,anthracnose,0.676758,0.391724,0.242188,0.182373
IMG_20260105_101832.jpg,2,2,anthracnose,0.736816,0.586182,0.101888,0.166992
IMG_20260105_101832.jpg,3,2,anthracnose,0.450033,0.866211,0.152669,0.121094
IMG_20260105_101832.jpg,4,2,anthracnose,0.36556,0.331787,0.063151,0.056641
IMG_20260105_101832.jpg,5,2,anthracnose,0.184896,0.559937,0.070312,0.044189
IMG_20260105_101832.jpg,6,2,anthracnose,0.144857,0.724365,0.067057,0.052734
IMG_20260105_101832.jpg,7,2,anthracnose,0.249512,0.230347,0.042643,0.033447
IMG_20260105_101836.jpg,1,2,anthracnose,0.432129,0.819946,0.361003,0.360107
IMG_20260105_101836.jpg,2,2,anthracnose,0.458496,0.10437,0.100586,0.068604
IMG_20260105_101836.jpg,3,2,anthracnose,0.044108,0.227295,0.087565,0.344727
IMG_20260105_101841.jpg,1,0,brown spot,0.468262,0.450073,0.57194,0.262451
IMG_20260105_101841.jpg,2,2,anthracnose,0.875651,0.487061,0.164062,0.118164
IMG_20260105_101850.jpg,1,2,anthracnose,0.466309,0.559937,0.612305,0.762939
IMG_20260105_101855.jpg,1,2,anthracnose,0.73584,0.467529,0.335612,0.72168
IMG_20260105_101900.jpg,1,2,anthracnose,0.194173,0.610229,0.357096,0.712646
IMG_20260105_101900.jpg,2,2,anthracnose,0.562337,0.208984,0.066081,0.045898
IMG_20260105_101900.jpg,3,2,anthracnose,0.470866,0.376831,0.100586,0.064209
IMG_20260105_101900.jpg,4,2,anthracnose,0.703125,0.302124,0.067057,0.042725
IMG_20260105_101900.jpg,5,2,anthracnose,0.527181,0.311646,0.075195,0.048096
IMG_20260105_101925.jpg,1,1,Leaf rust,0.494141,0.520508,0.641927,0.958984
IMG_20260105_101929.jpg,1,2,anthracnose,0.23584,0.174194,0.312174,0.198975
IMG_20260105_101929.jpg,2,2,anthracnose,0.534342,0.578613,0.380534,0.431152
IMG_20260105_101932.jpg,1,2,anthracnose,0.403646,0.566406,0.522135,0.827637
IMG_20260105_101937.jpg,1,2,anthracnose,0.048014,0.128784,0.089518,0.102295
IMG_20260105_101937.jpg,2,1,Leaf rust,0.402995,0.499634,0.276693,0.55542
IMG_20260105_101941.jpg,1,1,Leaf rust,0.529785,0.533569,0.648112,0.932861
IMG_20260105_101945.jpg,1,1,Leaf rust,0.574544,0.583862,0.609375,0.783447
IMG_20260105_101945.jpg,2,2,anthracnose,0.208822,0.182983,0.152669,0.070068
IMG_20260105_101945.jpg,3,2,anthracnose,0.351888,0.113892,0.104818,0.073975
IMG_20260105_101945.jpg,4,2,anthracnose,0.436198,0.062744,0.059896,0.043457
IMG_20260105_101950.jpg,1,2,anthracnose,0.541992,0.529785,0.847656,0.913086
IMG_20260105_101953.jpg,1,2,anthracnose,0.483073,0.494263,0.741536,0.898682
IMG_20260105_101959.jpg,1,2,anthracnose,0.65332,0.699829,0.195312,0.145752
IMG_20260105_101959.jpg,2,1,Leaf rust,0.515625,0.494263,0.255208,0.238037
IMG_20260105_101959.jpg,3,1,Leaf rust,0.697266,0.460815,0.048828,0.042725
IMG_20260105_101959.jpg,4,2,anthracnose,0.516113,0.20166,0.075195,0.054199
IMG_20260105_101959.jpg,5,1,Leaf rust,0.429036,0.817017,0.159505,0.088623
IMG_20260105_102002.jpg,1,2,anthracnose,0.599121,0.543457,0.557617,0.502279
IMG_20260105_102006.jpg,1,2,anthracnose,0.625122,0.368652,0.684814,0.52832
IMG_20260105_102014.jpg,1,1,Leaf rust,0.477376,0.484741,0.836263,0.890381
IMG_20260105_102019.jpg,1,1,Leaf rust,0.416992,0.523926,0.708984,0.952148
IMG_20260105_102019.jpg,2,2,anthracnose,0.894368,0.266235,0.211263,0.299072
IMG_20260105_102019.jpg,3,2,anthracnose,0.899577,0.672363,0.166992,0.263184
IMG_20260105_102022.jpg,1,2,anthracnose,0.51709,0.292114,0.64681,0.444092
IMG_20260105_102022.jpg,2,2,anthracnose,0.704753,0.605713,0.173828,0.158691
IMG_20260105_102028.jpg,1,2,anthracnose,0.277018,0.623169,0.453776,0.582764
IMG_20260105_102028.jpg,2,2,anthracnose,0.795247,0.58313,0.094401,0.086182
IMG_20260105_102028.jpg,3,2,anthracnose,0.90804,0.842896,0.183919,0.314209
IMG_20260105_102032.jpg,1,2,anthracnose,0.361003,0.641479,0.466797,0.337158
IMG_20260105_102042.jpg,1,2,anthracnose,0.791829,0.859009,0.136393,0.167725
IMG_20260105_102042.jpg,2,2,anthracnose,0.890299,0.446899,0.144531,0.105225
IMG_20260105_102042.jpg,3,2,anthracnose,0.238444,0.558838,0.31543,0.141113
IMG_20260105_102042.jpg,4,2,anthracnose,0.12028,0.34668,0.140299,0.127441
IMG_20260105_102042.jpg,5,2,anthracnose,0.167643,0.198975,0.076172,0.058105
IMG_20260105_102042.jpg,6,2,anthracnose,0.503906,0.207031,0.148438,0.074219
IMG_20260105_102042.jpg,7,2,anthracnose,0.360514,0.315308,0.219727,0.173096
IMG_20260105_102059.jpg,1,2,anthracnose,0.181315,0.503052,0.115885,0.212646
IMG_20260105_102059.jpg,2,2,anthracnose,0.27181,0.80481,0.27474,0.360107
IMG_20260105_102059.jpg,3,1,Leaf rust,0.479004,0.184937,0.078451,0.057373
IMG_20260105_102059.jpg,4,1,Leaf rust,0.352865,0.337891,0.074219,0.033691
IMG_20260105_102059.jpg,5,1,Leaf rust,0.616699,0.478271,0.12207,0.112793
IMG_20260105_102059.jpg,6,1,Leaf rust,0.537923,0.645996,0.080404,0.073242
IMG_20260105_102059.jpg,7,1,Leaf rust,0.528809,0.826172,0.082357,0.063965
IMG_20260105_102103.jpg,1,2,anthracnose,0.747559,0.289917,0.098633,0.067139
IMG_20260105_102103.jpg,2,2,anthracnose,0.656901,0.533569,0.13737,0.110596
IMG_20260105_102103.jpg,3,2,anthracnose,0.644206,0.688843,0.128255,0.087158
IMG_20260105_102103.jpg,4,2,anthracnose,0.21403,0.524414,0.219727,0.212891
IMG_20260105_102109.jpg,1,1,Leaf rust,0.504883,0.558716,0.701823,0.85376
IMG_20260105_102109.jpg,2,1,Leaf rust,0.108073,0.750977,0.177083,0.356445
IMG_20260105_102114.jpg,1,1,Leaf rust,0.563314,0.540161,0.704753,0.88501
IMG_20260105_102118.jpg,1,1,Leaf rust,0.491699,0.54541,0.842122,0.892578
IMG_20260105_102122.jpg,1,2,anthracnose,0.599447,0.36792,0.105794,0.078613
IMG_20260105_102122.jpg,2,2,anthracnose,0.363444,0.490845,0.125977,0.090576
IMG_20260105_102145.jpg,1,3,Affected by leaf miner,0.518717,0.570557,0.782227,0.78125
IMG_20260105_102149.jpg,1,3,Affected by leaf miner,0.438802,0.530151,0.502604,0.831787
IMG_20260105_102152.jpg,1,2,anthracnose,0.416504,0.621216,0.545247,0.757568
IMG_20260105_102156.jpg,1,2,anthracnose,0.363932,0.706787,0.558594,0.54541
IMG_20260105_102156.jpg,2,2,anthracnose,0.503255,0.044556,0.153646,0.083252
IMG_20260105_102207.jpg,1,2,anthracnose,0.579264,0.542725,0.675456,0.914551
IMG_20260105_102210.jpg,1,2,anthracnose,0.266276,0.458374,0.452474,0.604248
IMG_20260105_102218.jpg,1,2,anthracnose,0.60791,0.512207,0.78418,0.975586
IMG_20260105_102224.jpg,1,2,anthracnose,0.44987,0.570557,0.573568,0.858887
IMG_20260105_102233.jpg,1,2,anthracnose,0.431478,0.496582,0.626628,0.808594
IMG_20260105_102238.jpg,1,2,anthracnose,0.500326,0.496948,0.784505,0.894775
IMG_20260105_102252.jpg,1,2,anthracnose,0.54248,0.532349,0.677409,0.834717
IMG_20260105_102252.jpg,2,2,anthracnose,0.062337,0.657104,0.118164,0.229736
IMG_20260105_102303.jpg,1,2,anthracnose,0.568522,0.526367,0.698893,0.866699
IMG_20260105_102323.jpg,1,2,anthracnose,0.297363,0.263062,0.201497,0.137451
IMG_20260105_102323.jpg,2,2,anthracnose,0.085775,0.135742,0.166992,0.242676
IMG_20260105_102323.jpg,3,2,anthracnose,0.393066,0.811646,0.594076,0.376709
IMG_20260105_102323.jpg,4,2,anthracnose,0.665527,0.472534,0.158529,0.193115
IMG_20260105_102323.jpg,5,2,anthracnose,0.873535,0.477539,0.25293,0.341797
IMG_20260105_102323.jpg,6,2,anthracnose,0.63916,0.128052,0.091471,0.074951
IMG_20260105_102327.jpg,1,2,anthracnose,0.377767,0.46875,0.742513,0.765137
IMG_20260105_102334.jpg,1,2,anthracnose,0.460612,0.696777,0.678385,0.606445
IMG_20260105_102348.jpg,1,2,anthracnose,0.414388,0.514893,0.455729,0.369141
IMG_20260105_102352.jpg,1,2,anthracnose,0.395508,0.629639,0.570964,0.713379
IMG_20260105_102355.jpg,1,2,anthracnose,0.461589,0.642334,0.739583,0.648438
IMG_20260105_102355.jpg,2,2,anthracnose,0.588216,0.178467,0.08138,0.061035
IMG_20260105_102359.jpg,1,2,anthracnose,0.425618,0.627441,0.675456,0.54541
IMG_20260105_102359.jpg,2,2,anthracnose,0.119303,0.067871,0.158529,0.086914
IMG_20260105_102401.jpg,1,2,anthracnose,0.412923,0.661743,0.554362,0.473877
IMG_20260105_102401.jpg,2,2,anthracnose,0.811035,0.480957,0.105794,0.095215
IMG_20260105_102405.jpg,1,0,brown spot,0.453125,0.626343,0.537109,0.724854
IMG_20260105_102410.jpg,1,0,brown spot,0.514486,0.679321,0.670247,0.636963
IMG_20260105_102410.jpg,2,0,brown spot,0.787109,0.199097,0.204427,0.212158
IMG_20260105_102414.jpg,1,2,anthracnose,0.480306,0.840942,0.382487,0.318115
IMG_20260105_102420.jpg,1,2,anthracnose,0.459635,0.747192,0.224609,0.148682
IMG_20260105_102420.jpg,2,2,anthracnose,0.33138,0.179199,0.117188,0.129883
IMG_20260105_102420.jpg,3,0,brown spot,0.72347,0.674683,0.073242,0.049561
IMG_20260105_102431.jpg,1,1,Leaf rust,0.5389,0.486206,0.517904,0.551514
IMG_20260105_102447.jpg,1,2,anthracnose,0.441732,0.629639,0.598307,0.459961
IMG_20260105_102447.jpg,2,2,anthracnose,0.140137,0.133057,0.263346,0.23584
IMG_20260105_102451.jpg,1,2,anthracnose,0.462077,0.567871,0.56543,0.852051
IMG_20260105_102451.jpg,2,2,anthracnose,0.841471,0.131958,0.132161,0.10376
IMG_20260105_102454.jpg,1,2,anthracnose,0.521647,0.659424,0.758138,0.681152
IMG_20260105_102457.jpg,1,2,anthracnose,0.503906,0.573608,0.651042,0.852783
IMG_20260105_102501.jpg,1,2,anthracnose,0.474935,0.56897,0.902344,0.862061
IMG_20260105_102504.jpg,1,2,anthracnose,0.438639,0.684204,0.773112,0.631592
IMG_20260105_102509.jpg,1,2,anthracnose,0.402018,0.720459,0.779297,0.507324
IMG_20260105_102520.jpg,1,1,Leaf rust,0.507812,0.34021,0.327474,0.28833
IMG_20260105_102520.jpg,2,1,Leaf rust,0.378743,0.614136,0.073242,0.054932
IMG_20260105_102528.jpg,1,2,anthracnose,0.504232,0.573975,0.991536,0.772949
IMG_20260105_102532.jpg,1,2,anthracnose,0.434733,0.586182,0.805664,0.653809
IMG_20260105_102540.jpg,1,2,anthracnose,0.490723,0.530518,0.840169,0.899414
IMG_20260105_102546.jpg,1,2,anthracnose,0.510579,0.580078,0.407878,0.661621
IMG_20260105_102550.jpg,1,2,anthracnose,0.406576,0.53125,0.708984,0.9375
IMG_20260105_102556.jpg,1,2,anthracnose,0.5389,0.544922,0.729492,0.910156
IMG_20260105_102603.jpg,1,2,anthracnose,0.576497,0.839233,0.365234,0.299072
IMG_20260105_102603.jpg,2,2,anthracnose,0.5236,0.496948,0.114909,0.061768
IMG_20260105_102603.jpg,3,2,anthracnose,0.686523,0.199707,0.092448,0.050293
IMG_20260105_102603.jpg,4,2,anthracnose,0.412272,0.163452,0.116211,0.073975
IMG_20260105_102603.jpg,5,2,anthracnose,0.144694,0.391357,0.239909,0.074707
IMG_20260105_102603.jpg,6,2,anthracnose,0.176758,0.709106,0.139323,0.071045
IMG_20260105_102617.jpg,1,2,anthracnose,0.627441,0.421143,0.169596,0.097656
IMG_20260105_102617.jpg,2,0,brown spot,0.950358,0.426392,0.058919,0.039795
IMG_20260105_102625.jpg,1,2,anthracnose,0.459635,0.498779,0.688802,0.927734
IMG_20260105_102632.jpg,1,2,anthracnose,0.234212,0.667114,0.467773,0.206787
IMG_20260105_102632.jpg,2,0,brown spot,0.617188,0.392456,0.153646,0.110596
IMG_20260105_102632.jpg,3,0,brown spot,0.590332,0.619019,0.187174,0.099854
IMG_20260105_102645.jpg,1,2,anthracnose,0.179688,0.220459,0.202474,0.259277
IMG_20260105_102645.jpg,2,0,brown spot,0.840169,0.190552,0.121094,0.077881
IMG_20260105_102645.jpg,3,0,brown spot,0.230143,0.467529,0.117839,0.074707
IMG_20260105_102645.jpg,4,0,brown spot,0.34668,0.819214,0.115234,0.090088
IMG_20260105_102654.jpg,1,2,anthracnose,0.49821,0.444214,0.605143,0.85376
IMG_20260105_102658.jpg,1,2,anthracnose,0.468262,0.490845,0.769206,0.898193
IMG_20260105_102700.jpg,1,2,anthracnose,0.24349,0.526978,0.370443,0.726318
IMG_20260105_102700.jpg,2,0,brown spot,0.851237,0.347046,0.088542,0.068604
IMG_20260105_102700.jpg,3,0,brown spot,0.962565,0.047974,0.07487,0.064209
IMG_20260105_102700.jpg,4,0,brown spot,0.039388,0.110596,0.070312,0.038086
IMG_20260105_102703.jpg,1,2,anthracnose,0.434733,0.587402,0.689779,0.65625
IMG_20260105_102730.jpg,1,2,anthracnose,0.539062,0.52063,0.806641,0.943604
IMG_20260105_102739.jpg,1,2,anthracnose,0.535319,0.511475,0.695638,0.956055
IMG_20260105_102745.jpg,1,2,anthracnose,0.536947,0.504517,0.831055,0.990967
IMG_20260105_102758.jpg,1,2,anthracnose,0.283691,0.68457,0.371419,0.374512
IMG_20260105_102803.jpg,1,3,Affected by leaf miner,0.344076,0.498901,0.622396,0.958252
IMG_20260105_102808.jpg,1,3,Affected by leaf miner,0.480957,0.576294,0.810872,0.845947
IMG_20260105_102814.jpg,1,3,Affected by leaf miner,0.466797,0.551392,0.839193,0.714111
IMG_20260105_102830.jpg,1,3,Affected by leaf miner,0.512533,0.483276,0.60319,0.757568
IMG_20260105_102852.jpg,1,3,Affected by leaf miner,0.49821,0.505615,0.810872,0.98877
IMG_20260105_102908.jpg,1,3,Affected by leaf miner,0.583659,0.470581,0.446615,0.762939
IMG_20260105_102923.jpg,1,3,Affected by leaf miner,0.455566,0.49585,0.581055,0.827148
IMG_20260105_102940.jpg,1,3,Affected by leaf miner,0.448893,0.518311,0.591797,0.89209
IMG_20260105_102952.jpg,1,3,Affected by leaf miner,0.44694,0.514526,0.716146,0.769775
IMG_20260105_102956.jpg,1,3,Affected by leaf miner,0.427083,0.47937,0.621745,0.85083
IMG_20260105_103007.jpg,1,3,Affected by leaf miner,0.407715,0.492065,0.568685,0.691162
IMG_20260105_103040.jpg,1,3,Affected by leaf miner,0.518677,0.565104,0.768799,0.425781
IMG_20260105_103058.jpg,1,2,anthracnose,0.388509,0.682251,0.633789,0.634033
IMG_20260105_103101.jpg,1,1,Leaf rust,0.448893,0.546265,0.661458,0.872803
IMG_20260105_103103.jpg,1,1,Leaf rust,0.458984,0.571411,0.714193,0.837646
IMG_20260105_103103.jpg,2,0,brown spot,0.725098,0.10144,0.088216,0.065674
IMG_20260105_103107.jpg,1,2,anthracnose,0.478841,0.513306,0.770182,0.958252
IMG_20260105_103109.jpg,1,2,anthracnose,0.47998,0.537354,0.698893,0.89502
IMG_20260105_103109.jpg,2,2,anthracnose,0.033854,0.39624,0.067057,0.067871
IMG_20260105_103145.jpg,1,2,anthracnose,0.462077,0.525513,0.704102,0.869873
IMG_20260105_103145.jpg,2,2,anthracnose,0.934082,0.183472,0.131836,0.220459
IMG_20260105_103145.jpg,3,2,anthracnose,0.871094,0.565186,0.164714,0.108398
IMG_20260105_103148.jpg,1,2,anthracnose,0.372233,0.465332,0.617513,0.77832
IMG_20260105_103151.jpg,1,2,anthracnose,0.393066,0.582764,0.726237,0.819336
IMG_20260105_103155.jpg,1,2,anthracnose,0.518555,0.540771,0.835286,0.918457
IMG_20260105_103155.jpg,2,0,brown spot,0.060872,0.31189,0.057943,0.042725
IMG_20260105_103155.jpg,3,2,anthracnose,0.44987,0.055176,0.128255,0.064941
IMG_20260105_103159.jpg,1,2,anthracnose,0.552734,0.520264,0.6875,0.949219
IMG_20260105_103206.jpg,1,2,anthracnose,0.45459,0.52356,0.881836,0.952881
IMG_20260105_103208.jpg,1,2,anthracnose,0.526204,0.846802,0.351888,0.2229
IMG_20260105_103208.jpg,2,2,anthracnose,0.244466,0.333618,0.193359,0.328857
IMG_20260105_103208.jpg,3,2,anthracnose,0.665039,0.325684,0.084635,0.132812
IMG_20260105_103224.jpg,1,0,brown spot,0.434245,0.198608,0.151693,0.101318
IMG_20260105_103307.jpg,1,0,brown spot,0.696615,0.618652,0.088542,0.068848
IMG_20260105_103307.jpg,2,2,anthracnose,0.773438,0.83606,0.244141,0.266846
IMG_20260105_103307.jpg,3,2,anthracnose,0.316569,0.589233,0.140299,0.124268
IMG_20260105_103307.jpg,4,2,anthracnose,0.22054,0.294678,0.181966,0.17627
IMG_20260105_103314.jpg,1,3,Affected by leaf miner,0.390299,0.5,0.334635,0.972656
IMG_20260105_103321.jpg,1,2,anthracnose,0.596517,0.634644,0.722331,0.717041
IMG_20260105_103332.jpg,1,2,anthracnose,0.659342,0.45874,0.154622,0.179199
IMG_20260105_103332.jpg,2,2,anthracnose,0.503906,0.630493,0.095703,0.071045
IMG_20260105_103332.jpg,3,2,anthracnose,0.212891,0.545288,0.095703,0.091553
IMG_20260105_103332.jpg,4,0,brown spot,0.360514,0.356567,0.087565,0.043701
IMG_20260105_103348.jpg,1,0,brown spot,0.667643,0.569824,0.113932,0.06543
IMG_20260105_103348.jpg,2,0,brown spot,0.590332,0.186768,0.091471,0.051758
IMG_20260105_103348.jpg,3,2,anthracnose,0.284017,0.708984,0.317383,0.324219
IMG_20260105_103425.jpg,1,2,anthracnose,0.355794,0.866943,0.108724,0.095215
IMG_20260105_103425.jpg,2,2,anthracnose,0.569987,0.84668,0.070964,0.047363
IMG_20260105_103425.jpg,3,0,brown spot,0.680339,0.536987,0.100911,0.070068
IMG_20260105_103425.jpg,4,0,brown spot,0.678711,0.370728,0.067057,0.042725
IMG_20260105_103429.jpg,1,2,anthracnose,0.316243,0.530884,0.245117,0.416748
IMG_20260105_103429.jpg,2,2,anthracnose,0.579102,0.866943,0.384766,0.23877
IMG_20260105_103429.jpg,3,2,anthracnose,0.692057,0.688354,0.173177,0.196045
IMG_20260105_103429.jpg,4,0,brown spot,0.62793,0.307739,0.16862,0.058838
IMG_20260105_103432.jpg,1,0,brown spot,0.56071,0.320312,0.056966,0.053223
IMG_20260105_103432.jpg,2,0,brown spot,0.585286,0.691406,0.046875,0.054199
IMG_20260105_103432.jpg,3,0,brown spot,0.356934,0.522461,0.068034,0.033691
IMG_20260105_103432.jpg,4,0,brown spot,0.264323,0.641479,0.078125,0.039795
IMG_20260105_103432.jpg,5,0,brown spot,0.172201,0.382202,0.067057,0.04126
IMG_20260105_103436.jpg,1,0,brown spot,0.325358,0.584229,0.064128,0.047363
IMG_20260105_103436.jpg,2,0,brown spot,0.543132,0.656006,0.049805,0.161621
IMG_20260105_103436.jpg,3,0,brown spot,0.59375,0.398926,0.074219,0.06543
IMG_20260105_103517.jpg,1,0,brown spot,0.602051,0.57251,0.082357,0.070801
IMG_20260105_103517.jpg,2,0,brown spot,0.513509,0.63269,0.068034,0.107666
IMG_20260105_103517.jpg,3,0,brown spot,0.779622,0.775879,0.065104,0.108398
IMG_20260105_103517.jpg,4,0,brown spot,0.862467,0.638428,0.066081,0.058105
IMG_20260105_103517.jpg,5,0,brown spot,0.856445,0.272705,0.074219,0.066406
IMG_20260105_103529.jpg,1,1,Leaf rust,0.492676,0.520264,0.675456,0.817871
IMG_20260105_103534.jpg,1,2,anthracnose,0.246582,0.872314,0.105794,0.148926
IMG_20260105_103534.jpg,2,2,anthracnose,0.603027,0.730835,0.053711,0.042725
IMG_20260105_103534.jpg,3,1,Leaf rust,0.570964,0.39209,0.115885,0.119141
IMG_20260105_103534.jpg,4,1,Leaf rust,0.65446,0.595825,0.124023,0.138916
IMG_20260105_103534.jpg,5,1,Leaf rust,0.426107,0.221924,0.173828,0.18457
IMG_20260105_103538.jpg,1,2,anthracnose,0.310059,0.938232,0.196289,0.123535
IMG_20260105_103538.jpg,2,2,anthracnose,0.541992,0.518311,0.214844,0.119629
IMG_20260105_103538.jpg,3,2,anthracnose,0.583171,0.245972,0.168945,0.144287
IMG_20260105_103947.jpg,1,0,brown spot,0.598958,0.514038,0.070312,0.04126
IMG_20260105_103947.jpg,2,0,brown spot,0.548014,0.585083,0.078451,0.045654
IMG_20260105_103947.jpg,3,0,brown spot,0.559245,0.395752,0.052083,0.036621
IMG_20260105_103947.jpg,4,0,brown spot,0.317057,0.313477,0.057943,0.047363
IMG_20260105_103947.jpg,5,0,brown spot,0.330892,0.555298,0.071289,0.050537
IMG_20260105_104814.jpg,1,2,anthracnose,0.407227,0.636275,0.656901,0.532353
IMG_20260105_104820.jpg,1,2,anthracnose,0.528809,0.508333,0.613607,0.777451
IMG_20260105_104820.jpg,2,2,anthracnose,0.910807,0.172917,0.164714,0.314951
IMG_20260105_104829.jpg,1,2,anthracnose,0.475423,0.527466,0.508789,0.757568
IMG_20260105_104829.jpg,2,2,anthracnose,0.956868,0.6427,0.086263,0.07251
IMG_20260105_104829.jpg,3,2,anthracnose,0.811035,0.160889,0.067383,0.045898
IMG_20260105_104831.jpg,1,2,anthracnose,0.376139,0.453003,0.737305,0.764404
IMG_20260105_104835.jpg,1,2,anthracnose,0.395508,0.484009,0.578776,0.704346
IMG_20260105_104840.jpg,1,2,anthracnose,0.516113,0.437134,0.109701,0.079346
IMG_20260105_104853.jpg,1,2,anthracnose,0.452474,0.492065,0.499349,0.654541
IMG_20260105_104855.jpg,1,2,anthracnose,0.419922,0.456909,0.513672,0.723389
IMG_20260105_104858.jpg,1,2,anthracnose,0.436198,0.415649,0.638021,0.785889
IMG_20260105_104900.jpg,1,2,anthracnose,0.422038,0.469116,0.487305,0.704834
IMG_20260105_104906.jpg,1,2,anthracnose,0.612305,0.402344,0.739583,0.771484
IMG_20260105_104910.jpg,1,2,anthracnose,0.543457,0.519975,0.74056,0.955147
IMG_20260105_104920.jpg,1,2,anthracnose,0.383301,0.472534,0.448893,0.760498
IMG_20260105_104923.jpg,1,1,Leaf rust,0.394531,0.514893,0.483073,0.651367
IMG_20260105_104925.jpg,1,2,anthracnose,0.373047,0.450317,0.727214,0.841553
IMG_20260105_104933.jpg,1,2,anthracnose,0.581706,0.412231,0.645833,0.753174
IMG_20260105_105008.jpg,1,0,brown spot,0.748047,0.454412,0.101562,0.065686
IMG_20260105_105008.jpg,2,2,anthracnose,0.8986,0.77451,0.201497,0.332353
IMG_20260105_105008.jpg,3,2,anthracnose,0.553711,0.649755,0.08724,0.073529
IMG_20260105_105008.jpg,4,2,anthracnose,0.730794,0.84424,0.08138,0.090441
IMG_20260105_105008.jpg,5,2,anthracnose,0.262858,0.509926,0.317383,0.296324
IMG_20260105_105013.jpg,1,2,anthracnose,0.487956,0.546509,0.595052,0.757568
IMG_20260105_105016.jpg,1,2,anthracnose,0.37321,0.437012,0.621419,0.680664
IMG_20260105_105025.jpg,1,3,Affected by leaf miner,0.593424,0.579657,0.394531,0.671569
IMG_20260105_105028.jpg,1,2,anthracnose,0.844564,0.536029,0.136393,0.132353
IMG_20260105_105028.jpg,2,2,anthracnose,0.53125,0.694118,0.160807,0.096569
IMG_20260105_105028.jpg,3,2,anthracnose,0.661621,0.95625,0.12207,0.0875
IMG_20260105_105028.jpg,4,2,anthracnose,0.306478,0.874142,0.152669,0.0875
IMG_20260105_105028.jpg,5,2,anthracnose,0.055664,0.95625,0.102865,0.0875
IMG_20260105_105028.jpg,6,2,anthracnose,0.056641,0.506495,0.106771,0.064461
IMG_20260105_105028.jpg,7,2,anthracnose,0.112305,0.329902,0.097656,0.066667
IMG_20260105_105028.jpg,8,2,anthracnose,0.105143,0.193627,0.134115,0.072549
IMG_20260105_105028.jpg,9,2,anthracnose,0.652832,0.064216,0.094727,0.058824
IMG_20260105_105028.jpg,10,2,anthracnose,0.368001,0.052696,0.076497,0.048039
IMG_20260105_105030.jpg,1,2,anthracnose,0.45752,0.453676,0.320638,0.367647
IMG_20260105_105030.jpg,2,2,anthracnose,0.686035,0.185539,0.055013,0.073529
IMG_20260105_105030.jpg,3,2,anthracnose,0.903158,0.03125,0.092773,0.049755
IMG_20260105_105030.jpg,4,2,anthracnose,0.128906,0.516422,0.216797,0.196078
IMG_20260105_105045.jpg,1,3,Affected by leaf miner,0.610189,0.514404,0.501628,0.493652
IMG_20260105_105051.jpg,1,3,Affected by leaf miner,0.45752,0.514404,0.619466,0.615723
IMG_20260105_105155.jpg,1,3,Affected by leaf miner,0.611165,0.573162,0.413737,0.840931
IMG_20260105_105203.jpg,1,2,anthracnose,0.401204,0.519409,0.608398,0.640869
IMG_20260105_105207.jpg,1,3,Affected by leaf miner,0.432617,0.531006,0.406901,0.378418
IMG_20260105_105209.jpg,1,2,anthracnose,0.370605,0.46106,0.532878,0.733154
IMG_20260105_105220.jpg,1,3,Affected by leaf miner,0.584635,0.398039,0.446615,0.533824
IMG_20260105_105236.jpg,1,3,Affected by leaf miner,0.702637,0.613725,0.422201,0.759804
IMG_20260105_105250.jpg,1,3,Affected by leaf miner,0.399089,0.556885,0.354167,0.558594
IMG_20260105_105318.jpg,1,3,Affected by leaf miner,0.598407,0.618001,0.554657,0.648763
IMG_20260105_105343.jpg,1,3,Affected by leaf miner,0.667155,0.59424,0.476888,0.579657
IMG_20260105_105347.jpg,1,2,anthracnose,0.428548,0.479004,0.711914,0.622559
IMG_20260105_105347.jpg,2,2,anthracnose,0.944173,0.294312,0.111654,0.105225
IMG_20260105_105347.jpg,3,2,anthracnose,0.916178,0.517944,0.167643,0.117432
IMG_20260105_105347.jpg,4,2,anthracnose,0.888997,0.694214,0.072266,0.054932
IMG_20260105_105347.jpg,5,2,anthracnose,0.056315,0.387451,0.08138,0.06543
IMG_20260105_105347.jpg,6,2,anthracnose,0.058757,0.559814,0.068034,0.050293
IMG_20260105_105352.jpg,1,2,anthracnose,0.572428,0.529167,0.843424,0.740686
IMG_20260105_105352.jpg,2,2,anthracnose,0.056315,0.828186,0.099609,0.072059
IMG_20260105_105352.jpg,3,2,anthracnose,0.078125,0.547059,0.139323,0.075
IMG_20260105_105401.jpg,1,2,anthracnose,0.824382,0.596078,0.34668,0.438235
IMG_20260105_105413.jpg,1,2,anthracnose,0.686361,0.688848,0.420247,0.608088
IMG_20260105_105413.jpg,2,2,anthracnose,0.205241,0.492647,0.222982,0.220588
IMG_20260105_105413.jpg,3,2,anthracnose,0.952311,0.102819,0.095378,0.130147
IMG_20260105_105418.jpg,1,2,anthracnose,0.600423,0.679167,0.317383,0.458824
IMG_20260105_105425.jpg,1,2,anthracnose,0.503255,0.626348,0.38151,0.389951
IMG_20260105_105427.jpg,1,2,anthracnose,0.3986,0.653554,0.393555,0.534559
IMG_20260105_105427.jpg,2,2,anthracnose,0.046712,0.36826,0.080404,0.080637
IMG_20260105_105427.jpg,3,2,anthracnose,0.070964,0.834681,0.102865,0.124755
IMG_20260105_105427.jpg,4,1,Leaf rust,0.080729,0.665809,0.050781,0.03848
IMG_20260105_105429.jpg,1,2,anthracnose,0.25765,0.727451,0.079102,0.052941
IMG_20260105_105429.jpg,2,2,anthracnose,0.26123,0.519485,0.066081,0.042892
IMG_20260105_105429.jpg,3,2,anthracnose,0.834473,0.713725,0.101888,0.078922
IMG_20260105_105429.jpg,4,2,anthracnose,0.521159,0.743137,0.17513,0.173039
IMG_20260105_105429.jpg,5,2,anthracnose,0.54362,0.461642,0.197266,0.304167
IMG_20260105_105434.jpg,1,2,anthracnose,0.389461,0.554199,0.771569,0.773112
IMG_20260105_105437.jpg,1,2,anthracnose,0.479167,0.532552,0.803922,0.774089
IMG_20260105_105439.jpg,1,2,anthracnose,0.522786,0.481618,0.625651,0.77598
IMG_20260105_105444.jpg,1,2,anthracnose,0.476888,0.541422,0.582682,0.9
IMG_20260105_105529.jpg,1,2,anthracnose,0.426432,0.573529,0.291016,0.189216
IMG_20260105_105534.jpg,1,2,anthracnose,0.446615,0.891544,0.198568,0.216912
IMG_20260105_105534.jpg,2,0,brown spot,0.594238,0.447917,0.089518,0.049755
IMG_20260105_105534.jpg,3,0,brown spot,0.410645,0.465196,0.066081,0.036765
IMG_20260105_105534.jpg,4,2,anthracnose,0.659017,0.696078,0.127279,0.135784
IMG_20260105_105753.jpg,1,2,anthracnose,0.637207,0.681618,0.657227,0.636765
IMG_20260105_105838.jpg,1,2,anthracnose,0.459635,0.295098,0.580729,0.416667
IMG_20260105_105838.jpg,2,2,anthracnose,0.384766,0.733946,0.730469,0.484069
IMG_20260105_105841.jpg,1,2,anthracnose,0.562826,0.690319,0.85026,0.358578
IMG_20260105_105841.jpg,2,2,anthracnose,0.220052,0.845221,0.429036,0.309559
IMG_20260105_105843.jpg,1,2,anthracnose,0.562663,0.489216,0.874674,0.631863
IMG_20260105_105847.jpg,1,2,anthracnose,0.555176,0.655882,0.476888,0.551471
IMG_20260105_105847.jpg,2,2,anthracnose,0.101562,0.297794,0.202474,0.223039
IMG_20260105_105847.jpg,3,2,anthracnose,0.178711,0.856863,0.253255,0.17549
IMG_20260105_105856.jpg,1,2,anthracnose,0.307454,0.312012,0.543294,0.367676
IMG_20260105_105856.jpg,2,2,anthracnose,0.374674,0.637329,0.347656,0.460205
IMG_20260105_105856.jpg,3,2,anthracnose,0.66748,0.784912,0.382487,0.430176
IMG_20260105_105856.jpg,4,2,anthracnose,0.853678,0.375244,0.089518,0.086914
IMG_20260105_110704.jpg,1,2,anthracnose,0.582153,0.476725,0.822021,0.605794
IMG_20260105_110704.jpg,2,2,anthracnose,0.106201,0.907878,0.128906,0.184245
IMG_20260105_110705.jpg,1,2,anthracnose,0.503662,0.613607,0.914062,0.541016
IMG_20260105_110713.jpg,1,2,anthracnose,0.556315,0.658578,0.672526,0.682353
IMG_20260105_110717.jpg,1,2,anthracnose,0.485026,0.439697,0.566406,0.664551
IMG_20260105_110719.jpg,1,2,anthracnose,0.588379,0.604657,0.628581,0.790686
IMG_20260105_110722.jpg,1,2,anthracnose,0.460124,0.537354,0.736654,0.827637
IMG_20260105_110731.jpg,1,2,anthracnose,0.50179,0.332642,0.709961,0.579834
IMG_20260105_110733.jpg,1,2,anthracnose,0.523112,0.493505,0.582031,0.839461
IMG_20260105_110733.jpg,2,2,anthracnose,0.960938,0.226593,0.078125,0.124755
IMG_20260105_110739.jpg,1,2,anthracnose,0.453613,0.501587,0.456706,0.5271
IMG_20260105_110746.jpg,1,2,anthracnose,0.700684,0.474755,0.413737,0.572059
IMG_20260105_110748.jpg,1,2,anthracnose,0.561361,0.466299,0.69694,0.801716
IMG_20260105_110759.jpg,1,3,Affected by leaf miner,0.435221,0.489014,0.741536,0.84082
IMG_20260105_110844.jpg,1,2,anthracnose,0.496745,0.63799,0.974609,0.72402
IMG_20260105_110846.jpg,1,2,anthracnose,0.510905,0.492402,0.805664,0.890686
IMG_20260105_110858.jpg,1,2,anthracnose,0.327474,0.596802,0.495443,0.806396
IMG_20260105_111006.jpg,1,2,anthracnose,0.439819,0.382812,0.80249,0.746745
IMG_20260105_111010.jpg,1,2,anthracnose,0.477905,0.394531,0.886475,0.563151
IMG_20260105_111012.jpg,1,2,anthracnose,0.521118,0.416992,0.944092,0.571615
IMG_20260105_111033.jpg,1,2,anthracnose,0.360352,0.439331,0.703776,0.859131
IMG_20260105_111047.jpg,1,2,anthracnose,0.574544,0.529044,0.733724,0.904657
IMG_20260105_111323.jpg,1,2,anthracnose,0.710938,0.580025,0.446615,0.641912
IMG_20260105_111323.jpg,2,2,anthracnose,0.232259,0.167157,0.463867,0.269608
IMG_20260105_111323.jpg,3,2,anthracnose,0.249512,0.547549,0.480143,0.437255
IMG_20260105_111325.jpg,1,2,anthracnose,0.544434,0.561275,0.496419,0.87402
IMG_20260105_111325.jpg,2,2,anthracnose,0.157064,0.266422,0.301107,0.334804
IMG_20260105_111328.jpg,1,2,anthracnose,0.488607,0.547181,0.384766,0.583578
IMG_20260105_111328.jpg,2,2,anthracnose,0.794108,0.43652,0.411784,0.642647
IMG_20260105_111331.jpg,1,2,anthracnose,0.407227,0.408088,0.661458,0.743627
IMG_20260105_111331.jpg,2,2,anthracnose,0.673177,0.680147,0.529948,0.639706
IMG_20260105_111336.jpg,1,1,Leaf rust,0.459635,0.596069,0.546224,0.79126
IMG_20260105_111338.jpg,1,1,Leaf rust,0.585775,0.570833,0.680664,0.793627
IMG_20260105_111341.jpg,1,1,Leaf rust,0.541178,0.695466,0.584961,0.609069
IMG_20260105_112000.jpg,1,2,anthracnose,0.494629,0.658211,0.47819,0.523775
IMG_20260105_112018.jpg,1,2,anthracnose,0.504232,0.683824,0.544271,0.613725
IMG_20260105_112028.jpg,1,2,anthracnose,0.546061,0.559681,0.700846,0.685539
IMG_20260105_112048.jpg,1,2,anthracnose,0.676595,0.584191,0.64681,0.63652
IMG_20260105_112112.jpg,1,1,Leaf rust,0.606608,0.688358,0.154622,0.121814
IMG_20260105_112112.jpg,2,1,Leaf rust,0.626465,0.388971,0.092773,0.069608
IMG_20260105_112139.jpg,1,1,Leaf rust,0.498698,0.624142,0.598307,0.601225
IMG_20260105_112143.jpg,1,1,Leaf rust,0.533366,0.606005,0.525065,0.459559
IMG_20260105_112155.jpg,1,2,anthracnose,0.496745,0.70098,0.477865,0.563725
IMG_20260105_112155.jpg,2,2,anthracnose,0.899089,0.497794,0.088542,0.066667
IMG_20260105_112200.jpg,1,2,anthracnose,0.512044,0.437623,0.866536,0.692402
IMG_20260105_112205.jpg,1,2,anthracnose,0.489095,0.572794,0.584961,0.825
IMG_20260105_112205.jpg,2,2,anthracnose,0.893555,0.228922,0.179036,0.094118
IMG_20260105_112205.jpg,3,2,anthracnose,0.210775,0.413848,0.140299,0.104167
IMG_20260105_112207.jpg,1,2,anthracnose,0.498372,0.597426,0.611328,0.805147
IMG_20260105_112210.jpg,1,2,anthracnose,0.448405,0.582721,0.554362,0.742402
IMG_20260105_112210.jpg,2,2,anthracnose,0.835775,0.134926,0.328451,0.238971
IMG_20260105_112212.jpg,1,2,anthracnose,0.568848,0.575123,0.862305,0.708578
IMG_20260105_112212.jpg,2,2,anthracnose,0.510417,0.133456,0.304036,0.179167
IMG_20260105_112219.jpg,1,2,anthracnose,0.464193,0.60674,0.830078,0.422794
IMG_20260105_112219.jpg,2,0,brown spot,0.480469,0.156863,0.032552,0.039216
IMG_20260105_112219.jpg,3,0,brown spot,0.63623,0.15723,0.056966,0.032108
IMG_20260105_112219.jpg,4,0,brown spot,0.524577,0.218505,0.049805,0.035049
IMG_20260105_112223.jpg,1,1,Leaf rust,0.44694,0.563603,0.427083,0.481618
IMG_20260105_112223.jpg,2,1,Leaf rust,0.148275,0.193995,0.053711,0.033578
IMG_20260105_112223.jpg,3,1,Leaf rust,0.224121,0.269853,0.056966,0.033824
IMG_20260105_112223.jpg,4,1,Leaf rust,0.058268,0.293995,0.048828,0.038971
IMG_20260105_112223.jpg,5,1,Leaf rust,0.11377,0.632966,0.049805,0.029167
IMG_20260105_112232.jpg,1,2,anthracnose,0.5389,0.665441,0.322591,0.25049
IMG_20260105_112250.jpg,1,1,Leaf rust,0.573568,0.54326,0.347005,0.485539
IMG_20260105_112250.jpg,2,2,anthracnose,0.199544,0.753922,0.146484,0.084314
IMG_20260105_112250.jpg,3,2,anthracnose,0.446777,0.932353,0.091471,0.077941
IMG_20260105_112319.jpg,1,2,anthracnose,0.599609,0.334926,0.113932,0.067402
IMG_20260105_112319.jpg,2,2,anthracnose,0.588216,0.813358,0.09375,0.097304
IMG_20260105_112405.jpg,1,2,anthracnose,0.370117,0.521078,0.135417,0.114706
IMG_20260105_112408.jpg,1,2,anthracnose,0.463542,0.45625,0.464844,0.452696
IMG_20260105_112417.jpg,1,0,brown spot,0.513021,0.620221,0.095703,0.040441
IMG_20260105_112417.jpg,2,0,brown spot,0.637044,0.405025,0.061198,0.040441
IMG_20260105_112417.jpg,3,0,brown spot,0.376302,0.345588,0.104818,0.073529
IMG_20260105_112423.jpg,1,0,brown spot,0.883789,0.648162,0.068359,0.078186
IMG_20260105_112423.jpg,2,0,brown spot,0.398112,0.721324,0.150391,0.10049
IMG_20260105_112423.jpg,3,0,brown spot,0.422526,0.83125,0.126302,0.079657
IMG_20260105_112423.jpg,4,0,brown spot,0.285645,0.431127,0.125326,0.069608
IMG_20260105_112423.jpg,5,0,brown spot,0.374186,0.501103,0.116862,0.052206
IMG_20260105_112423.jpg,6,0,brown spot,0.218099,0.561275,0.115885,0.058824
IMG_20260105_112426.jpg,1,2,anthracnose,0.459147,0.553676,0.596029,0.507843
IMG_20260105_112502.jpg,1,0,brown spot,0.501302,0.761152,0.375651,0.1875
IMG_20260105_112510.jpg,1,2,anthracnose,0.681803,0.680025,0.237956,0.233578
IMG_20260105_112510.jpg,2,0,brown spot,0.130046,0.742402,0.062174,0.046078
IMG_20260105_112513.jpg,1,2,anthracnose,0.453613,0.546324,0.180013,0.121078
IMG_20260105_112513.jpg,2,2,anthracnose,0.388997,0.13652,0.113932,0.05049
IMG_20260105_112517.jpg,1,2,anthracnose,0.50293,0.70576,0.195312,0.177696
IMG_20260105_112519.jpg,1,2,anthracnose,0.451497,0.66152,0.135417,0.115686
IMG_20260105_112519.jpg,2,2,anthracnose,0.749023,0.536765,0.128255,0.109314
IMG_20260105_112519.jpg,3,0,brown spot,0.111816,0.153064,0.049805,0.0375
IMG_20260105_112545.jpg,1,2,anthracnose,0.490723,0.437132,0.351888,0.490931
IMG_20260105_112547.jpg,1,2,anthracnose,0.621691,0.499674,0.491912,0.582682
IMG_20260105_112608.jpg,1,2,anthracnose,0.413411,0.52478,0.294922,0.242432
IMG_20260105_112616.jpg,1,1,Leaf rust,0.50293,0.557617,0.421224,0.703613
IMG_20260105_112626.jpg,1,0,brown spot,0.786621,0.760864,0.12207,0.185303
IMG_20260105_112626.jpg,2,2,anthracnose,0.687337,0.56604,0.066081,0.28833
IMG_20260105_112626.jpg,3,2,anthracnose,0.573079,0.796875,0.191081,0.104492
IMG_20260105_112626.jpg,4,0,brown spot,0.546549,0.580078,0.054688,0.046387
IMG_20260105_112626.jpg,5,0,brown spot,0.552083,0.409546,0.102865,0.070068
IMG_20260105_112626.jpg,6,0,brown spot,0.59554,0.335938,0.04069,0.032715
IMG_20260105_112626.jpg,7,0,brown spot,0.4764,0.217041,0.089518,0.055664
IMG_20260105_112626.jpg,8,2,anthracnose,0.325846,0.046875,0.264323,0.066406
IMG_20260105_112626.jpg,9,1,Leaf rust,0.339518,0.329468,0.167969,0.230225
IMG_20260105_112626.jpg,10,1,Leaf rust,0.403646,0.685791,0.216797,0.234863
IMG_20260105_112626.jpg,11,2,anthracnose,0.22168,0.872681,0.202474,0.137451
IMG_20260105_112632.jpg,1,2,anthracnose,0.537435,0.534424,0.738281,0.897949
IMG_20260105_112640.jpg,1,1,Leaf rust,0.476888,0.467285,0.517578,0.786621
IMG_20260105_112653.jpg,1,2,anthracnose,0.505371,0.420288,0.469076,0.665283
IMG_20260105_112713.jpg,1,0,brown spot,0.807129,0.451348,0.073242,0.055147
IMG_20260105_112713.jpg,2,0,brown spot,0.769368,0.576961,0.062826,0.051961
IMG_20260105_112713.jpg,3,0,brown spot,0.73584,0.645588,0.087565,0.052941
IMG_20260105_112713.jpg,4,0,brown spot,0.627441,0.762745,0.074544,0.063725
IMG_20260105_112713.jpg,5,0,brown spot,0.553711,0.59424,0.085286,0.040441
IMG_20260105_112713.jpg,6,0,brown spot,0.518555,0.519853,0.059896,0.031373
IMG_20260105_112713.jpg,7,0,brown spot,0.401693,0.420343,0.070312,0.045098
IMG_20260105_112716.jpg,1,1,Leaf rust,0.579102,0.547917,0.61263,0.669363
IMG_20260105_112718.jpg,1,1,Leaf rust,0.411784,0.423039,0.633464,0.640196
IMG_20260105_112721.jpg,1,1,Leaf rust,0.418294,0.543091,0.486328,0.590576
IMG_20260105_112727.jpg,1,2,anthracnose,0.514486,0.558578,0.792643,0.785784
IMG_20260105_112745.jpg,1,0,brown spot,0.434245,0.35498,0.059896,0.032715
IMG_20260105_112745.jpg,2,0,brown spot,0.579102,0.556885,0.048828,0.033691
IMG_20260105_112745.jpg,3,0,brown spot,0.382324,0.777344,0.045898,0.027344
IMG_20260105_112753.jpg,1,1,Leaf rust,0.443848,0.523682,0.510742,0.778809
IMG_20260105_112757.jpg,1,1,Leaf rust,0.488444,0.500366,0.398763,0.589111
IMG_20260105_112757.jpg,2,1,Leaf rust,0.849121,0.225342,0.261393,0.103027
IMG_20260105_112800.jpg,1,1,Leaf rust,0.534505,0.419922,0.406901,0.469238
IMG_20260105_112800.jpg,2,1,Leaf rust,0.202799,0.665527,0.225911,0.273926
IMG_20260105_112800.jpg,3,1,Leaf rust,0.599935,0.107056,0.21875,0.156494
IMG_20260105_112810.jpg,1,1,Leaf rust,0.316569,0.26001,0.445638,0.318848
IMG_20260105_112810.jpg,2,1,Leaf rust,0.454102,0.531006,0.797526,0.500488
IMG_20260105_112810.jpg,3,1,Leaf rust,0.683268,0.162354,0.39974,0.245605
IMG_20260105_112821.jpg,1,1,Leaf rust,0.538737,0.512573,0.922526,0.943115
IMG_20260105_112836.jpg,1,1,Leaf rust,0.532715,0.496582,0.93457,0.949219
IMG_20260105_112844.jpg,1,2,anthracnose,0.503906,0.508789,0.734375,0.939941
IMG_20260105_112855.jpg,1,2,anthracnose,0.624837,0.721313,0.158529,0.145752
IMG_20260105_112855.jpg,2,2,anthracnose,0.40918,0.570923,0.09375,0.110596
IMG_20260105_112855.jpg,3,1,Leaf rust,0.377279,0.318848,0.216797,0.375488
IMG_20260105_112855.jpg,4,1,Leaf rust,0.57959,0.330322,0.212565,0.268555
IMG_20260105_112855.jpg,5,1,Leaf rust,0.594238,0.127686,0.236003,0.151855
IMG_20260105_112855.jpg,6,1,Leaf rust,0.600423,0.598877,0.189128,0.096191
IMG_20260105_112925.jpg,1,0,brown spot,0.560221,0.661275,0.072266,0.096569
IMG_20260105_112925.jpg,2,0,brown spot,0.488118,0.609926,0.045898,0.033578
IMG_20260105_112925.jpg,3,0,brown spot,0.455566,0.668873,0.114909,0.061275
IMG_20260105_112925.jpg,4,0,brown spot,0.750488,0.552819,0.064128,0.045343
IMG_20260105_112925.jpg,5,0,brown spot,0.469727,0.45098,0.035807,0.022059
IMG_20260105_112925.jpg,6,0,brown spot,0.551758,0.390564,0.063151,0.036029
IMG_20260105_112925.jpg,7,0,brown spot,0.074056,0.710662,0.035482,0.028186
IMG_20260105_112925.jpg,8,2,anthracnose,0.524251,0.947672,0.075195,0.045833
IMG_20260105_112935.jpg,1,0,brown spot,0.518555,0.540771,0.167969,0.074707
IMG_20260105_112935.jpg,2,0,brown spot,0.219564,0.654541,0.086263,0.051758
IMG_20260105_112937.jpg,1,0,brown spot,0.380697,0.469482,0.087565,0.09668
IMG_20260105_112937.jpg,2,0,brown spot,0.74349,0.250488,0.074219,0.044922
IMG_20260105_112937.jpg,3,0,brown spot,0.826823,0.367676,0.061849,0.045898
IMG_20260105_112940.jpg,1,0,brown spot,0.313151,0.35083,0.059896,0.035156
IMG_20260105_112954.jpg,1,0,brown spot,0.532227,0.679657,0.095703,0.087255
IMG_20260105_113009.jpg,1,0,brown spot,0.492676,0.607966,0.079102,0.045343
IMG_20260105_113009.jpg,2,0,brown spot,0.435221,0.66973,0.05599,0.041422
IMG_20260105_113009.jpg,3,2,anthracnose,0.425944,0.164093,0.129232,0.102696
IMG_20260105_113009.jpg,4,1,Leaf rust,0.605143,0.693015,0.057943,0.038971
IMG_20260105_113009.jpg,5,1,Leaf rust,0.513509,0.503064,0.047852,0.06348
IMG_20260105_113024.jpg,1,2,anthracnose,0.265299,0.640381,0.166016,0.457031
IMG_20260105_113025.jpg,1,0,brown spot,0.546061,0.88223,0.09082,0.067892
IMG_20260105_113025.jpg,2,0,brown spot,0.458008,0.582721,0.06901,0.051225
IMG_20260105_113025.jpg,3,0,brown spot,0.560221,0.708333,0.04362,0.031373
IMG_20260105_113025.jpg,4,2,anthracnose,0.696126,0.835172,0.062826,0.044363
IMG_20260105_113057.jpg,1,0,brown spot,0.859049,0.830637,0.192057,0.131863
IMG_20260105_113057.jpg,2,0,brown spot,0.912272,0.43027,0.145508,0.085049
IMG_20260105_113057.jpg,3,0,brown spot,0.585286,0.717525,0.095703,0.057598
IMG_20260105_113148.jpg,1,1,Leaf rust,0.493652,0.447998,0.079102,0.052734
IMG_20260105_113148.jpg,2,1,Leaf rust,0.570964,0.343872,0.048828,0.030518
IMG_20260105_113148.jpg,3,1,Leaf rust,0.674316,0.493164,0.035482,0.029785
IMG_20260105_113148.jpg,4,1,Leaf rust,0.791667,0.566284,0.030599,0.025146
IMG_20260105_113148.jpg,5,1,Leaf rust,0.817057,0.156982,0.046875,0.047363
IMG_20260105_113148.jpg,6,1,Leaf rust,0.86849,0.36377,0.078125,0.036621
IMG_20260105_113148.jpg,7,1,Leaf rust,0.489095,0.297119,0.033529,0.019043
