filename,relative_image_path,relative_label_path,sha256,phash64,width,height,mode,filename_timestamp,exif_datetime,exif_datetime_original,exif_make,exif_model,exif_software,box_count,class_ids,class_names,class_count,is_multiclass
IMG20260105091800.jpg,data/image/IMG20260105091800.jpg,data/labels/IMG20260105091800.txt,c0cdc1d27b9b0bdfe2259fd57e7f647a10906f271f072bf02666f950b16cb24c,a792c3f95e609a07,3072,4096,RGB,2026-01-05T09:18:00,2026:01:05 09:18:00,,OPPO,OPPO Find X6 Pro,,18,0;1;2;3;4,brown spot;Leaf rust;anthracnose;Affected by leaf miner;healthy,5,True
IMG20260105091804.jpg,data/image/IMG20260105091804.jpg,data/labels/IMG20260105091804.txt,3492b8eb10b3ae1698e6ea88cb6cf741174eb283110fb5d416ae99020194665b,8a85ffe5b5447a10,3072,4096,RGB,2026-01-05T09:18:04,2026:01:05 09:18:04,,OPPO,OPPO Find X6 Pro,,10,0;1;2,brown spot;Leaf rust;anthracnose,3,True
IMG20260105091809.jpg,data/image/IMG20260105091809.jpg,data/labels/IMG20260105091809.txt,24d971836b805f1e8542544cbac5957a91b00e654339df57f22e22417e241222,aedbc5d464e01ee0,3072,4096,RGB,2026-01-05T09:18:09,2026:01:05 09:18:09,,OPPO,OPPO Find X6 Pro,,9,0;1;2,brown spot;Leaf rust;anthracnose,3,True
IMG20260105091833.jpg,data/image/IMG20260105091833.jpg,data/labels/IMG20260105091833.txt,5c8da18e98f498ea4c69472456fa641b7f1ce0ed19874127cf209ea122377d72,f83edba52bc204b2,3072,4096,RGB,2026-01-05T09:18:33,2026:01:05 09:18:33,,OPPO,OPPO Find X6 Pro,,1,2,anthracnose,1,False
IMG20260105091837.jpg,data/image/IMG20260105091837.jpg,data/labels/IMG20260105091837.txt,8ac097c608a06e1cddeec3bcd2ba914264b24767627d86f55ed576c5b681ac2c,c9295a96abfd0592,3072,4096,RGB,2026-01-05T09:18:37,2026:01:05 09:18:37,,OPPO,OPPO Find X6 Pro,,1,2,anthracnose,1,False
IMG20260105091847.jpg,data/image/IMG20260105091847.jpg,data/labels/IMG20260105091847.txt,473cdd121629355bdd894c1613ae45766214fee12a779b95ab74d6df0c4bbe82,9f2a69b464b146b5,3072,4096,RGB,2026-01-05T09:18:47,2026:01:05 09:18:47,,OPPO,OPPO Find X6 Pro,,4,0,brown spot,1,False
IMG20260105091854.jpg,data/image/IMG20260105091854.jpg,data/labels/IMG20260105091854.txt,493678e3eee0969683c26f3f0db119a088526cf0e2941bcf2b7ca5aa471f614d,d3e1eca701161bda,3072,4096,RGB,2026-01-05T09:18:54,2026:01:05 09:18:54,,OPPO,OPPO Find X6 Pro,,3,0,brown spot,1,False
IMG20260105091941.jpg,data/image/IMG20260105091941.jpg,data/labels/IMG20260105091941.txt,698f44a141a762c41112121192561acb90e20a0d06a73c4526bc550dbfef0b8a,fd18898ff1cc3641,3072,4096,RGB,2026-01-05T09:19:41,2026:01:05 09:19:41,,OPPO,OPPO Find X6 Pro,,1,2,anthracnose,1,False
IMG20260105091957.jpg,data/image/IMG20260105091957.jpg,data/labels/IMG20260105091957.txt,720754b0c6127ddf59d9ccd7950e940603e5d8e601bc4ff4c16bc250bb4a0872,ca5ca933be31328d,3072,4096,RGB,2026-01-05T09:19:57,2026:01:05 09:19:57,,OPPO,OPPO Find X6 Pro,,20,1;2,Leaf rust;anthracnose,2,True
IMG20260105091959.jpg,data/image/IMG20260105091959.jpg,data/labels/IMG20260105091959.txt,237f9a2acb0c9c96642db063caf3a1654637ed53ffdd7726cf6fb8f50c1db5b3,9a1f3730e26aeb0c,3072,4096,RGB,2026-01-05T09:19:59,2026:01:05 09:19:59,,OPPO,OPPO Find X6 Pro,,13,1;2,Leaf rust;anthracnose,2,True
IMG20260105092002.jpg,data/image/IMG20260105092002.jpg,data/labels/IMG20260105092002.txt,9c85e99a869648686231d7dad7412f32bd22d46cc493443662b7f02d38fd6db1,855f079be5d025e2,3072,4096,RGB,2026-01-05T09:20:02,2026:01:05 09:20:02,,OPPO,OPPO Find X6 Pro,,19,0;1;2,brown spot;Leaf rust;anthracnose,3,True
IMG20260105092024.jpg,data/image/IMG20260105092024.jpg,data/labels/IMG20260105092024.txt,4cd08b2a5d17da23f9b13e02272e0d67ded0ce66dd5ced6a37b40b34e8710235,a3abf998610196fc,3072,4096,RGB,2026-01-05T09:20:24,2026:01:05 09:20:24,,OPPO,OPPO Find X6 Pro,,4,1;2,Leaf rust;anthracnose,2,True
IMG20260105092036.jpg,data/image/IMG20260105092036.jpg,data/labels/IMG20260105092036.txt,6861fefea37799d1ea6a2ba11f8cc559d7ec2aa8e4de4a7892f9435748291a5e,cd6a9295b51583b5,3072,4096,RGB,2026-01-05T09:20:36,2026:01:05 09:20:36,,OPPO,OPPO Find X6 Pro,,16,0;1;2,brown spot;Leaf rust;anthracnose,3,True
IMG20260105092156.jpg,data/image/IMG20260105092156.jpg,data/labels/IMG20260105092156.txt,fdc11026588818de60dc145d62c81929cb4264a34bb51b69474512819420396d,f95483b239881adf,3072,4096,RGB,2026-01-05T09:21:56,2026:01:05 09:21:56,,OPPO,OPPO Find X6 Pro,,2,2,anthracnose,1,False
IMG20260105092200.jpg,data/image/IMG20260105092200.jpg,data/labels/IMG20260105092200.txt,a03906297df36d1365f01ed7202eada5ba496ca9ae145a161c82055e42905e17,a91afd826cc664ad,3072,4096,RGB,2026-01-05T09:22:00,2026:01:05 09:22:00,,OPPO,OPPO Find X6 Pro,,5,0,brown spot,1,False
IMG20260105092224.jpg,data/image/IMG20260105092224.jpg,data/labels/IMG20260105092224.txt,a909d2280d8f30e61a4570b397cac31144b5dac3b79d09673179b49b07f1f8f3,952d2f8ab457710b,3072,4096,RGB,2026-01-05T09:22:24,2026:01:05 09:22:24,,OPPO,OPPO Find X6 Pro,,10,0;1,brown spot;Leaf rust,2,True
IMG20260105092343.jpg,data/image/IMG20260105092343.jpg,data/labels/IMG20260105092343.txt,b214f4298140065507f7c064da3d8cb37f9ff72434d204710d5e6f846d0a74a8,8cfda745702acb26,3072,4096,RGB,2026-01-05T09:23:43,2026:01:05 09:23:43,,OPPO,OPPO Find X6 Pro,,2,0;2,brown spot;anthracnose,2,True
IMG20260105092400.jpg,data/image/IMG20260105092400.jpg,data/labels/IMG20260105092400.txt,d3610a0a8203347f0043e80332d86aae1b12604a9a7ecd622461147cba9575d8,fcd72e68d04c80b7,3072,4096,RGB,2026-01-05T09:24:00,2026:01:05 09:24:00,,OPPO,OPPO Find X6 Pro,,2,2,anthracnose,1,False
IMG20260105092428.jpg,data/image/IMG20260105092428.jpg,data/labels/IMG20260105092428.txt,e5b1742b273a5e50464fdfc1e14e84a8421bcfad790e7cd8d41e280021053b58,a7c8246ed1bd5e90,3072,4096,RGB,2026-01-05T09:24:28,2026:01:05 09:24:28,,OPPO,OPPO Find X6 Pro,,1,2,anthracnose,1,False
IMG20260105092614.jpg,data/image/IMG20260105092614.jpg,data/labels/IMG20260105092614.txt,8433285dd7a8b6e5bf35014094c7371d9e3f3d9f16d32d2d423ec15bf7b40d88,92768386dd0f66a6,3072,4096,RGB,2026-01-05T09:26:14,2026:01:05 09:26:14,,OPPO,OPPO Find X6 Pro,,8,2,anthracnose,1,False
IMG20260105092743.jpg,data/image/IMG20260105092743.jpg,data/labels/IMG20260105092743.txt,cd296f30c2a93a38fc929fdca9a274b3aed6b0319eba797577b408060a355afd,c0a29f88a1fbfe41,3072,4096,RGB,2026-01-05T09:27:43,2026:01:05 09:27:43,,OPPO,OPPO Find X6 Pro,,6,0,brown spot,1,False
IMG20260105092749.jpg,data/image/IMG20260105092749.jpg,data/labels/IMG20260105092749.txt,acc69d5bde0ac3b71e94d80f672b35704a2e6288bce1c53908c3b882f019b3a8,d80767783e33a2b4,3072,4096,RGB,2026-01-05T09:27:49,2026:01:05 09:27:49,,OPPO,OPPO Find X6 Pro,,2,2,anthracnose,1,False
IMG20260105092825.jpg,data/image/IMG20260105092825.jpg,data/labels/IMG20260105092825.txt,269ecb6112e50f0d3507cbc69bbc745fa25ae2d92ea09ba10722753191d307d0,873f72f963889298,4096,3072,RGB,2026-01-05T09:28:25,2026:01:05 09:28:25,,OPPO,OPPO Find X6 Pro,,2,2,anthracnose,1,False
IMG20260105092830.jpg,data/image/IMG20260105092830.jpg,data/labels/IMG20260105092830.txt,457aa4efd05846b578b76f5a28df84437e4ab1a188befcff0ce300eb6ffa75ff,bc277619f42ba03a,4096,3072,RGB,2026-01-05T09:28:30,2026:01:05 09:28:30,,OPPO,OPPO Find X6 Pro,,1,3,Affected by leaf miner,1,False
IMG20260105092839.jpg,data/image/IMG20260105092839.jpg,data/labels/IMG20260105092839.txt,cb1ef1ddb5fcf8d319488329a5c516e0ea60547f2e368a2993e59e0944596306,9d3c3ca1457d132e,4096,3072,RGB,2026-01-05T09:28:39,2026:01:05 09:28:39,,OPPO,OPPO Find X6 Pro,,9,0;1,brown spot;Leaf rust,2,True
IMG20260105092856.jpg,data/image/IMG20260105092856.jpg,data/labels/IMG20260105092856.txt,c773518aa1c768179edd79d51b54f8a4087b7660bc71e913fcc138d46ce673ad,8a75389bcd963619,4096,3072,RGB,2026-01-05T09:28:56,2026:01:05 09:28:56,,OPPO,OPPO Find X6 Pro,,18,0,brown spot,1,False
IMG20260105092909.jpg,data/image/IMG20260105092909.jpg,data/labels/IMG20260105092909.txt,3482b23090ecf4eb621868465aea7b6655c5391d0ae8de025be78a9cdd86754c,c2ee0a89bce53e52,4096,3072,RGB,2026-01-05T09:29:09,2026:01:05 09:29:09,,OPPO,OPPO Find X6 Pro,,6,0,brown spot,1,False
IMG20260105092935.jpg,data/image/IMG20260105092935.jpg,data/labels/IMG20260105092935.txt,aaaecc72c481a6dc16ef97ef0971b3081de3d3fcce9c12e79b2a1d7653860729,ca3e35d29ac97434,4096,3072,RGB,2026-01-05T09:29:35,2026:01:05 09:29:35,,OPPO,OPPO Find X6 Pro,,6,1,Leaf rust,1,False
IMG20260105092940.jpg,data/image/IMG20260105092940.jpg,data/labels/IMG20260105092940.txt,eb723e6aa063cbc2851c147196f0c1aafea62e1ac00b9fcb2d058d9aa2b62ab2,df80377a263126cd,4096,3072,RGB,2026-01-05T09:29:40,2026:01:05 09:29:40,,OPPO,OPPO Find X6 Pro,,4,1;2,Leaf rust;anthracnose,2,True
IMG20260105093009.jpg,data/image/IMG20260105093009.jpg,data/labels/IMG20260105093009.txt,f43fbdf58cae6e3ed1be014bb20769555dcb72e9cb15e3327547c4a1b6e4c788,9a39e1133873bf03,3072,4096,RGB,2026-01-05T09:30:09,2026:01:05 09:30:09,,OPPO,OPPO Find X6 Pro,,4,0;2,brown spot;anthracnose,2,True
IMG20260105093014.jpg,data/image/IMG20260105093014.jpg,data/labels/IMG20260105093014.txt,bdbe4d7d1a51faac5164f932cdbf4d6ba3c983b7e6beaa1b8150b7fd5a2a9346,a77e2d12ae1a6c70,3072,4096,RGB,2026-01-05T09:30:14,2026:01:05 09:30:14,,OPPO,OPPO Find X6 Pro,,5,0;1,brown spot;Leaf rust,2,True
IMG20260105093027.jpg,data/image/IMG20260105093027.jpg,data/labels/IMG20260105093027.txt,a03cd888ab0c147d83751dc1fb5587831c1a4c3a01faa10b4e338151c4f20518,da25245af275c33a,3072,4096,RGB,2026-01-05T09:30:27,2026:01:05 09:30:27,,OPPO,OPPO Find X6 Pro,,6,2,anthracnose,1,False
IMG20260105093056.jpg,data/image/IMG20260105093056.jpg,data/labels/IMG20260105093056.txt,11e22ca9adff88e7ab4e6206ce147a79d82fec91431720aafad3ad8b40c185e8,f94ba974b47c2426,3072,4096,RGB,2026-01-05T09:30:56,2026:01:05 09:30:56,,OPPO,OPPO Find X6 Pro,,4,0,brown spot,1,False
IMG20260105093108.jpg,data/image/IMG20260105093108.jpg,data/labels/IMG20260105093108.txt,306c54de4b47f10a4b979e7bbf4f1d6c9b1d207d0193bb41cf235513a7bf4b14,d943a62466be52dc,3072,4096,RGB,2026-01-05T09:31:08,2026:01:05 09:31:08,,OPPO,OPPO Find X6 Pro,,3,0;2,brown spot;anthracnose,2,True
IMG20260105093115.jpg,data/image/IMG20260105093115.jpg,data/labels/IMG20260105093115.txt,db9c449b896f150f5a5c44ff2f7f0a968449bcb53c264c2361b54cc412f98c4d,810f6f7f4070137b,3072,4096,RGB,2026-01-05T09:31:15,2026:01:05 09:31:15,,OPPO,OPPO Find X6 Pro,,5,0;2,brown spot;anthracnose,2,True
IMG20260105093121.jpg,data/image/IMG20260105093121.jpg,data/labels/IMG20260105093121.txt,352c06286db99cb11f9ba087b09804622d2fd5729f5e869c321c6485c2cd00d5,9b32813743f615f8,3072,4096,RGB,2026-01-05T09:31:21,2026:01:05 09:31:21,,OPPO,OPPO Find X6 Pro,,3,0;2,brown spot;anthracnose,2,True
IMG20260105093124.jpg,data/image/IMG20260105093124.jpg,data/labels/IMG20260105093124.txt,20af179bc865a162bf587a2add153399228b9e76c59450eb86b84fe1b952a563,a826b61b4fd29696,3072,4096,RGB,2026-01-05T09:31:24,2026:01:05 09:31:24,,OPPO,OPPO Find X6 Pro,,5,2,anthracnose,1,False
IMG20260105093209.jpg,data/image/IMG20260105093209.jpg,data/labels/IMG20260105093209.txt,859a6643ae7f36d0cf30e3a369fb2eac0ef60b748a63794d84c825a8d324f048,d96e28e2ba01ff50,3072,4096,RGB,2026-01-05T09:32:09,2026:01:05 09:32:09,,OPPO,OPPO Find X6 Pro,,7,0;1;2,brown spot;Leaf rust;anthracnose,3,True
IMG20260105093214.jpg,data/image/IMG20260105093214.jpg,data/labels/IMG20260105093214.txt,3e47a740e53a3f4c6f077d7aceb33e25b15582b0758bdbdc75474697322c1e87,b12ff44c90492dfa,3072,4096,RGB,2026-01-05T09:32:14,2026:01:05 09:32:14,,OPPO,OPPO Find X6 Pro,,7,0;1;2,brown spot;Leaf rust;anthracnose,3,True
IMG20260105093224.jpg,data/image/IMG20260105093224.jpg,data/labels/IMG20260105093224.txt,6eabe86c3f719396eeccc3ae9ffe3dc6927d7a4c7a12811930b58a0b38253ff0,c9a28c51eebca559,4096,3072,RGB,2026-01-05T09:32:24,2026:01:05 09:32:24,,OPPO,OPPO Find X6 Pro,,8,0;2,brown spot;anthracnose,2,True
IMG20260105093236.jpg,data/image/IMG20260105093236.jpg,data/labels/IMG20260105093236.txt,191ee9cad6ab00fb9930394b7dce2fcff8adbcbc70645138d320bb469ad5e239,b6e60900673fe62b,3072,4096,RGB,2026-01-05T09:32:36,2026:01:05 09:32:36,,OPPO,OPPO Find X6 Pro,,1,0,brown spot,1,False
IMG20260105093252.jpg,data/image/IMG20260105093252.jpg,data/labels/IMG20260105093252.txt,9b9be0e2aca51839c56a6ca5a648bbf1ac77e9038452ec6843aca06b1ea9cbdc,9e9e686125616e7a,3072,4096,RGB,2026-01-05T09:32:52,2026:01:05 09:32:52,,OPPO,OPPO Find X6 Pro,,13,2,anthracnose,1,False
IMG20260105093256.jpg,data/image/IMG20260105093256.jpg,data/labels/IMG20260105093256.txt,70db8f834ba97416e0906bff4deafcff357c5a1d100dc87535d799dc18f627b9,fd623f2ca188859d,4096,3072,RGB,2026-01-05T09:32:56,2026:01:05 09:32:56,,OPPO,OPPO Find X6 Pro,,6,2,anthracnose,1,False
IMG20260105093306.jpg,data/image/IMG20260105093306.jpg,data/labels/IMG20260105093306.txt,df66efed4fcb809739e3fbf8890d0604db05913a189a38285cb275f1f8603bd3,9df640c4c35aa7e8,3072,4096,RGB,2026-01-05T09:33:06,2026:01:05 09:33:06,,OPPO,OPPO Find X6 Pro,,2,2,anthracnose,1,False
IMG20260105093315.jpg,data/image/IMG20260105093315.jpg,data/labels/IMG20260105093315.txt,7f6fbeff6a37ebf81d05068a5362bdd2aaa3a310fc26c3cd0b6aa3d1fe035784,97d53eca26c86607,3072,4096,RGB,2026-01-05T09:33:15,2026:01:05 09:33:15,,OPPO,OPPO Find X6 Pro,,1,2,anthracnose,1,False
IMG20260105093319.jpg,data/image/IMG20260105093319.jpg,data/labels/IMG20260105093319.txt,b74319358d4c58c26a6797f3eb1f5e0879a396d42c712095bf6b47ed9ddc6968,b1c03707ee06fe0e,3072,4096,RGB,2026-01-05T09:33:19,2026:01:05 09:33:19,,OPPO,OPPO Find X6 Pro,,6,2,anthracnose,1,False
IMG20260105093324.jpg,data/image/IMG20260105093324.jpg,data/labels/IMG20260105093324.txt,2a44449235a8a9d0be03257f9b001d5ae2ba94ef5d2899a09a4dabeab03bf106,aa1f0a9525c55be5,3072,4096,RGB,2026-01-05T09:33:24,2026:01:05 09:33:24,,OPPO,OPPO Find X6 Pro,,6,2,anthracnose,1,False
IMG20260105093327.jpg,data/image/IMG20260105093327.jpg,data/labels/IMG20260105093327.txt,561cbabe26f40ee282953bbe796f0a06ded37652571f5dfc00bfe311c04a40ce,9f4913907a17fea0,3072,4096,RGB,2026-01-05T09:33:27,2026:01:05 09:33:27,,OPPO,OPPO Find X6 Pro,,3,2,anthracnose,1,False
IMG20260105093345.jpg,data/image/IMG20260105093345.jpg,data/labels/IMG20260105093345.txt,2fa13eedc3cb5673f625dc76873ef46772824fc75163e5efc17b8879cf97c84b,894eed7cc6b06e12,3072,4096,RGB,2026-01-05T09:33:45,2026:01:05 09:33:45,,OPPO,OPPO Find X6 Pro,,6,2,anthracnose,1,False
IMG20260105093351.jpg,data/image/IMG20260105093351.jpg,data/labels/IMG20260105093351.txt,df77ae70e1390fcb015f657673543c162950fdc1b9486208e77e4bb7ddebaa09,cb04e5a15eb7c742,3072,4096,RGB,2026-01-05T09:33:51,2026:01:05 09:33:51,,OPPO,OPPO Find X6 Pro,,6,2,anthracnose,1,False
IMG20260105093405.jpg,data/image/IMG20260105093405.jpg,data/labels/IMG20260105093405.txt,936659e1d463c3ba3314ed62116d25c67c8abcffe5b3a38d7b126ea640448f7a,fbaaf250a5a52d48,3072,4096,RGB,2026-01-05T09:34:05,2026:01:05 09:34:05,,OPPO,OPPO Find X6 Pro,,3,2,anthracnose,1,False
IMG20260105093414.jpg,data/image/IMG20260105093414.jpg,data/labels/IMG20260105093414.txt,21af158c23e80a051da7d8093ba2c1879f1328de227e364891df77d4edca9728,e923e648275a2fb1,3072,4096,RGB,2026-01-05T09:34:14,2026:01:05 09:34:14,,OPPO,OPPO Find X6 Pro,,2,2,anthracnose,1,False
IMG20260105093442.jpg,data/image/IMG20260105093442.jpg,data/labels/IMG20260105093442.txt,7a4e97d2e56de3f8420e2ac1ca713cce1080f94b81eb0bb7c740a20296732540,b31b0cabad0da3a5,3072,4096,RGB,2026-01-05T09:34:42,2026:01:05 09:34:42,,OPPO,OPPO Find X6 Pro,,5,0;2,brown spot;anthracnose,2,True
IMG20260105093448.jpg,data/image/IMG20260105093448.jpg,data/labels/IMG20260105093448.txt,eddd60fe25ca71d3265ed6fd5e2a617e59073bd78d497eb18476b331f20708a1,ea950215aad53ebc,3072,4096,RGB,2026-01-05T09:34:48,2026:01:05 09:34:48,,OPPO,OPPO Find X6 Pro,,9,0;1,brown spot;Leaf rust,2,True
IMG20260105093451.jpg,data/image/IMG20260105093451.jpg,data/labels/IMG20260105093451.txt,52750d0cb0c41d04ec03493ed17e3069c72df7445c303b771f99ef4106950257,a1197f25336701f5,3072,4096,RGB,2026-01-05T09:34:51,2026:01:05 09:34:51,,OPPO,OPPO Find X6 Pro,,3,2,anthracnose,1,False
IMG20260105093455.jpg,data/image/IMG20260105093455.jpg,data/labels/IMG20260105093455.txt,29787525155b21799e8a0b77c7206378a8df282b54bf03d0c4842314d2569111,dfe8ae029520177e,3072,4096,RGB,2026-01-05T09:34:55,2026:01:05 09:34:55,,OPPO,OPPO Find X6 Pro,,3,0;1,brown spot;Leaf rust,2,True
IMG20260105093502.jpg,data/image/IMG20260105093502.jpg,data/labels/IMG20260105093502.txt,dbd08aba60cd48e64fcd54e2706c84b7d4c9e229618112ba6cb1356fbf778a1e,f11a272459363add,3072,4096,RGB,2026-01-05T09:35:02,2026:01:05 09:35:02,,OPPO,OPPO Find X6 Pro,,1,0,brown spot,1,False
IMG20260105093508.jpg,data/image/IMG20260105093508.jpg,data/labels/IMG20260105093508.txt,48902546924acc809149fb90631c741f7729ef00a337c4169bcbf424010d24af,c870364c798bd8fc,3072,4096,RGB,2026-01-05T09:35:08,2026:01:05 09:35:08,,OPPO,OPPO Find X6 Pro,,5,0;1,brown spot;Leaf rust,2,True
IMG20260105094003.jpg,data/image/IMG20260105094003.jpg,data/labels/IMG20260105094003.txt,618f746fbcb4ddb7d87e5e7faa8edfc9f7698f340ba2181a8bc84a2e7e57da51,fe5e8663363222b2,3072,4096,RGB,2026-01-05T09:40:03,2026:01:05 09:40:03,,OPPO,OPPO Find X6 Pro,,4,2,anthracnose,1,False
IMG20260105094011.jpg,data/image/IMG20260105094011.jpg,data/labels/IMG20260105094011.txt,c0c550e921397314af0d648b0c301e5b7dad0f9c6b7aa7ae5f4a32e57b9108e8,ee6716307a988769,4096,3072,RGB,2026-01-05T09:40:11,2026:01:05 09:40:11,,OPPO,OPPO Find X6 Pro,,2,2,anthracnose,1,False
IMG20260105094058.jpg,data/image/IMG20260105094058.jpg,data/labels/IMG20260105094058.txt,2bb6ef8274758f281f24a7e72712115777280b7b44f04f53f0e7fabeeb70c77a,8b1c29962b564bf3,3072,4096,RGB,2026-01-05T09:40:58,2026:01:05 09:40:58,,OPPO,OPPO Find X6 Pro,,9,0;1;2,brown spot;Leaf rust;anthracnose,3,True
IMG20260105094114.jpg,data/image/IMG20260105094114.jpg,data/labels/IMG20260105094114.txt,6f8e82f50545f932454647f2015cc255deb0f08038c0af7a6963ef5a70d2abd8,cf49fc84f112e8a3,3072,4096,RGB,2026-01-05T09:41:14,2026:01:05 09:41:14,,OPPO,OPPO Find X6 Pro,,12,1,Leaf rust,1,False
IMG20260105094135.jpg,data/image/IMG20260105094135.jpg,data/labels/IMG20260105094135.txt,98c76cb55bcb50a13cf13579a531b1ee5a2abbdd1473f0b75b57929963185b2e,b248cb1545bbf4b2,3072,4096,RGB,2026-01-05T09:41:35,2026:01:05 09:41:35,,OPPO,OPPO Find X6 Pro,,9,0;2,brown spot;anthracnose,2,True
IMG20260105094151.jpg,data/image/IMG20260105094151.jpg,data/labels/IMG20260105094151.txt,47105d61d05b4aba31d48d620c6b4bbd26019715b016cf45aaa9cd02567712a6,a1c4dd876a6da265,4096,3072,RGB,2026-01-05T09:41:51,2026:01:05 09:41:51,,OPPO,OPPO Find X6 Pro,,20,0;1;2,brown spot;Leaf rust;anthracnose,3,True
IMG20260105094157.jpg,data/image/IMG20260105094157.jpg,data/labels/IMG20260105094157.txt,dd2be7a3604a59a76464194cd18f530c7ed308575de46d9d5f233dc086f59694,b087fd288b9696f0,4096,3072,RGB,2026-01-05T09:41:57,2026:01:05 09:41:57,,OPPO,OPPO Find X6 Pro,,7,0;2,brown spot;anthracnose,2,True
IMG20260105094201.jpg,data/image/IMG20260105094201.jpg,data/labels/IMG20260105094201.txt,254408308af0971d29fed52f2fc88d14e20ff0947883fdd0ceab403a34642e8f,af8bd6826a8723d2,4096,3072,RGB,2026-01-05T09:42:01,2026:01:05 09:42:01,,OPPO,OPPO Find X6 Pro,,9,0;1;2,brown spot;Leaf rust;anthracnose,3,True
IMG20260105094226.jpg,data/image/IMG20260105094226.jpg,data/labels/IMG20260105094226.txt,65eb0508100b50dcdb31163b8a66aedc63b9e1ed8933072550a9c026f2ba72a8,ab6d95d55a5214a5,4096,3072,RGB,2026-01-05T09:42:26,2026:01:05 09:42:26,,OPPO,OPPO Find X6 Pro,,1,0,brown spot,1,False
IMG20260105094230.jpg,data/image/IMG20260105094230.jpg,data/labels/IMG20260105094230.txt,e002251ab37c2504c62580206334a02c3dbebd6cf8943fdf8e929c84a2f10ad4,b6e13b5be10ed122,4096,3072,RGB,2026-01-05T09:42:30,2026:01:05 09:42:30,,OPPO,OPPO Find X6 Pro,,2,0,brown spot,1,False
IMG20260105094234.jpg,data/image/IMG20260105094234.jpg,data/labels/IMG20260105094234.txt,18a9ee5787e8772b34283f805192aa90e528ee97172cea51c9dfb88b277322e0,ba687a0fc20f0e1f,4096,3072,RGB,2026-01-05T09:42:34,2026:01:05 09:42:34,,OPPO,OPPO Find X6 Pro,,12,0;1,brown spot;Leaf rust,2,True
IMG20260105094243.jpg,data/image/IMG20260105094243.jpg,data/labels/IMG20260105094243.txt,b4df02edab9cbb28e782ebb1759b0f9321bcdcbf47452037e3ed1e388592dc94,c76c2e34ca7bc143,4096,3072,RGB,2026-01-05T09:42:43,2026:01:05 09:42:43,,OPPO,OPPO Find X6 Pro,,7,0;2,brown spot;anthracnose,2,True
IMG20260105094249.jpg,data/image/IMG20260105094249.jpg,data/labels/IMG20260105094249.txt,d68d439339117e830515b9d4dda66cc56c0d184227261539010883571ff266a9,c1a5b6f7b29a501a,3072,4096,RGB,2026-01-05T09:42:49,2026:01:05 09:42:49,,OPPO,OPPO Find X6 Pro,,10,0;2,brown spot;anthracnose,2,True
IMG20260105094307.jpg,data/image/IMG20260105094307.jpg,data/labels/IMG20260105094307.txt,f168df996c8dda4e25cba54d0b0b23177fe0f53de7c99622e9d81ecf9dc74102,fc365674b36894a8,3072,4096,RGB,2026-01-05T09:43:07,2026:01:05 09:43:07,,OPPO,OPPO Find X6 Pro,,1,2,anthracnose,1,False
IMG20260105094330.jpg,data/image/IMG20260105094330.jpg,data/labels/IMG20260105094330.txt,c8b59682c55d272d57029fe5e3a7cde02993b9f869a408cf573f52048cd7cb9e,fde0a0c19fb4c0bc,3072,4096,RGB,2026-01-05T09:43:30,2026:01:05 09:43:30,,OPPO,OPPO Find X6 Pro,,1,4,healthy,1,False
IMG20260105094335.jpg,data/image/IMG20260105094335.jpg,data/labels/IMG20260105094335.txt,17188feea003165db28002b3b69031f53137db6aa0559c5165a173c1a5269df0,feba87314317c132,3072,4096,RGB,2026-01-05T09:43:35,2026:01:05 09:43:35,,OPPO,OPPO Find X6 Pro,,1,4,healthy,1,False
IMG20260105094349.jpg,data/image/IMG20260105094349.jpg,data/labels/IMG20260105094349.txt,b0517206c70319137bfba75e1123dfb2e037f52c909cb1785cb05db6ffc84dd6,8b4ce0b65f0f1c39,3072,4096,RGB,2026-01-05T09:43:49,2026:01:05 09:43:49,,OPPO,OPPO Find X6 Pro,,1,2,anthracnose,1,False
IMG20260105094406.jpg,data/image/IMG20260105094406.jpg,data/labels/IMG20260105094406.txt,b8eef2d514b1a3299ea1617babaa149ea63b891473aa285ff2651cd609f634a8,9cd863602bee1fa2,3072,4096,RGB,2026-01-05T09:44:06,2026:01:05 09:44:06,,OPPO,OPPO Find X6 Pro,,5,0;2,brown spot;anthracnose,2,True
IMG20260105094429.jpg,data/image/IMG20260105094429.jpg,data/labels/IMG20260105094429.txt,e8de7c73e6909e19d35e5cb384d089b8acc8e311b6bee70aefdfaa3f5691a498,ecdac2c1da71cc0b,3072,4096,RGB,2026-01-05T09:44:29,2026:01:05 09:44:29,,OPPO,OPPO Find X6 Pro,,1,0,brown spot,1,False
IMG20260105094434.jpg,data/image/IMG20260105094434.jpg,data/labels/IMG20260105094434.txt,c51bcbd287568de434561961c87859cd9972f74ac3d5a34e5cf883cf1add2279,8896bc6bd1b7c21a,3072,4096,RGB,2026-01-05T09:44:34,2026:01:05 09:44:34,,OPPO,OPPO Find X6 Pro,,1,2,anthracnose,1,False
IMG20260105094440.jpg,data/image/IMG20260105094440.jpg,data/labels/IMG20260105094440.txt,58f733d056a654cdc29ab18084917e3403e555d6a0696e42b656eaa51ba9c656,97eb60c2d1b9e8d0,4096,3072,RGB,2026-01-05T09:44:40,2026:01:05 09:44:40,,OPPO,OPPO Find X6 Pro,,23,0;1,brown spot;Leaf rust,2,True
IMG20260105094642.jpg,data/image/IMG20260105094642.jpg,data/labels/IMG20260105094642.txt,2c28da36fb2e4c2816327e82feda91e57d97fbdd75f82689ab8dace7a17a38ba,cc90bbc7e2081e6f,3072,4096,RGB,2026-01-05T09:46:42,2026:01:05 09:46:42,,OPPO,OPPO Find X6 Pro,,1,2,anthracnose,1,False
IMG20260105094732.jpg,data/image/IMG20260105094732.jpg,data/labels/IMG20260105094732.txt,d857a0c9ba4b046a11843e839ee44daa8f3f4f3d85881458d871678542c835a2,e01cbf6b44902ecf,3072,4096,RGB,2026-01-05T09:47:32,2026:01:05 09:47:32,,OPPO,OPPO Find X6 Pro,,1,0,brown spot,1,False
IMG20260105094742.jpg,data/image/IMG20260105094742.jpg,data/labels/IMG20260105094742.txt,c29b0309d12a33894591d7b04a1840924d4577d6db8c52e4297ca9c717643618,f41985575ed8784c,3072,4096,RGB,2026-01-05T09:47:42,2026:01:05 09:47:42,,OPPO,OPPO Find X6 Pro,,1,3,Affected by leaf miner,1,False
IMG20260105094805.jpg,data/image/IMG20260105094805.jpg,data/labels/IMG20260105094805.txt,d79d6c0671d0c27690ba404755a941996834bc4ac9757aa5ee5262edd8b36ffb,817b676374f81c38,3072,4096,RGB,2026-01-05T09:48:05,2026:01:05 09:48:05,,OPPO,OPPO Find X6 Pro,,9,2,anthracnose,1,False
IMG20260105094808.jpg,data/image/IMG20260105094808.jpg,data/labels/IMG20260105094808.txt,bfcfd7e32461292a694b38d8bb1ca4123fbcfe131654165705d6727fe8f0d71c,e853f082b4beae29,3072,4096,RGB,2026-01-05T09:48:08,2026:01:05 09:48:08,,OPPO,OPPO Find X6 Pro,,4,0,brown spot,1,False
IMG20260105094812.jpg,data/image/IMG20260105094812.jpg,data/labels/IMG20260105094812.txt,b4eefa12caf2cf230ac99eecc903296e0137784546f7a69f3c5f25bb9ffa0c1b,c1647add09689f99,3072,4096,RGB,2026-01-05T09:48:12,2026:01:05 09:48:12,,OPPO,OPPO Find X6 Pro,,17,0,brown spot,1,False
IMG20260105094819.jpg,data/image/IMG20260105094819.jpg,data/labels/IMG20260105094819.txt,759a6507ddec4438a061795b47df13a57b2634c30733eed5216051d8e046ea96,8f1e2869a7c7c34a,3072,4096,RGB,2026-01-05T09:48:19,2026:01:05 09:48:19,,OPPO,OPPO Find X6 Pro,,5,0,brown spot,1,False
IMG20260105094834.jpg,data/image/IMG20260105094834.jpg,data/labels/IMG20260105094834.txt,10941418983d3f78f10767e66a1cb075479443785b0e6c766a54b01ad58754a2,93fae9b42500771e,3072,4096,RGB,2026-01-05T09:48:34,2026:01:05 09:48:34,,OPPO,OPPO Find X6 Pro,,2,0,brown spot,1,False
IMG20260105094913.jpg,data/image/IMG20260105094913.jpg,data/labels/IMG20260105094913.txt,3c8ca49af967f70e84691f49bf26ba8745becc189c8a7d234258571153076e52,acd488f2751b27a9,3072,4096,RGB,2026-01-05T09:49:13,2026:01:05 09:49:13,,OPPO,OPPO Find X6 Pro,,3,2,anthracnose,1,False
IMG20260105094942.jpg,data/image/IMG20260105094942.jpg,data/labels/IMG20260105094942.txt,8f43df97eccfe32616c99a2e2c0153d59ef4d666f07746b89431c31178c5adc1,9466ce59cc25c99b,3072,4096,RGB,2026-01-05T09:49:42,2026:01:05 09:49:42,,OPPO,OPPO Find X6 Pro,,3,0,brown spot,1,False
IMG20260105094945.jpg,data/image/IMG20260105094945.jpg,data/labels/IMG20260105094945.txt,4344ccef62aafdb20948e1df6bdb2f09cd1e5cdced83aeb3ebaf64c1c036a499,8682e8588ce7ed75,3072,4096,RGB,2026-01-05T09:49:45,2026:01:05 09:49:45,,OPPO,OPPO Find X6 Pro,,5,0,brown spot,1,False
IMG20260105095000.jpg,data/image/IMG20260105095000.jpg,data/labels/IMG20260105095000.txt,753451ea9da04e3cefc019da8aa0041d62389a1ef3e2acfad1bbe0b4330d96d3,c1ea465f1fe1e094,3072,4096,RGB,2026-01-05T09:50:00,2026:01:05 09:50:00,,OPPO,OPPO Find X6 Pro,,5,0,brown spot,1,False
IMG20260105095015.jpg,data/image/IMG20260105095015.jpg,data/labels/IMG20260105095015.txt,cb8712dc54dbbbcb85ed9b62d7532dd9b9ca87044415c5ed1cbaae279cb02cc8,87b363a1cfc82959,3072,4096,RGB,2026-01-05T09:50:15,2026:01:05 09:50:15,,OPPO,OPPO Find X6 Pro,,6,2,anthracnose,1,False
IMG20260105095021.jpg,data/image/IMG20260105095021.jpg,data/labels/IMG20260105095021.txt,3eba43bf7f62dc2a22f070f69cb99b010e0ebe292945e478ae872856bc34f3ed,be27e1b1809b387c,3072,4096,RGB,2026-01-05T09:50:21,2026:01:05 09:50:21,,OPPO,OPPO Find X6 Pro,,2,2,anthracnose,1,False
IMG20260105095047.jpg,data/image/IMG20260105095047.jpg,data/labels/IMG20260105095047.txt,09fe38ac3f54de4b755d8d10fffdfbde4d6380a925ac5e8bccefe97da67c5cb5,dade65b15ea10645,3072,4096,RGB,2026-01-05T09:50:47,2026:01:05 09:50:47,,OPPO,OPPO Find X6 Pro,,11,0;2,brown spot;anthracnose,2,True
IMG20260105095050.jpg,data/image/IMG20260105095050.jpg,data/labels/IMG20260105095050.txt,7d34f3039640a9bea55d0297289ef1e285155d6eab1da5f680f421f5f4a9be16,929beda5354f7204,3072,4096,RGB,2026-01-05T09:50:50,2026:01:05 09:50:50,,OPPO,OPPO Find X6 Pro,,4,0;2,brown spot;anthracnose,2,True
IMG20260105095054.jpg,data/image/IMG20260105095054.jpg,data/labels/IMG20260105095054.txt,6b66772765fba6a81d6a45c9b44561419ea76e4d4af817c2b80e4eacf22cd768,cf5f7426d2210d33,3072,4096,RGB,2026-01-05T09:50:54,2026:01:05 09:50:54,,OPPO,OPPO Find X6 Pro,,3,2,anthracnose,1,False
IMG20260105095312.jpg,data/image/IMG20260105095312.jpg,data/labels/IMG20260105095312.txt,a13de72942512e5f45dea4e8005eacef090e66f7ca715277b4ce0b24a5297596,a4e912f1e5381e8f,3072,4096,RGB,2026-01-05T09:53:12,2026:01:05 09:53:12,,OPPO,OPPO Find X6 Pro,,3,2,anthracnose,1,False
IMG20260105095346.jpg,data/image/IMG20260105095346.jpg,data/labels/IMG20260105095346.txt,9a97283d076f1361ffdb76eebde1fcd6319e66543bc3c9b164bc1d7fb6dfd47a,8ceab67d4f4180ce,3072,4096,RGB,2026-01-05T09:53:46,2026:01:05 09:53:46,,OPPO,OPPO Find X6 Pro,,1,2,anthracnose,1,False
IMG20260105095451.jpg,data/image/IMG20260105095451.jpg,data/labels/IMG20260105095451.txt,5e1386c0dffd491dd445d5e4fc42dd89131e3a3ab6d080053cb5e2d15c78f22e,fca3c3c86417ce2c,3072,4096,RGB,2026-01-05T09:54:51,2026:01:05 09:54:51,,OPPO,OPPO Find X6 Pro,,1,3,Affected by leaf miner,1,False
IMG20260105095602.jpg,data/image/IMG20260105095602.jpg,data/labels/IMG20260105095602.txt,1d3d3931444e00738119f94b5e6bb90420c2c39ed23af6cd2ef85a4e532e7acf,af3e89c1344be0bc,3072,4096,RGB,2026-01-05T09:56:02,2026:01:05 09:56:02,,OPPO,OPPO Find X6 Pro,,1,1,Leaf rust,1,False
IMG20260105095758.jpg,data/image/IMG20260105095758.jpg,data/labels/IMG20260105095758.txt,6647318ed0a4268a332a460586c0823edb3d6c80ae7af622268e0544ff732657,b3184b751674174f,3072,4096,RGB,2026-01-05T09:57:58,2026:01:05 09:57:58,,OPPO,OPPO Find X6 Pro,,3,0,brown spot,1,False
IMG20260105095802.jpg,data/image/IMG20260105095802.jpg,data/labels/IMG20260105095802.txt,082cb6019c84351f642b2459ee35bccdad8c5a1029a6428c7a4d1ef0f902f62c,c848a7ceee9643f0,3072,4096,RGB,2026-01-05T09:58:02,2026:01:05 09:58:02,,OPPO,OPPO Find X6 Pro,,7,0;2,brown spot;anthracnose,2,True
IMG20260105095809.jpg,data/image/IMG20260105095809.jpg,data/labels/IMG20260105095809.txt,ef996d40a04e79797fa32fe9e03f953d2727d772849fc5c66c9fb539897660b9,a839257df40cf272,3072,4096,RGB,2026-01-05T09:58:09,2026:01:05 09:58:09,,OPPO,OPPO Find X6 Pro,,1,3,Affected by leaf miner,1,False
IMG20260105095836.jpg,data/image/IMG20260105095836.jpg,data/labels/IMG20260105095836.txt,dce081a97f88c97787a3b6e320298a7fce4a146846edbc966c4db73cb9238404,91d3197bc45a5e0d,3072,4096,RGB,2026-01-05T09:58:36,2026:01:05 09:58:36,,OPPO,OPPO Find X6 Pro,,10,0,brown spot,1,False
IMG20260105095849.jpg,data/image/IMG20260105095849.jpg,data/labels/IMG20260105095849.txt,365a0f40f62119c2b518671cd8ab776ddab1a16df5dbe2f6c9e33ccc99e693e6,cc2f82311fb299cd,3072,4096,RGB,2026-01-05T09:58:49,2026:01:05 09:58:49,,OPPO,OPPO Find X6 Pro,,8,0,brown spot,1,False
IMG20260105095913.jpg,data/image/IMG20260105095913.jpg,data/labels/IMG20260105095913.txt,5ce4f3f19b8ed91230e3f271d4e7bd8ff53852e134f23a290a26cbf151e5756e,f97689c3749d01e4,3072,4096,RGB,2026-01-05T09:59:13,2026:01:05 09:59:13,,OPPO,OPPO Find X6 Pro,,2,0;3,brown spot;Affected by leaf miner,2,True
IMG20260105095929.jpg,data/image/IMG20260105095929.jpg,data/labels/IMG20260105095929.txt,d8ff1804bd7f134ca860b8b7420a9002ae44ada895b4962e30e2e278bb4c25f1,cc91a9624e6a6df4,3072,4096,RGB,2026-01-05T09:59:29,2026:01:05 09:59:29,,OPPO,OPPO Find X6 Pro,,4,2,anthracnose,1,False
IMG20260105100014.jpg,data/image/IMG20260105100014.jpg,data/labels/IMG20260105100014.txt,ed2e4fae28442ab45705d147953816e80df037baedd731b83dfe09305df43cc5,f421c4bc0fa5e7a1,4096,3072,RGB,2026-01-05T10:00:14,2026:01:05 10:00:14,,OPPO,OPPO Find X6 Pro,,3,0,brown spot,1,False
IMG20260105100017.jpg,data/image/IMG20260105100017.jpg,data/labels/IMG20260105100017.txt,ad6f2a43b52c7d38c616d931f49dca7c6628cfea1235229be0a06df613c57489,ed18c3e19b615595,3072,4096,RGB,2026-01-05T10:00:17,2026:01:05 10:00:17,,OPPO,OPPO Find X6 Pro,,6,0,brown spot,1,False
IMG20260105100024.jpg,data/image/IMG20260105100024.jpg,data/labels/IMG20260105100024.txt,86401c69058ddcb09d610d3a852a41b270cb838994c31a21c3473f8b1f883086,eb9aa4e28d74bc41,3072,4096,RGB,2026-01-05T10:00:24,2026:01:05 10:00:24,,OPPO,OPPO Find X6 Pro,,6,0;2,brown spot;anthracnose,2,True
IMG20260105100028.jpg,data/image/IMG20260105100028.jpg,data/labels/IMG20260105100028.txt,e87d186607dd48b0908acd7c29a5b7edc77b9efe099fa9fc1f7082d22eff39ba,eb1cfd4317f00278,3072,4096,RGB,2026-01-05T10:00:28,2026:01:05 10:00:28,,OPPO,OPPO Find X6 Pro,,7,0,brown spot,1,False
IMG20260105100032.jpg,data/image/IMG20260105100032.jpg,data/labels/IMG20260105100032.txt,2e8234061803dfcf77427102443069927ccbe4a3cf49a652436c9dc7c4d1fc85,fd46b2423a29a1bd,3072,4096,RGB,2026-01-05T10:00:32,2026:01:05 10:00:32,,OPPO,OPPO Find X6 Pro,,1,0,brown spot,1,False
IMG20260105100037.jpg,data/image/IMG20260105100037.jpg,data/labels/IMG20260105100037.txt,f35b97e19c3c79077ec1b49e9e71522aa3974dcb3fe8d312fb3735463bdab8bb,ec37820758ed8795,3072,4096,RGB,2026-01-05T10:00:37,2026:01:05 10:00:37,,OPPO,OPPO Find X6 Pro,,4,0,brown spot,1,False
IMG20260105100041.jpg,data/image/IMG20260105100041.jpg,data/labels/IMG20260105100041.txt,9d4efef214e1bcf78e1d306de4799f7380639752da36cacc3aa32233eac47b79,bfd9da216d90ac81,3072,4096,RGB,2026-01-05T10:00:41,2026:01:05 10:00:41,,OPPO,OPPO Find X6 Pro,,1,0,brown spot,1,False
IMG20260105100050.jpg,data/image/IMG20260105100050.jpg,data/labels/IMG20260105100050.txt,51d822d9ded0e62bea05cd2803ada7f5d1cf81a9e406f0864eeae5cc19223f90,b425add847279996,3072,4096,RGB,2026-01-05T10:00:50,2026:01:05 10:00:50,,OPPO,OPPO Find X6 Pro,,2,0;2,brown spot;anthracnose,2,True
IMG20260105100057.jpg,data/image/IMG20260105100057.jpg,data/labels/IMG20260105100057.txt,578cb4cd9328999f54b93e7b74e053117246be2df4bd8a28016c3b9e8b4cda50,eca11303b3329df6,3072,4096,RGB,2026-01-05T10:00:57,2026:01:05 10:00:57,,OPPO,OPPO Find X6 Pro,,2,0,brown spot,1,False
IMG20260105100110.jpg,data/image/IMG20260105100110.jpg,data/labels/IMG20260105100110.txt,9b258913bba251adedeb46c724d720170e9d70ddeaf0e442c06010e996c4d332,ee38320fc74406df,3072,4096,RGB,2026-01-05T10:01:10,2026:01:05 10:01:10,,OPPO,OPPO Find X6 Pro,,9,2,anthracnose,1,False
IMG20260105100114.jpg,data/image/IMG20260105100114.jpg,data/labels/IMG20260105100114.txt,2fdb7fece55f59c9240576ab239a1cdd33b89e7c83e23c141e94661683ce7b5e,b9ef7858673d1041,3072,4096,RGB,2026-01-05T10:01:14,2026:01:05 10:01:14,,OPPO,OPPO Find X6 Pro,,6,0;1;2,brown spot;Leaf rust;anthracnose,3,True
IMG20260105100120.jpg,data/image/IMG20260105100120.jpg,data/labels/IMG20260105100120.txt,cb5659d13a7782fb68fd020abbf76fbc315fc3bda6df7cfb8f4cfdbb6799f63d,f113ba7752725229,3072,4096,RGB,2026-01-05T10:01:20,2026:01:05 10:01:20,,OPPO,OPPO Find X6 Pro,,4,2,anthracnose,1,False
IMG20260105100140.jpg,data/image/IMG20260105100140.jpg,data/labels/IMG20260105100140.txt,1cab9b408f9f09696c2026794d61159791f9bdeb7f31fd7ccc1477a4aca4e64c,f1b4e439f5c650a1,3072,4096,RGB,2026-01-05T10:01:40,2026:01:05 10:01:40,,OPPO,OPPO Find X6 Pro,,6,2,anthracnose,1,False
IMG20260105100153.jpg,data/image/IMG20260105100153.jpg,data/labels/IMG20260105100153.txt,3396b4e01d822cf7df4c22946034d030ea9b6f5792d174595ecf151e8e775991,8fe5011fdf5ae240,3072,4096,RGB,2026-01-05T10:01:53,2026:01:05 10:01:53,,OPPO,OPPO Find X6 Pro,,2,2,anthracnose,1,False
IMG20260105100202.jpg,data/image/IMG20260105100202.jpg,data/labels/IMG20260105100202.txt,fe99d12504156adb9a80fbcdaf522b8f65fbdd71f05ba6ea9ed94b351a472b83,9bd0adefb00c5e06,3072,4096,RGB,2026-01-05T10:02:02,2026:01:05 10:02:02,,OPPO,OPPO Find X6 Pro,,1,0,brown spot,1,False
IMG20260105100206.jpg,data/image/IMG20260105100206.jpg,data/labels/IMG20260105100206.txt,dc8c278b78aea721630512ef55908aa5e629c9dedfcc7fc58c8077ad3c172b0a,bfd778e043454b30,3072,4096,RGB,2026-01-05T10:02:06,2026:01:05 10:02:06,,OPPO,OPPO Find X6 Pro,,3,0,brown spot,1,False
IMG20260105100225.jpg,data/image/IMG20260105100225.jpg,data/labels/IMG20260105100225.txt,ef9c6ba7a4ec5a4cd052546175d9b9ace447e476db0fd2c340f4dcdc3a473ae5,c0dd3e68693574d2,3072,4096,RGB,2026-01-05T10:02:25,2026:01:05 10:02:25,,OPPO,OPPO Find X6 Pro,,1,2,anthracnose,1,False
IMG20260105100244.jpg,data/image/IMG20260105100244.jpg,data/labels/IMG20260105100244.txt,cef11c14d96ae4a0ba4148d7e37d16c086f373e4270374eb7c7531b7abdad461,e7c1d04aca2aaaeb,3072,4096,RGB,2026-01-05T10:02:44,2026:01:05 10:02:44,,OPPO,OPPO Find X6 Pro,,4,0;2,brown spot;anthracnose,2,True
IMG20260105100249.jpg,data/image/IMG20260105100249.jpg,data/labels/IMG20260105100249.txt,44d522b1aa7053051145742a4bdaac8e8e716c2f9e952cdf0ef4b0b60a8f52dc,897db21a8f90ce1e,3072,4096,RGB,2026-01-05T10:02:49,2026:01:05 10:02:49,,OPPO,OPPO Find X6 Pro,,5,2,anthracnose,1,False
IMG20260105100257.jpg,data/image/IMG20260105100257.jpg,data/labels/IMG20260105100257.txt,9d241488b0f82458b5b6708c7f9b27956d76f6f2aaaa7d499cceb692833b1b4f,9557b5158ba8748b,4096,3072,RGB,2026-01-05T10:02:57,2026:01:05 10:02:57,,OPPO,OPPO Find X6 Pro,,4,2,anthracnose,1,False
IMG20260105100320.jpg,data/image/IMG20260105100320.jpg,data/labels/IMG20260105100320.txt,4b82a52756be4f636ac6be7ec54bdfccf82306da7ac3ec45679b5e6b2af27f21,9510812b579fe9da,4096,3072,RGB,2026-01-05T10:03:20,2026:01:05 10:03:20,,OPPO,OPPO Find X6 Pro,,14,0;2,brown spot;anthracnose,2,True
IMG20260105100323.jpg,data/image/IMG20260105100323.jpg,data/labels/IMG20260105100323.txt,8d3896fb631023206997633ce33c0cfe0639580715b32fe1ab1094e00129ab1c,906e6f545ae85935,4096,3072,RGB,2026-01-05T10:03:23,2026:01:05 10:03:23,,OPPO,OPPO Find X6 Pro,,9,0;2,brown spot;anthracnose,2,True
IMG20260105100326.jpg,data/image/IMG20260105100326.jpg,data/labels/IMG20260105100326.txt,3845a559450855d029c54a9cde907c57c57104abdd8116dd41839fe794f8258f,d50a6817d2fc7925,4096,3072,RGB,2026-01-05T10:03:26,2026:01:05 10:03:26,,OPPO,OPPO Find X6 Pro,,4,0;2,brown spot;anthracnose,2,True
IMG20260105100329.jpg,data/image/IMG20260105100329.jpg,data/labels/IMG20260105100329.txt,0cf5c511a7bf43a52133f1c3771e757c2a324d32ecc0c43c0e5bac44a9edbe62,8f7f766010ce09bc,3072,4096,RGB,2026-01-05T10:03:29,2026:01:05 10:03:29,,OPPO,OPPO Find X6 Pro,,3,0,brown spot,1,False
IMG20260105100341.jpg,data/image/IMG20260105100341.jpg,data/labels/IMG20260105100341.txt,a948fdbcc2c5d2975bc3cfaa240f58d5733bcffce614c3928b5f5f55bf445ba0,8dc118482facf4f7,3072,4096,RGB,2026-01-05T10:03:41,2026:01:05 10:03:41,,OPPO,OPPO Find X6 Pro,,5,0,brown spot,1,False
IMG20260105100356.jpg,data/image/IMG20260105100356.jpg,data/labels/IMG20260105100356.txt,a0c04fcc7f7333cf6d65df9bcdd03d87c47c723899c7d2b123d487d42c095bfc,f4b3c9b53e010dd4,3072,4096,RGB,2026-01-05T10:03:56,2026:01:05 10:03:56,,OPPO,OPPO Find X6 Pro,,1,0,brown spot,1,False
IMG20260105100439.jpg,data/image/IMG20260105100439.jpg,data/labels/IMG20260105100439.txt,37ee2ffc81e3d4d13a88ea5f045ee7377413cd81f68a474f40f936a443720213,890fcd6c3c3cbca1,3072,4096,RGB,2026-01-05T10:04:39,2026:01:05 10:04:39,,OPPO,OPPO Find X6 Pro,,2,0;2,brown spot;anthracnose,2,True
IMG20260105100527.jpg,data/image/IMG20260105100527.jpg,data/labels/IMG20260105100527.txt,9374303e4d5728a126cd381958c66ebf8d68b953475d2ca3628e7d0f469e758e,f9424d6695b9893c,4096,3072,RGB,2026-01-05T10:05:27,2026:01:05 10:05:27,,OPPO,OPPO Find X6 Pro,,11,0;1,brown spot;Leaf rust,2,True
IMG20260105100530.jpg,data/image/IMG20260105100530.jpg,data/labels/IMG20260105100530.txt,0f8b491b2bc4339f73b2428dd29870183c5d2844cb347312829c701ce558e61d,e0a50b5abb6a6a6a,3072,4096,RGB,2026-01-05T10:05:30,2026:01:05 10:05:30,,OPPO,OPPO Find X6 Pro,,11,0;1;2,brown spot;Leaf rust;anthracnose,3,True
IMG20260105100534.jpg,data/image/IMG20260105100534.jpg,data/labels/IMG20260105100534.txt,9423b6a8059864c3e13a529c0a5e88fc138c6abd385ffcef4005c6f7bfd41886,9b0e661c3cdcb839,3072,4096,RGB,2026-01-05T10:05:34,2026:01:05 10:05:34,,OPPO,OPPO Find X6 Pro,,22,0;1,brown spot;Leaf rust,2,True
IMG20260105100542.jpg,data/image/IMG20260105100542.jpg,data/labels/IMG20260105100542.txt,6e878ad7b306ea1e2485232636c7887f165a3831ee33f597b3efbcc0540e26fc,c927c64e0685f733,3072,4096,RGB,2026-01-05T10:05:42,2026:01:05 10:05:42,,OPPO,OPPO Find X6 Pro,,1,0,brown spot,1,False
IMG20260105100551.jpg,data/image/IMG20260105100551.jpg,data/labels/IMG20260105100551.txt,773809a8f8b67c873b54501b9cddaeb696f2b049e7f44ca5ff4a8576b5fedf59,af55e16893549e0d,3072,4096,RGB,2026-01-05T10:05:51,2026:01:05 10:05:51,,OPPO,OPPO Find X6 Pro,,4,2,anthracnose,1,False
IMG20260105100641.jpg,data/image/IMG20260105100641.jpg,data/labels/IMG20260105100641.txt,31043b0ed9b5f37629f27b68a7ee6213ec867681fc09530f03afb9349aa89e36,c85b070d6f0cebaa,3072,4096,RGB,2026-01-05T10:06:41,2026:01:05 10:06:41,,OPPO,OPPO Find X6 Pro,,1,2,anthracnose,1,False
IMG20260105100700.jpg,data/image/IMG20260105100700.jpg,data/labels/IMG20260105100700.txt,a22aa834c3c74b4214f78a9306471b774623df84d33c53632697b071ea0a335c,842723cbdb507cf4,3072,4096,RGB,2026-01-05T10:07:00,2026:01:05 10:07:00,,OPPO,OPPO Find X6 Pro,,3,2,anthracnose,1,False
IMG20260105100710.jpg,data/image/IMG20260105100710.jpg,data/labels/IMG20260105100710.txt,c0f93451b609fd29df2ac21e121bb79701875b573537dcaae1bb09ed3dc32e72,ea4d67accada6824,4096,3072,RGB,2026-01-05T10:07:10,2026:01:05 10:07:10,,OPPO,OPPO Find X6 Pro,,3,2,anthracnose,1,False
IMG20260105100714.jpg,data/image/IMG20260105100714.jpg,data/labels/IMG20260105100714.txt,d598b82701935aacb3cfc5d280a8bde0ae259b22fc2937144859f7442131e85f,98b0faa960bdad16,3072,4096,RGB,2026-01-05T10:07:14,2026:01:05 10:07:14,,OPPO,OPPO Find X6 Pro,,3,0,brown spot,1,False
IMG20260105100716.jpg,data/image/IMG20260105100716.jpg,data/labels/IMG20260105100716.txt,5cacada1b25f58eae6050409a894085168bdf50a6ebd22816f7639d9d419c455,8cb2724b6bf41e83,3072,4096,RGB,2026-01-05T10:07:16,2026:01:05 10:07:16,,OPPO,OPPO Find X6 Pro,,1,0,brown spot,1,False
IMG20260105100724.jpg,data/image/IMG20260105100724.jpg,data/labels/IMG20260105100724.txt,5b215a80b52ba05ba5ada814d6edffd1eb7acbc23186a18f3e5e14fd4987963a,fc44372f711d5cc0,3072,4096,RGB,2026-01-05T10:07:24,2026:01:05 10:07:24,,OPPO,OPPO Find X6 Pro,,6,0;2,brown spot;anthracnose,2,True
IMG20260105100731.jpg,data/image/IMG20260105100731.jpg,data/labels/IMG20260105100731.txt,3129f61cd7c6f0442bdacb648ae7792b259b40504df1e217828b3da93b6f99f0,87476cb55411dba9,3072,4096,RGB,2026-01-05T10:07:31,2026:01:05 10:07:31,,OPPO,OPPO Find X6 Pro,,1,3,Affected by leaf miner,1,False
IMG20260105100737.jpg,data/image/IMG20260105100737.jpg,data/labels/IMG20260105100737.txt,9a32fdda9d3158d11efbd18ad2f29761b34877187bf08c18f0b99785e3f4780d,9ce5623f97829cc4,3072,4096,RGB,2026-01-05T10:07:37,2026:01:05 10:07:37,,OPPO,OPPO Find X6 Pro,,4,2,anthracnose,1,False
IMG20260105100744.jpg,data/image/IMG20260105100744.jpg,data/labels/IMG20260105100744.txt,1e246de4b759c4481465cfb8fa90c2edf48acde9cf5a8b11269a88f46aaaa43a,f43ea854de69a192,4096,3072,RGB,2026-01-05T10:07:44,2026:01:05 10:07:44,,OPPO,OPPO Find X6 Pro,,3,2,anthracnose,1,False
IMG20260105100748.jpg,data/image/IMG20260105100748.jpg,data/labels/IMG20260105100748.txt,52c8ac878e1b2b5553ade5d921a043244abfc84e08659e729f7a9e404732b159,8e9af84a1b2afe41,3072,4096,RGB,2026-01-05T10:07:48,2026:01:05 10:07:48,,OPPO,OPPO Find X6 Pro,,2,0;2,brown spot;anthracnose,2,True
IMG20260105100803.jpg,data/image/IMG20260105100803.jpg,data/labels/IMG20260105100803.txt,d6ccf467efefe1b9e3a915bb0a764a8d6e4c81b6a4927d4fe6fb46ebd526c4bc,8f302d1bb13437d9,3072,4096,RGB,2026-01-05T10:08:03,2026:01:05 10:08:03,,OPPO,OPPO Find X6 Pro,,1,0,brown spot,1,False
IMG20260105100806.jpg,data/image/IMG20260105100806.jpg,data/labels/IMG20260105100806.txt,c0407697bb7c6341003764b6158364654ed8c61a1fbbcfd21734c00b8190bdd3,c8adb12d1bfa3891,3072,4096,RGB,2026-01-05T10:08:06,2026:01:05 10:08:06,,OPPO,OPPO Find X6 Pro,,6,0,brown spot,1,False
IMG20260105100813.jpg,data/image/IMG20260105100813.jpg,data/labels/IMG20260105100813.txt,f946dff7f1b30bc5d51e7f02f96e1e2318eca25ee7b9ae510de7ea3281ff53e8,8fdd92785b682e0c,3072,4096,RGB,2026-01-05T10:08:13,2026:01:05 10:08:13,,OPPO,OPPO Find X6 Pro,,2,0;2,brown spot;anthracnose,2,True
IMG20260105100817.jpg,data/image/IMG20260105100817.jpg,data/labels/IMG20260105100817.txt,aeceed31ea221d45f9f7c9771a980947a439ff96647bfec7b916fd41b2e6eb51,849773596166276b,3072,4096,RGB,2026-01-05T10:08:17,2026:01:05 10:08:17,,OPPO,OPPO Find X6 Pro,,2,2,anthracnose,1,False
IMG20260105100820.jpg,data/image/IMG20260105100820.jpg,data/labels/IMG20260105100820.txt,deaaf59c9463b1219d0e31263427455ebb99ae7ba61ae0c71d387aeb899a8218,c6ee35048c9ecf51,3072,4096,RGB,2026-01-05T10:08:20,2026:01:05 10:08:20,,OPPO,OPPO Find X6 Pro,,1,2,anthracnose,1,False
IMG20260105100829.jpg,data/image/IMG20260105100829.jpg,data/labels/IMG20260105100829.txt,6a6be3ab20a19b168176367894e7c945e3b3c76b0d4ef8355c0d9834fd55b2b0,c090c5d2c167df3d,4096,3072,RGB,2026-01-05T10:08:29,2026:01:05 10:08:29,,OPPO,OPPO Find X6 Pro,,6,0,brown spot,1,False
IMG20260105100842.jpg,data/image/IMG20260105100842.jpg,data/labels/IMG20260105100842.txt,08ca94df31bd0f8433e8eaf349be498dcde067373ad0c615b2254495e35f279d,8e6bfae0ab9c2492,3072,4096,RGB,2026-01-05T10:08:42,2026:01:05 10:08:42,,OPPO,OPPO Find X6 Pro,,9,0;2;3,brown spot;anthracnose;Affected by leaf miner,3,True
IMG20260105100851.jpg,data/image/IMG20260105100851.jpg,data/labels/IMG20260105100851.txt,04242596c43fa50f6c9aaf1f9e4f62cad3279cdd6324d35d13af8abe7909d702,b21ccc758173d972,3072,4096,RGB,2026-01-05T10:08:51,2026:01:05 10:08:51,,OPPO,OPPO Find X6 Pro,,4,0;3,brown spot;Affected by leaf miner,2,True
IMG20260105100907.jpg,data/image/IMG20260105100907.jpg,data/labels/IMG20260105100907.txt,3841aace25435a2753e1720fab639911dac2346f46edf0936ce2533f21aaf098,ffd53105292cce4a,3072,4096,RGB,2026-01-05T10:09:07,2026:01:05 10:09:07,,OPPO,OPPO Find X6 Pro,,10,0,brown spot,1,False
IMG20260105100929.jpg,data/image/IMG20260105100929.jpg,data/labels/IMG20260105100929.txt,a623c3b9c09b9d9944518bef20d472244393c9c82961158de82472714174f231,9e80e34fce9f0cb0,3072,4096,RGB,2026-01-05T10:09:29,2026:01:05 10:09:29,,OPPO,OPPO Find X6 Pro,,2,0,brown spot,1,False
IMG20260105101003.jpg,data/image/IMG20260105101003.jpg,data/labels/IMG20260105101003.txt,351029b78aba79f2a50ae0e5d5856e516078fbcac56089fddf56a7baa281d00a,b92936760989b1bb,3072,4096,RGB,2026-01-05T10:10:03,2026:01:05 10:10:03,,OPPO,OPPO Find X6 Pro,,2,2,anthracnose,1,False
IMG20260105101010.jpg,data/image/IMG20260105101010.jpg,data/labels/IMG20260105101010.txt,20781672927581db948b6ca2fef7fb4ba97ec508a7f50760ea699c9ee43ab394,f87071dfa08bc370,3072,4096,RGB,2026-01-05T10:10:10,2026:01:05 10:10:10,,OPPO,OPPO Find X6 Pro,,11,0,brown spot,1,False
IMG20260105101128.jpg,data/image/IMG20260105101128.jpg,data/labels/IMG20260105101128.txt,e8ebb64783594d56722ff92fe37f7b2ed72541c4554b60289ca4db42888a05ce,d2a74d06285d4dcf,3072,4096,RGB,2026-01-05T10:11:28,2026:01:05 10:11:28,,OPPO,OPPO Find X6 Pro,,2,2,anthracnose,1,False
IMG20260105101148.jpg,data/image/IMG20260105101148.jpg,data/labels/IMG20260105101148.txt,4048d9c0f69839278b8f8bce5ab52da7d6fbbc59d4be8a4fde2f15485fceee1c,851cb26689eddc8e,3072,4096,RGB,2026-01-05T10:11:48,2026:01:05 10:11:48,,OPPO,OPPO Find X6 Pro,,1,2,anthracnose,1,False
IMG20260105101151.jpg,data/image/IMG20260105101151.jpg,data/labels/IMG20260105101151.txt,0c430bd2a88512874c4107ff5fa19287370438904e95326e1d16ad80bcd3e29d,ce44152da69d67d8,3072,4096,RGB,2026-01-05T10:11:51,2026:01:05 10:11:51,,OPPO,OPPO Find X6 Pro,,1,2,anthracnose,1,False
IMG20260105101159.jpg,data/image/IMG20260105101159.jpg,data/labels/IMG20260105101159.txt,c06a54479999c5fbd398e72a76eb97f87a98e41f9730ef70f3dd7e85861b3d2c,890334af1ffa7942,3072,4096,RGB,2026-01-05T10:11:59,2026:01:05 10:11:59,,OPPO,OPPO Find X6 Pro,,1,2,anthracnose,1,False
IMG20260105101239.jpg,data/image/IMG20260105101239.jpg,data/labels/IMG20260105101239.txt,cdb27a70a1418f31b7735c3adbd2f77191561f7832780796882860a258447b82,db6ba42549326ce9,3072,4096,RGB,2026-01-05T10:12:39,2026:01:05 10:12:39,,OPPO,OPPO Find X6 Pro,,1,2,anthracnose,1,False
IMG20260105101329.jpg,data/image/IMG20260105101329.jpg,data/labels/IMG20260105101329.txt,c6e8aedfeecbd41089928acb05b52e6f5cc069d5ceccaeb215b4a6debbc31de4,8840773fde8dc9d0,3072,4096,RGB,2026-01-05T10:13:29,2026:01:05 10:13:29,,OPPO,OPPO Find X6 Pro,,4,0;2,brown spot;anthracnose,2,True
IMG20260105101347.jpg,data/image/IMG20260105101347.jpg,data/labels/IMG20260105101347.txt,1c4519360c609a5ae60b0a34893feb20c1e2cb90f7a81d71e4506b478c847d61,d974f4c1830f4af2,3072,4096,RGB,2026-01-05T10:13:47,2026:01:05 10:13:47,,OPPO,OPPO Find X6 Pro,,1,3,Affected by leaf miner,1,False
IMG20260105101355.jpg,data/image/IMG20260105101355.jpg,data/labels/IMG20260105101355.txt,bc5088ed9e02d645d690e63ce19dd86522b0136175ee4d6473c86b54c9e859aa,8746c23a3d3de88d,3072,4096,RGB,2026-01-05T10:13:55,2026:01:05 10:13:55,,OPPO,OPPO Find X6 Pro,,4,2,anthracnose,1,False
IMG20260105101401.jpg,data/image/IMG20260105101401.jpg,data/labels/IMG20260105101401.txt,a126c662ca52a1cf5b4f1e06d94f1447a86e9ab1bd2725f7f00644f4f0ba69f6,9858ec60ffb1d116,3072,4096,RGB,2026-01-05T10:14:01,2026:01:05 10:14:01,,OPPO,OPPO Find X6 Pro,,4,2,anthracnose,1,False
IMG20260105101408.jpg,data/image/IMG20260105101408.jpg,data/labels/IMG20260105101408.txt,fc4ee772fa0c8a6a2ce425df1ea6d2a140eccde71e87050abc930b2212641ea8,ec12ad5c9129cdea,4096,3072,RGB,2026-01-05T10:14:08,2026:01:05 10:14:08,,OPPO,OPPO Find X6 Pro,,2,2,anthracnose,1,False
IMG20260105101413.jpg,data/image/IMG20260105101413.jpg,data/labels/IMG20260105101413.txt,3fad66d6a0e01376113eed9a4ee01f4245d72239027a25ea0dcb4a1ffe2926ca,de52e18bd9480dba,3072,4096,RGB,2026-01-05T10:14:13,2026:01:05 10:14:13,,OPPO,OPPO Find X6 Pro,,1,2,anthracnose,1,False
IMG20260105101419.jpg,data/image/IMG20260105101419.jpg,data/labels/IMG20260105101419.txt,1d0c9988c33e43ef8e05e6fc98e6daf34bc3234944653f9076c443bb6bafc6a8,fa28c56536d019af,3072,4096,RGB,2026-01-05T10:14:19,2026:01:05 10:14:19,,OPPO,OPPO Find X6 Pro,,3,2,anthracnose,1,False
IMG20260105101423.jpg,data/image/IMG20260105101423.jpg,data/labels/IMG20260105101423.txt,e276ffe35aed09cde75f282ef63be212be2ffb0af5744fd5f59e877c979a62ac,d988ad7412669be6,3072,4096,RGB,2026-01-05T10:14:23,2026:01:05 10:14:23,,OPPO,OPPO Find X6 Pro,,1,2,anthracnose,1,False
IMG20260105101426.jpg,data/image/IMG20260105101426.jpg,data/labels/IMG20260105101426.txt,c95c3362799c6d7b129fe7902cd7ba5b0b7518f7e62c0fd83b119b9d3aa7f063,93a5ad23c2ebd0cc,3072,4096,RGB,2026-01-05T10:14:26,2026:01:05 10:14:26,,OPPO,OPPO Find X6 Pro,,1,2,anthracnose,1,False
IMG20260105101530.jpg,data/image/IMG20260105101530.jpg,data/labels/IMG20260105101530.txt,aee7aa92962b78446ece32bc8f49a38c1c778fd130c74977300ff1fbb9b30b04,988965caae34de6a,3072,4096,RGB,2026-01-05T10:15:30,2026:01:05 10:15:30,,OPPO,OPPO Find X6 Pro,,2,0,brown spot,1,False
IMG20260105101532.jpg,data/image/IMG20260105101532.jpg,data/labels/IMG20260105101532.txt,e6d5b6924694b8f7a8e86b453e9a104c3b049cae025014732ca1d4a28e2db12c,d21e499f6659d425,3072,4096,RGB,2026-01-05T10:15:32,2026:01:05 10:15:32,,OPPO,OPPO Find X6 Pro,,2,0,brown spot,1,False
IMG20260105101534.jpg,data/image/IMG20260105101534.jpg,data/labels/IMG20260105101534.txt,acef1fed51b966bce709122309a7cfcae396bec4ffe21fe0bf1714f6c14cbaf7,8c8b790b5396cab5,3072,4096,RGB,2026-01-05T10:15:34,2026:01:05 10:15:34,,OPPO,OPPO Find X6 Pro,,2,0,brown spot,1,False
IMG20260105101537.jpg,data/image/IMG20260105101537.jpg,data/labels/IMG20260105101537.txt,4b1b09534fd4985f7a99274238c559ab23c53e9b486a463e45389a7aca4a8dd3,be937385c48b6a49,3072,4096,RGB,2026-01-05T10:15:37,2026:01:05 10:15:37,,OPPO,OPPO Find X6 Pro,,6,0,brown spot,1,False
IMG20260105101542.jpg,data/image/IMG20260105101542.jpg,data/labels/IMG20260105101542.txt,5d10d37d7e72181b96b2b2aa9e44f4fc202077ec7dad4fab64eb9c2a0c180c10,e0c7468c7d1ea9a5,3072,4096,RGB,2026-01-05T10:15:42,2026:01:05 10:15:42,,OPPO,OPPO Find X6 Pro,,4,0,brown spot,1,False
IMG20260105101545.jpg,data/image/IMG20260105101545.jpg,data/labels/IMG20260105101545.txt,dc6cc37d18c0a96d2d6d05ee94837d9569178586dcefc20c95565b6c73855e72,fad2cd6c50128bc7,3072,4096,RGB,2026-01-05T10:15:45,2026:01:05 10:15:45,,OPPO,OPPO Find X6 Pro,,1,2,anthracnose,1,False
IMG20260105101604.jpg,data/image/IMG20260105101604.jpg,data/labels/IMG20260105101604.txt,0a6a75127ca0057d4f6cdd4facb7eea1f33d81ed9dd38bda4b1409fe3543884d,a7d78c368c4c7a98,3072,4096,RGB,2026-01-05T10:16:04,2026:01:05 10:16:04,,OPPO,OPPO Find X6 Pro,,1,0,brown spot,1,False
IMG20260105101611.jpg,data/image/IMG20260105101611.jpg,data/labels/IMG20260105101611.txt,ee19a5dc53c0fa7b108a31a0fb21da251626b06bf2398120d2eec9d7e0602908,f9e0f40cc47f6a09,3072,4096,RGB,2026-01-05T10:16:11,2026:01:05 10:16:11,,OPPO,OPPO Find X6 Pro,,7,0,brown spot,1,False
IMG20260105101615.jpg,data/image/IMG20260105101615.jpg,data/labels/IMG20260105101615.txt,3c5a9266db90a2539c7716d6eb430c752f0517c75acc62167c02ab9184f007ba,c5d59268bea54678,3072,4096,RGB,2026-01-05T10:16:15,2026:01:05 10:16:15,,OPPO,OPPO Find X6 Pro,,4,2,anthracnose,1,False
IMG20260105101625.jpg,data/image/IMG20260105101625.jpg,data/labels/IMG20260105101625.txt,c51e1a81eb66f6f87fcaf71b3759f68a75fb8eebfe37158951d79c36906bcb17,f0d1dccf9c2e80b8,3072,4096,RGB,2026-01-05T10:16:25,2026:01:05 10:16:25,,OPPO,OPPO Find X6 Pro,,2,2;3,anthracnose;Affected by leaf miner,2,True
IMG20260105101630.jpg,data/image/IMG20260105101630.jpg,data/labels/IMG20260105101630.txt,02570320655a4ddc10d9d48b75872eaa18b6674f654b0caa5800e0d3de164d87,bbdac4c008b7ff04,3072,4096,RGB,2026-01-05T10:16:30,2026:01:05 10:16:30,,OPPO,OPPO Find X6 Pro,,2,2;3,anthracnose;Affected by leaf miner,2,True
IMG20260105101638.jpg,data/image/IMG20260105101638.jpg,data/labels/IMG20260105101638.txt,009a14ccc4703df220d1f2ec0ce1a4f634213de6b25b55690c2f1b6e5953ea89,c2d0f1adb782487d,3072,4096,RGB,2026-01-05T10:16:38,2026:01:05 10:16:38,,OPPO,OPPO Find X6 Pro,,3,2,anthracnose,1,False
IMG20260105101647.jpg,data/image/IMG20260105101647.jpg,data/labels/IMG20260105101647.txt,2a2ee96c4d7368159939cca7b4e832024a366d756d90eccbe6fe7673e6bb4dd6,bc87830e5ed4ab91,4096,3072,RGB,2026-01-05T10:16:47,2026:01:05 10:16:47,,OPPO,OPPO Find X6 Pro,,1,2,anthracnose,1,False
IMG20260105101651.jpg,data/image/IMG20260105101651.jpg,data/labels/IMG20260105101651.txt,6659fcd421e6da9e585aa077bf0f5f37a16009f4231a53eddb6ab6fb4bd920b0,87d2695971a44af6,3072,4096,RGB,2026-01-05T10:16:51,2026:01:05 10:16:51,,OPPO,OPPO Find X6 Pro,,1,2,anthracnose,1,False
IMG20260105101653.jpg,data/image/IMG20260105101653.jpg,data/labels/IMG20260105101653.txt,8d66bf6d245073976653654fe8c01bf64f4a7b3fff314628f4381198e22a9c41,ead05ebc71d08353,3072,4096,RGB,2026-01-05T10:16:53,2026:01:05 10:16:53,,OPPO,OPPO Find X6 Pro,,1,0,brown spot,1,False
IMG20260105101710.jpg,data/image/IMG20260105101710.jpg,data/labels/IMG20260105101710.txt,7d789af6616596b645bf9b02d90c621b8ea09a2d0e9a1656daee53fb9ec6a1da,9cf9a38699476989,3072,4096,RGB,2026-01-05T10:17:10,2026:01:05 10:17:10,,OPPO,OPPO Find X6 Pro,,2,2,anthracnose,1,False
IMG20260105101719.jpg,data/image/IMG20260105101719.jpg,data/labels/IMG20260105101719.txt,9d36256be6a0a0c0b32acda07f2ae2b2f340238d5879ea5f2317c01244fb9498,acb0df33dae9c006,4096,3072,RGB,2026-01-05T10:17:19,2026:01:05 10:17:19,,OPPO,OPPO Find X6 Pro,,1,0,brown spot,1,False
IMG20260105101738.jpg,data/image/IMG20260105101738.jpg,data/labels/IMG20260105101738.txt,c4b3188f0cefb59e672e3111a2d59b7d620294f1048757e3dba54ba7543be8b1,a49093233cbd727b,3072,4096,RGB,2026-01-05T10:17:38,2026:01:05 10:17:38,,OPPO,OPPO Find X6 Pro,,1,2,anthracnose,1,False
IMG20260105101744.jpg,data/image/IMG20260105101744.jpg,data/labels/IMG20260105101744.txt,6e7f9731495c605eb3923372753ea354d0ca3f5a5b7cc616916cff2ac7dca468,b1e20e5c712fe613,3072,4096,RGB,2026-01-05T10:17:44,2026:01:05 10:17:44,,OPPO,OPPO Find X6 Pro,,2,2,anthracnose,1,False
IMG20260105101756.jpg,data/image/IMG20260105101756.jpg,data/labels/IMG20260105101756.txt,4a40561e1b1ff3ed235d187231b5fb9c812d7d4eb48d79402aeef2faf344db2a,9bcc5972e45a6623,4096,3072,RGB,2026-01-05T10:17:56,2026:01:05 10:17:56,,OPPO,OPPO Find X6 Pro,,2,0,brown spot,1,False
IMG20260105101803.jpg,data/image/IMG20260105101803.jpg,data/labels/IMG20260105101803.txt,c8a11a149b1b613c6e0f3359de81e5aa1d5dca43e9efa25684c3c006609947cb,9307c7ab9294da36,3072,4096,RGB,2026-01-05T10:18:03,2026:01:05 10:18:03,,OPPO,OPPO Find X6 Pro,,2,0;2,brown spot;anthracnose,2,True
IMG20260105101808.jpg,data/image/IMG20260105101808.jpg,data/labels/IMG20260105101808.txt,d2b30bacdbcc1772cae52b15fa5eb6555a505568c45c5da5d85206f1225bbcb3,c982f67ee26aec80,3072,4096,RGB,2026-01-05T10:18:08,2026:01:05 10:18:08,,OPPO,OPPO Find X6 Pro,,2,2,anthracnose,1,False
IMG20260105101810.jpg,data/image/IMG20260105101810.jpg,data/labels/IMG20260105101810.txt,1b1a3ee6d00a329a54f204c98ba0899519671c96960b2823472e18e839c33cbb,ffe5e2329b0a88c8,3072,4096,RGB,2026-01-05T10:18:10,2026:01:05 10:18:10,,OPPO,OPPO Find X6 Pro,,1,2,anthracnose,1,False
IMG20260105101814.jpg,data/image/IMG20260105101814.jpg,data/labels/IMG20260105101814.txt,5e2f630e5df92e690409f24ec1b0ff979f91e7cfd29fa9a601d8bb0cb2ed06da,8cdb67e3c83a1499,3072,4096,RGB,2026-01-05T10:18:14,2026:01:05 10:18:14,,OPPO,OPPO Find X6 Pro,,1,2,anthracnose,1,False
IMG20260105101820.jpg,data/image/IMG20260105101820.jpg,data/labels/IMG20260105101820.txt,668d03c75a4d0bdf36403bea27ed66872dccfd8aa70107aad7870eff66002ea2,8dc23d7e12774a13,3072,4096,RGB,2026-01-05T10:18:20,2026:01:05 10:18:20,,OPPO,OPPO Find X6 Pro,,13,0,brown spot,1,False
IMG20260105101824.jpg,data/image/IMG20260105101824.jpg,data/labels/IMG20260105101824.txt,5558d8cca0132c57a944eb5ed567bd2c041efd345d9f5f1a314cc053e592b0e9,f8ec3106aba346d3,3072,4096,RGB,2026-01-05T10:18:24,2026:01:05 10:18:24,,OPPO,OPPO Find X6 Pro,,7,0,brown spot,1,False
IMG20260105101826.jpg,data/image/IMG20260105101826.jpg,data/labels/IMG20260105101826.txt,2b6a47e2bc8e8c29a5e217d7df018251a8f5416fe2ca31b590b477e4ee91b2bf,a8736f6d063fd240,3072,4096,RGB,2026-01-05T10:18:26,2026:01:05 10:18:26,,OPPO,OPPO Find X6 Pro,,9,0;1,brown spot;Leaf rust,2,True
IMG20260105101829.jpg,data/image/IMG20260105101829.jpg,data/labels/IMG20260105101829.txt,927785a42b5fdc341c0b31724eb2f3580397842d2fbcb8a5dc5d71fdd33cbfc8,9878205f4393dfb1,3072,4096,RGB,2026-01-05T10:18:29,2026:01:05 10:18:29,,OPPO,OPPO Find X6 Pro,,5,0,brown spot,1,False
IMG20260105101831.jpg,data/image/IMG20260105101831.jpg,data/labels/IMG20260105101831.txt,9985e70e5fd8d0e26f4746f583faf5eefb3691b7584ee361689520913bed67a1,ad2d4746e45bb238,3072,4096,RGB,2026-01-05T10:18:31,2026:01:05 10:18:31,,OPPO,OPPO Find X6 Pro,,5,0,brown spot,1,False
IMG20260105101836.jpg,data/image/IMG20260105101836.jpg,data/labels/IMG20260105101836.txt,97dd93be4a8da3a320bf33012d4321ac1887f0e3146c8d4a0c19026c7d1cbec7,c8e34c81b4bff09a,3072,4096,RGB,2026-01-05T10:18:36,2026:01:05 10:18:36,,OPPO,OPPO Find X6 Pro,,6,0,brown spot,1,False
IMG20260105101844.jpg,data/image/IMG20260105101844.jpg,data/labels/IMG20260105101844.txt,e1f457f0665718cbbe81e6b5a07cd89525641af73e2771a840d4a4522e72ac3d,8aabb0e9370e96ca,3072,4096,RGB,2026-01-05T10:18:44,2026:01:05 10:18:44,,OPPO,OPPO Find X6 Pro,,4,0;2,brown spot;anthracnose,2,True
IMG20260105101846.jpg,data/image/IMG20260105101846.jpg,data/labels/IMG20260105101846.txt,115f9b6b1040607e82b083312ed14925155dc56e89ab46e3c21b20c89ab5193e,e0d79efc81b6f001,3072,4096,RGB,2026-01-05T10:18:46,2026:01:05 10:18:46,,OPPO,OPPO Find X6 Pro,,1,2,anthracnose,1,False
IMG20260105101849.jpg,data/image/IMG20260105101849.jpg,data/labels/IMG20260105101849.txt,2c96ae9bac81cbf820baab077dd0bc968c05e5a3c0685a41a96845b44197650a,e944a64b1d153f3a,3072,4096,RGB,2026-01-05T10:18:49,2026:01:05 10:18:49,,OPPO,OPPO Find X6 Pro,,2,2,anthracnose,1,False
IMG20260105101852.jpg,data/image/IMG20260105101852.jpg,data/labels/IMG20260105101852.txt,089f061cb456712a92219b50ff48bf259258fe0a7df7249539bccef33037b489,8f868c4d3abe0b93,3072,4096,RGB,2026-01-05T10:18:52,2026:01:05 10:18:52,,OPPO,OPPO Find X6 Pro,,3,2,anthracnose,1,False
IMG20260105101858.jpg,data/image/IMG20260105101858.jpg,data/labels/IMG20260105101858.txt,257df2010ad771d8aa85e23664a5a31ac2ba478e06b8090fe5829566b52d9958,ff76e093b0bc0158,4096,3072,RGB,2026-01-05T10:18:58,2026:01:05 10:18:58,,OPPO,OPPO Find X6 Pro,,3,2,anthracnose,1,False
IMG20260105101901.jpg,data/image/IMG20260105101901.jpg,data/labels/IMG20260105101901.txt,86b432c8624cf1df7542fb531477b675d0a9ead5be4f771c9d170f0e299abb5e,8d347649f1af5381,3072,4096,RGB,2026-01-05T10:19:01,2026:01:05 10:19:01,,OPPO,OPPO Find X6 Pro,,2,2,anthracnose,1,False
IMG20260105101921.jpg,data/image/IMG20260105101921.jpg,data/labels/IMG20260105101921.txt,659a4b0112f116e0f09e7f62a21d1f655ee8f141dc60e9c1618f506939df1a32,8e2c72e2ee8b07c9,3072,4096,RGB,2026-01-05T10:19:21,2026:01:05 10:19:21,,OPPO,OPPO Find X6 Pro,,1,2,anthracnose,1,False
IMG20260105101937.jpg,data/image/IMG20260105101937.jpg,data/labels/IMG20260105101937.txt,b2f6dd7941ff986af01a7d60e35b5cfc36bb93bd1103edee1769efa3ab8b654e,ac6c936a5c2339b6,3072,4096,RGB,2026-01-05T10:19:37,2026:01:05 10:19:37,,OPPO,OPPO Find X6 Pro,,8,0,brown spot,1,False
IMG20260105101940.jpg,data/image/IMG20260105101940.jpg,data/labels/IMG20260105101940.txt,b2977a67a047a173ebae99831591760d0ae0a281b02e78e6eb9d39d3115e9038,bdd28d8294a9b5b4,3072,4096,RGB,2026-01-05T10:19:40,2026:01:05 10:19:40,,OPPO,OPPO Find X6 Pro,,7,0;2,brown spot;anthracnose,2,True
IMG20260105101943.jpg,data/image/IMG20260105101943.jpg,data/labels/IMG20260105101943.txt,bcbaff47820eec18e0c102815a3ee793a6f843a388f489efb62492069e92e711,ac33cb6c431e6716,3072,4096,RGB,2026-01-05T10:19:43,2026:01:05 10:19:43,,OPPO,OPPO Find X6 Pro,,7,0;2,brown spot;anthracnose,2,True
IMG20260105101949.jpg,data/image/IMG20260105101949.jpg,data/labels/IMG20260105101949.txt,b5e2c56b41df16c6b429f2e59918621b598c7adc0c9a2fc9d5209c2b28c6de7e,ac62315f1efce418,3072,4096,RGB,2026-01-05T10:19:49,2026:01:05 10:19:49,,OPPO,OPPO Find X6 Pro,,12,0;1,brown spot;Leaf rust,2,True
IMG20260105101953.jpg,data/image/IMG20260105101953.jpg,data/labels/IMG20260105101953.txt,9962645f202eb4c0324cdc69f56dc0ab4fcb08d95af4311750aad39bd9cb3177,a27d07ed1d03611f,4096,3072,RGB,2026-01-05T10:19:53,2026:01:05 10:19:53,,OPPO,OPPO Find X6 Pro,,2,0,brown spot,1,False
IMG20260105101957.jpg,data/image/IMG20260105101957.jpg,data/labels/IMG20260105101957.txt,1644e58599285de122575304546964579974d8b14d53549097b42632f1363a36,ac37830eb0d768d6,3072,4096,RGB,2026-01-05T10:19:57,2026:01:05 10:19:57,,OPPO,OPPO Find X6 Pro,,9,2,anthracnose,1,False
IMG20260105102000.jpg,data/image/IMG20260105102000.jpg,data/labels/IMG20260105102000.txt,9e8d00533686d790900fd3dfccf27b72230f4a1c076b132449908c74eda6cc3a,99b752b16d826ccc,3072,4096,RGB,2026-01-05T10:20:00,2026:01:05 10:20:00,,OPPO,OPPO Find X6 Pro,,4,0;2,brown spot;anthracnose,2,True
IMG20260105102005.jpg,data/image/IMG20260105102005.jpg,data/labels/IMG20260105102005.txt,d90622db92b0a61eb616a868ec301af068ec70a7e4353ea77dd482e4560db9b2,d916b726a352a939,3072,4096,RGB,2026-01-05T10:20:05,2026:01:05 10:20:05,,OPPO,OPPO Find X6 Pro,,1,2,anthracnose,1,False
IMG20260105102008.jpg,data/image/IMG20260105102008.jpg,data/labels/IMG20260105102008.txt,f947f3380511a94363077ae31c03b3b6d98d7c056432a23f7fa21e7dad136f29,aa9cd8546c9457e9,3072,4096,RGB,2026-01-05T10:20:08,2026:01:05 10:20:08,,OPPO,OPPO Find X6 Pro,,6,0,brown spot,1,False
IMG20260105102023.jpg,data/image/IMG20260105102023.jpg,data/labels/IMG20260105102023.txt,d42c1201d26651cfd5fb4d350754f1226b00f73e22f4b44471a7a3ae5e046c4e,ac69abdbf2a2420d,3072,4096,RGB,2026-01-05T10:20:23,2026:01:05 10:20:23,,OPPO,OPPO Find X6 Pro,,2,2,anthracnose,1,False
IMG20260105102027.jpg,data/image/IMG20260105102027.jpg,data/labels/IMG20260105102027.txt,822e312fde5d302286a5301fb56459ca0a2d22f9dea3821acab720e2a9eb1568,8d6cab35b19b902b,3072,4096,RGB,2026-01-05T10:20:27,2026:01:05 10:20:27,,OPPO,OPPO Find X6 Pro,,4,2,anthracnose,1,False
IMG20260105102047.jpg,data/image/IMG20260105102047.jpg,data/labels/IMG20260105102047.txt,759951f8138111f761fc6374cb6a929d523d82e01a1d3719061bf5cb3dc1c2d4,8813d32b292ae7e7,3072,4096,RGB,2026-01-05T10:20:47,2026:01:05 10:20:47,,OPPO,OPPO Find X6 Pro,,1,2,anthracnose,1,False
IMG20260105102050.jpg,data/image/IMG20260105102050.jpg,data/labels/IMG20260105102050.txt,3c7bec2c1665d4d315e98e77a5496a1b4bae7f5f6eb727825da1df65be855754,891dd0e14f6d584f,3072,4096,RGB,2026-01-05T10:20:50,2026:01:05 10:20:50,,OPPO,OPPO Find X6 Pro,,1,2,anthracnose,1,False
IMG20260105102056.jpg,data/image/IMG20260105102056.jpg,data/labels/IMG20260105102056.txt,34ede57e3a7df3d224b108b9cdced1f794f88db8dcc65c2506073e1334756977,c83a4c6fd369a658,4096,3072,RGB,2026-01-05T10:20:56,2026:01:05 10:20:56,,OPPO,OPPO Find X6 Pro,,3,0;2,brown spot;anthracnose,2,True
IMG20260105102100.jpg,data/image/IMG20260105102100.jpg,data/labels/IMG20260105102100.txt,b4ba4f1540f158e9730e6c39ccf57d5d35c222c689cc9173ffa35fb4a868e252,aa10837dba72f893,3072,4096,RGB,2026-01-05T10:21:00,2026:01:05 10:21:00,,OPPO,OPPO Find X6 Pro,,6,2,anthracnose,1,False
IMG20260105102103.jpg,data/image/IMG20260105102103.jpg,data/labels/IMG20260105102103.txt,3c21468f7ca34ee603cf35d7483d09c9e1e2f65bbdebba6bafffbe97d7108aa2,8d1d557a0326cf74,3072,4096,RGB,2026-01-05T10:21:03,2026:01:05 10:21:03,,OPPO,OPPO Find X6 Pro,,1,2,anthracnose,1,False
IMG20260105102105.jpg,data/image/IMG20260105102105.jpg,data/labels/IMG20260105102105.txt,f1add5de945d1ad8c4d000a9280dea13375755f761eaa22cf52d2c064bd66530,d24a6d3a710f6d58,3072,4096,RGB,2026-01-05T10:21:05,2026:01:05 10:21:05,,OPPO,OPPO Find X6 Pro,,1,2,anthracnose,1,False
IMG20260105102108.jpg,data/image/IMG20260105102108.jpg,data/labels/IMG20260105102108.txt,831bc69ad28a784a4ffadd051525105ca65d1aed0ea7c8a6f89208bda70feeca,ca6a687596c8cd9c,4096,3072,RGB,2026-01-05T10:21:08,2026:01:05 10:21:08,,OPPO,OPPO Find X6 Pro,,4,2,anthracnose,1,False
IMG20260105102133.jpg,data/image/IMG20260105102133.jpg,data/labels/IMG20260105102133.txt,a7442b704c100aea508cd83831c00a1ec229974bb763458ba2af5bbf9f9b15df,99f1c301d8e60fad,3072,4096,RGB,2026-01-05T10:21:33,2026:01:05 10:21:33,,OPPO,OPPO Find X6 Pro,,1,2,anthracnose,1,False
IMG20260105102136.jpg,data/image/IMG20260105102136.jpg,data/labels/IMG20260105102136.txt,ae72018d3b175c3a8e0c54be4ba3009063b3e286e1b3310dc83c10d1f5018642,8b5ae53387477454,3072,4096,RGB,2026-01-05T10:21:36,2026:01:05 10:21:36,,OPPO,OPPO Find X6 Pro,,3,2,anthracnose,1,False
IMG20260105102138.jpg,data/image/IMG20260105102138.jpg,data/labels/IMG20260105102138.txt,ad372fac7aebdbb1199a1109faea65675b5fe5aa9197fb29f4829aec73fc00f5,8040f73f865bec5a,3072,4096,RGB,2026-01-05T10:21:38,2026:01:05 10:21:38,,OPPO,OPPO Find X6 Pro,,3,2,anthracnose,1,False
IMG20260105102143.jpg,data/image/IMG20260105102143.jpg,data/labels/IMG20260105102143.txt,7a1deeb86253a2bda850b4df73267bb0cd6348491b4a61b2cd686a81b43679aa,84537e4c5b722be4,3072,4096,RGB,2026-01-05T10:21:43,2026:01:05 10:21:43,,OPPO,OPPO Find X6 Pro,,3,2,anthracnose,1,False
IMG20260105102148.jpg,data/image/IMG20260105102148.jpg,data/labels/IMG20260105102148.txt,4ff1aa8d961941f5954668ffa959b6f0d05bd585357bd5766d85caa5d3e72157,ad60632f8db544a7,3072,4096,RGB,2026-01-05T10:21:48,2026:01:05 10:21:48,,OPPO,OPPO Find X6 Pro,,1,0,brown spot,1,False
IMG20260105102155.jpg,data/image/IMG20260105102155.jpg,data/labels/IMG20260105102155.txt,f60b052ecbcdaf57ea66329e7f4b2f95726de2df1af802a69bd8d5fe8b8ba6ab,fa65627f1617052c,4096,3072,RGB,2026-01-05T10:21:55,2026:01:05 10:21:55,,OPPO,OPPO Find X6 Pro,,2,2,anthracnose,1,False
IMG20260105102200.jpg,data/image/IMG20260105102200.jpg,data/labels/IMG20260105102200.txt,75a075f1a9943ecabbcbd07a4dad29b3613479935c6ded46ef310e1eff57ca8b,99a1d6741dd71692,3072,4096,RGB,2026-01-05T10:22:00,2026:01:05 10:22:00,,OPPO,OPPO Find X6 Pro,,4,2,anthracnose,1,False
IMG20260105102205.jpg,data/image/IMG20260105102205.jpg,data/labels/IMG20260105102205.txt,58e80aaff73fd007d48cd5e941b02772b49848995cc1dbcc353ac899c38b9f5e,a52cff9e35498521,3072,4096,RGB,2026-01-05T10:22:05,2026:01:05 10:22:05,,OPPO,OPPO Find X6 Pro,,2,2,anthracnose,1,False
IMG20260105102207.jpg,data/image/IMG20260105102207.jpg,data/labels/IMG20260105102207.txt,a0db45c659211121f6fe2a686a42d6013ec26b5389ca0f89abb277fa363a0870,983ddbe76c0a6c0c,3072,4096,RGB,2026-01-05T10:22:07,2026:01:05 10:22:07,,OPPO,OPPO Find X6 Pro,,1,2,anthracnose,1,False
IMG20260105102209.jpg,data/image/IMG20260105102209.jpg,data/labels/IMG20260105102209.txt,36a01f47d014afbee2bab8b2ea43041b052902e3d65c489c08489702e7e448db,da586bef5986a242,3072,4096,RGB,2026-01-05T10:22:09,2026:01:05 10:22:09,,OPPO,OPPO Find X6 Pro,,1,2,anthracnose,1,False
IMG20260105102213.jpg,data/image/IMG20260105102213.jpg,data/labels/IMG20260105102213.txt,612187e03112421a6bc8178b0c2c5cd9ce7d6d38727b9a0e6495ea72ffdc2164,9d194b4e7e5871c8,3072,4096,RGB,2026-01-05T10:22:13,2026:01:05 10:22:13,,OPPO,OPPO Find X6 Pro,,3,2,anthracnose,1,False
IMG20260105102226.jpg,data/image/IMG20260105102226.jpg,data/labels/IMG20260105102226.txt,035d7c49c87320281ca3ae7075713cbbf476c407cc8c35f997ee89ad2a82e80c,bf747e38e08580a7,3072,4096,RGB,2026-01-05T10:22:26,2026:01:05 10:22:26,,OPPO,OPPO Find X6 Pro,,3,0;2,brown spot;anthracnose,2,True
IMG20260105102229.jpg,data/image/IMG20260105102229.jpg,data/labels/IMG20260105102229.txt,051148a10dfa07286f03355471cca6a7a6ba2cc49272f1a4fe1d07596bef409f,975733d41d855c49,3072,4096,RGB,2026-01-05T10:22:29,2026:01:05 10:22:29,,OPPO,OPPO Find X6 Pro,,8,0;2,brown spot;anthracnose,2,True
IMG20260105102234.jpg,data/image/IMG20260105102234.jpg,data/labels/IMG20260105102234.txt,d1e8c37d66190aeeedcda76f3b0a8d12333a1f43d980e5ce2738ade6a150a250,8a5f842dbe949479,4096,3072,RGB,2026-01-05T10:22:34,2026:01:05 10:22:34,,OPPO,OPPO Find X6 Pro,,4,2,anthracnose,1,False
IMG20260105102247.jpg,data/image/IMG20260105102247.jpg,data/labels/IMG20260105102247.txt,726d9990e3dc0753bc3881da0b37696bfcbe58af824ce73c6ccb5013f6b05020,a8b1c3ec05987e4f,3072,4096,RGB,2026-01-05T10:22:47,2026:01:05 10:22:47,,OPPO,OPPO Find X6 Pro,,5,2,anthracnose,1,False
IMG20260105102255.jpg,data/image/IMG20260105102255.jpg,data/labels/IMG20260105102255.txt,5180872de628b86c88998bda3ce480607d5656abc6ce84942e9045b580ffc87c,88ecf08c29ed9dc5,3072,4096,RGB,2026-01-05T10:22:55,2026:01:05 10:22:55,,OPPO,OPPO Find X6 Pro,,3,0,brown spot,1,False
IMG20260105102303.jpg,data/image/IMG20260105102303.jpg,data/labels/IMG20260105102303.txt,6e65adc64c9b7b4c8328b8361179d128011e8077b56e3bb9b7888aa4c7b2c054,874e066964be96ba,3072,4096,RGB,2026-01-05T10:23:03,2026:01:05 10:23:03,,OPPO,OPPO Find X6 Pro,,2,2,anthracnose,1,False
IMG20260105102308.jpg,data/image/IMG20260105102308.jpg,data/labels/IMG20260105102308.txt,4c78d1d8f92a138f72528ce9e2f3a7874a9bcc9dcf56ba8606efe4f3d041fdcc,e949e4e6c570a50f,3072,4096,RGB,2026-01-05T10:23:08,2026:01:05 10:23:08,,OPPO,OPPO Find X6 Pro,,1,2,anthracnose,1,False
IMG20260105102319.jpg,data/image/IMG20260105102319.jpg,data/labels/IMG20260105102319.txt,780b2a731577cf05cf6fe961e88454a601d810afbfb06b7a4bcb688f77babbd1,8c3ca39d2eb3b0f0,3072,4096,RGB,2026-01-05T10:23:19,2026:01:05 10:23:19,,OPPO,OPPO Find X6 Pro,,2,2,anthracnose,1,False
IMG20260105102326.jpg,data/image/IMG20260105102326.jpg,data/labels/IMG20260105102326.txt,74056354ecebcf95decf093c2b64917b6f79f9f49c3505ee0ca39b8e69206f00,8c47f3f0cfc36444,3072,4096,RGB,2026-01-05T10:23:26,2026:01:05 10:23:26,,OPPO,OPPO Find X6 Pro,,5,2,anthracnose,1,False
IMG20260105102352.jpg,data/image/IMG20260105102352.jpg,data/labels/IMG20260105102352.txt,c7b55a9bc7df421b1961e99ed59399d365a7336d217b2f0620616d0f22e01597,8e932f6d0ee41d16,3072,4096,RGB,2026-01-05T10:23:52,2026:01:05 10:23:52,,OPPO,OPPO Find X6 Pro,,2,2,anthracnose,1,False
IMG20260105102355.jpg,data/image/IMG20260105102355.jpg,data/labels/IMG20260105102355.txt,6d6e018ebbb107bfc26bcf051af7a137ba411628fa238939087339ae1e041b1a,d3199d25f9bc2413,3072,4096,RGB,2026-01-05T10:23:55,2026:01:05 10:23:55,,OPPO,OPPO Find X6 Pro,,5,0;2,brown spot;anthracnose,2,True
IMG20260105102358.jpg,data/image/IMG20260105102358.jpg,data/labels/IMG20260105102358.txt,8b59f75f0ba3bcc9c3224339ba324e6e4947e386caadcd502c4a594966d0325c,ec0017181bf865ff,3072,4096,RGB,2026-01-05T10:23:58,2026:01:05 10:23:58,,OPPO,OPPO Find X6 Pro,,3,2,anthracnose,1,False
IMG20260105102401.jpg,data/image/IMG20260105102401.jpg,data/labels/IMG20260105102401.txt,0879dba9a7da0e42e74586caacf4d37134bdc81100c175058866fd38b867e4e0,8f0f7948b10e2b2f,3072,4096,RGB,2026-01-05T10:24:01,2026:01:05 10:24:01,,OPPO,OPPO Find X6 Pro,,3,0,brown spot,1,False
IMG20260105102403.jpg,data/image/IMG20260105102403.jpg,data/labels/IMG20260105102403.txt,dd586aa2637d970f5100b0cde3228d166b5bb38b1bdb01e9a3ce16801d3301f4,a50b19f4374d9927,3072,4096,RGB,2026-01-05T10:24:03,2026:01:05 10:24:03,,OPPO,OPPO Find X6 Pro,,1,2,anthracnose,1,False
IMG20260105102406.jpg,data/image/IMG20260105102406.jpg,data/labels/IMG20260105102406.txt,e734a841faa02c4bcf10670dbe5b14838c453d5391110681a514ffe007e9f85d,89e365465a52db1e,3072,4096,RGB,2026-01-05T10:24:06,2026:01:05 10:24:06,,OPPO,OPPO Find X6 Pro,,2,2,anthracnose,1,False
IMG20260105102416.jpg,data/image/IMG20260105102416.jpg,data/labels/IMG20260105102416.txt,66fd1ba64b5cf7fb375c2e87ccb58e6e1472f859be284fa27970730c2a8f7ec1,dff5827eb031202e,3072,4096,RGB,2026-01-05T10:24:16,2026:01:05 10:24:16,,OPPO,OPPO Find X6 Pro,,2,2,anthracnose,1,False
IMG20260105102440.jpg,data/image/IMG20260105102440.jpg,data/labels/IMG20260105102440.txt,594ceea034016979aa040aad92c98b2a3c9d72dac1aadcc10844ac513acf067b,cc441ecfb6d960d2,3072,4096,RGB,2026-01-05T10:24:40,2026:01:05 10:24:40,,OPPO,OPPO Find X6 Pro,,4,2,anthracnose,1,False
IMG20260105102441.jpg,data/image/IMG20260105102441.jpg,data/labels/IMG20260105102441.txt,e4d081ba6061938461a0a273cf81333c8f10ae13885cd1c786d5bc6c9ec0218e,cc441ecda7df61c0,3072,4096,RGB,2026-01-05T10:24:41,2026:01:05 10:24:41,,OPPO,OPPO Find X6 Pro,,2,0;2,brown spot;anthracnose,2,True
IMG20260105102443.jpg,data/image/IMG20260105102443.jpg,data/labels/IMG20260105102443.txt,dcdfd86ba2ba600fadd4d87c2df7ef519f6ad11b6247bcad9bc49014d944bdef,81c55bed0c347e33,3072,4096,RGB,2026-01-05T10:24:43,2026:01:05 10:24:43,,OPPO,OPPO Find X6 Pro,,7,2,anthracnose,1,False
IMG20260105102449.jpg,data/image/IMG20260105102449.jpg,data/labels/IMG20260105102449.txt,56fb509ec47d9bc6b2b11e10248919f13e1a3cc83ab93c5568652ac659f1c1d2,e701e282a6aae76e,3072,4096,RGB,2026-01-05T10:24:49,2026:01:05 10:24:49,,OPPO,OPPO Find X6 Pro,,12,0;2,brown spot;anthracnose,2,True
IMG20260105102457.jpg,data/image/IMG20260105102457.jpg,data/labels/IMG20260105102457.txt,22b6e42c87a3944ee7ecf36f61ae934403edb3e15eaf846ff7c1394cbf5ad895,d98d70169f658c1e,3072,4096,RGB,2026-01-05T10:24:57,2026:01:05 10:24:57,,OPPO,OPPO Find X6 Pro,,2,2,anthracnose,1,False
IMG20260105102501.jpg,data/image/IMG20260105102501.jpg,data/labels/IMG20260105102501.txt,d2e48d3b40cc7d48eedecfd58248dd64595008b2c91274744fa8f7c7ae9dfcd1,9fc3a6d317234398,3072,4096,RGB,2026-01-05T10:25:01,2026:01:05 10:25:01,,OPPO,OPPO Find X6 Pro,,7,0;2,brown spot;anthracnose,2,True
IMG20260105102504.jpg,data/image/IMG20260105102504.jpg,data/labels/IMG20260105102504.txt,d9833c495ef8ee9071c07ee57995435a0d5b4dd182ef1aba88198dec4327a53a,f4cc2fd1b16ce049,3072,4096,RGB,2026-01-05T10:25:04,2026:01:05 10:25:04,,OPPO,OPPO Find X6 Pro,,2,2,anthracnose,1,False
IMG20260105102506.jpg,data/image/IMG20260105102506.jpg,data/labels/IMG20260105102506.txt,aa091a3d2d9899b131450a7e12e2565f5a6584c8326999732796ba5a9adec0a5,de70217f0662a6e5,3072,4096,RGB,2026-01-05T10:25:06,2026:01:05 10:25:06,,OPPO,OPPO Find X6 Pro,,2,2,anthracnose,1,False
IMG20260105102507.jpg,data/image/IMG20260105102507.jpg,data/labels/IMG20260105102507.txt,bd344f6b99f6ccfa43a7baa4d321e2841041111b19175b8e10a27b2a84685d90,ade2329a6190ed73,3072,4096,RGB,2026-01-05T10:25:07,2026:01:05 10:25:07,,OPPO,OPPO Find X6 Pro,,4,0;2,brown spot;anthracnose,2,True
IMG20260105102511.jpg,data/image/IMG20260105102511.jpg,data/labels/IMG20260105102511.txt,425a3980bf18c4b3f388efb3fbd8d033056db645c6e2792b4cfd93efa4749a08,ba8acb46c9a954ad,3072,4096,RGB,2026-01-05T10:25:11,2026:01:05 10:25:11,,OPPO,OPPO Find X6 Pro,,4,2,anthracnose,1,False
IMG20260105102513.jpg,data/image/IMG20260105102513.jpg,data/labels/IMG20260105102513.txt,19d11f144bdec9297220c2b53857cf23fb1b861d72ce25dd108aeb49d1667241,d8a626d2b29e0bdc,3072,4096,RGB,2026-01-05T10:25:13,2026:01:05 10:25:13,,OPPO,OPPO Find X6 Pro,,10,0;2,brown spot;anthracnose,2,True
IMG20260105102516.jpg,data/image/IMG20260105102516.jpg,data/labels/IMG20260105102516.txt,a9aa291ada583b5ce59ebf31dc75cd9f4a91b66dfa1d442990e83b7df851b768,c8c527cb9ade8b42,3072,4096,RGB,2026-01-05T10:25:16,2026:01:05 10:25:16,,OPPO,OPPO Find X6 Pro,,1,2,anthracnose,1,False
IMG20260105102520.jpg,data/image/IMG20260105102520.jpg,data/labels/IMG20260105102520.txt,b64ed25d0047535aaa82db02c3481366bdc670e5704e1d0f79868988e7e350f9,ec0818a25eecc5fe,3072,4096,RGB,2026-01-05T10:25:20,2026:01:05 10:25:20,,OPPO,OPPO Find X6 Pro,,5,0;2,brown spot;anthracnose,2,True
IMG20260105102522.jpg,data/image/IMG20260105102522.jpg,data/labels/IMG20260105102522.txt,21083ed5aa7943e487834702909c130657d67367b2a480d8d93ca76286be54c9,fa9bc4c8168abd26,3072,4096,RGB,2026-01-05T10:25:22,2026:01:05 10:25:22,,OPPO,OPPO Find X6 Pro,,1,0,brown spot,1,False
IMG20260105102540.jpg,data/image/IMG20260105102540.jpg,data/labels/IMG20260105102540.txt,217310d9551767fa64a22586a6cdb23b345109d65eb30ae191fbf9a1928bd214,9f1ddd49cae24942,3072,4096,RGB,2026-01-05T10:25:40,2026:01:05 10:25:40,,OPPO,OPPO Find X6 Pro,,1,2,anthracnose,1,False
IMG20260105102549.jpg,data/image/IMG20260105102549.jpg,data/labels/IMG20260105102549.txt,71dd1ed42209d19feb37e4fb53693f17d7524a613d36ed623420babd1c601e15,9d3def9984b68046,3072,4096,RGB,2026-01-05T10:25:49,2026:01:05 10:25:49,,OPPO,OPPO Find X6 Pro,,1,2,anthracnose,1,False
IMG20260105102551.jpg,data/image/IMG20260105102551.jpg,data/labels/IMG20260105102551.txt,bcb4342e9965b98c5a4be3465070efa9e22fe956386173a9a311279c901b9ed3,bb52c060eaef2d2c,3072,4096,RGB,2026-01-05T10:25:51,2026:01:05 10:25:51,,OPPO,OPPO Find X6 Pro,,1,2,anthracnose,1,False
IMG20260105102555.jpg,data/image/IMG20260105102555.jpg,data/labels/IMG20260105102555.txt,dc90def4a5a817b87bc4c29c29d433ff006a69132bde5f4be6eea9f215681320,9f85741c1f0dc6e8,3072,4096,RGB,2026-01-05T10:25:55,2026:01:05 10:25:55,,OPPO,OPPO Find X6 Pro,,1,0,brown spot,1,False
IMG20260105102609.jpg,data/image/IMG20260105102609.jpg,data/labels/IMG20260105102609.txt,b1ab7f3a774444ba223f1d6928860288f0865b0b7048f1652ca57317295f7eb6,86289197f6f7c05a,3072,4096,RGB,2026-01-05T10:26:09,2026:01:05 10:26:09,,OPPO,OPPO Find X6 Pro,,2,2,anthracnose,1,False
IMG20260105102611.jpg,data/image/IMG20260105102611.jpg,data/labels/IMG20260105102611.txt,c9f76bf6716febea2634d7c2af41fd26bb69ff2e0755243d43a21808a0b47d65,a965e3e34a9a02b7,3072,4096,RGB,2026-01-05T10:26:11,2026:01:05 10:26:11,,OPPO,OPPO Find X6 Pro,,1,2,anthracnose,1,False
IMG20260105102613.jpg,data/image/IMG20260105102613.jpg,data/labels/IMG20260105102613.txt,2c925e3a673c6c660660f7ea16036a7458a103e0b7a49268c1e728ce1c046a6d,bd349793d149fc80,3072,4096,RGB,2026-01-05T10:26:13,2026:01:05 10:26:13,,OPPO,OPPO Find X6 Pro,,2,2,anthracnose,1,False
IMG20260105102617.jpg,data/image/IMG20260105102617.jpg,data/labels/IMG20260105102617.txt,54cf1c714b8e1e3c585b6d213e08404a9b368829f73f6a9c3e2b24e8ddc44648,ac38b1f088ce9f93,3072,4096,RGB,2026-01-05T10:26:17,2026:01:05 10:26:17,,OPPO,OPPO Find X6 Pro,,1,2,anthracnose,1,False
IMG20260105102619.jpg,data/image/IMG20260105102619.jpg,data/labels/IMG20260105102619.txt,0ce7d6cfb8598a662c9c4b3ed835a8ad78482c72c729720a8b817ffd2afb085f,bd3db9420009e9fb,3072,4096,RGB,2026-01-05T10:26:19,2026:01:05 10:26:19,,OPPO,OPPO Find X6 Pro,,3,2,anthracnose,1,False
IMG20260105102623.jpg,data/image/IMG20260105102623.jpg,data/labels/IMG20260105102623.txt,8836c19e5e8b3ed4eacad94d98b3a3a48aa5e8c1dff4e00cc8046f6e4f02e19e,f91d3a69b4782a94,3072,4096,RGB,2026-01-05T10:26:23,2026:01:05 10:26:23,,OPPO,OPPO Find X6 Pro,,1,2,anthracnose,1,False
IMG20260105102646.jpg,data/image/IMG20260105102646.jpg,data/labels/IMG20260105102646.txt,4ee65901b3159d3d4facf5986a523349cd1f878e9a214e65dc83ed03eab495de,fd6181e2b807ef18,3072,4096,RGB,2026-01-05T10:26:46,2026:01:05 10:26:46,,OPPO,OPPO Find X6 Pro,,1,2,anthracnose,1,False
IMG20260105102654.jpg,data/image/IMG20260105102654.jpg,data/labels/IMG20260105102654.txt,3d1995907e76f94f8f656344ccfef92d5326bd488d4995535c8d2dd54f56e25b,af2f42c8f5c5e680,3072,4096,RGB,2026-01-05T10:26:54,2026:01:05 10:26:54,,OPPO,OPPO Find X6 Pro,,1,2,anthracnose,1,False
IMG20260105102657.jpg,data/image/IMG20260105102657.jpg,data/labels/IMG20260105102657.txt,19f53fa9278875dd2d83f08e2b204aff042b3d84742afa5e967a31fb949680cf,d730bb64cc2d436a,4096,3072,RGB,2026-01-05T10:26:57,2026:01:05 10:26:57,,OPPO,OPPO Find X6 Pro,,2,2,anthracnose,1,False
IMG20260105102701.jpg,data/image/IMG20260105102701.jpg,data/labels/IMG20260105102701.txt,1427f04b3b5ad134bd53bdac26ed2c52f1462942216b88bd2a4aa27ee0a4b4da,b45ed049cdbca632,4096,3072,RGB,2026-01-05T10:27:01,2026:01:05 10:27:01,,OPPO,OPPO Find X6 Pro,,2,2,anthracnose,1,False
IMG20260105102704.jpg,data/image/IMG20260105102704.jpg,data/labels/IMG20260105102704.txt,cb06cdec5d428d31c61e5e7e607a051e6ddb257d1a32f701d440c2677a9b5c8d,8cd8b20491fe5f55,3072,4096,RGB,2026-01-05T10:27:04,2026:01:05 10:27:04,,OPPO,OPPO Find X6 Pro,,4,0;1,brown spot;Leaf rust,2,True
IMG20260105102708.jpg,data/image/IMG20260105102708.jpg,data/labels/IMG20260105102708.txt,6d6f40c676881844894dce59c258fd3fe718ccef23d1eda1f14dafba2357da5e,97d1e04cf80fb8c3,3072,4096,RGB,2026-01-05T10:27:08,2026:01:05 10:27:08,,OPPO,OPPO Find X6 Pro,,1,2,anthracnose,1,False
IMG20260105102714.jpg,data/image/IMG20260105102714.jpg,data/labels/IMG20260105102714.txt,55f2466264560a75952f73f31678f23a8de67e384f25977b7492b754dd1d00c2,8761760b171fdb30,4096,3072,RGB,2026-01-05T10:27:14,2026:01:05 10:27:14,,OPPO,OPPO Find X6 Pro,,2,0,brown spot,1,False
IMG20260105102725.jpg,data/image/IMG20260105102725.jpg,data/labels/IMG20260105102725.txt,5b17710c120eeb46dc830ce8342063c4f90c1e36e7d036e299721556c64149e5,e76c3d05d45da131,4096,3072,RGB,2026-01-05T10:27:25,2026:01:05 10:27:25,,OPPO,OPPO Find X6 Pro,,6,0;1,brown spot;Leaf rust,2,True
IMG20260105102738.jpg,data/image/IMG20260105102738.jpg,data/labels/IMG20260105102738.txt,e55bb507dcf06857027a8c85584ed2d9830d2bb3b64a6346e86fc2416edfdc57,ed4f00f186bf94c4,3072,4096,RGB,2026-01-05T10:27:38,2026:01:05 10:27:38,,OPPO,OPPO Find X6 Pro,,1,2,anthracnose,1,False
IMG20260105102749.jpg,data/image/IMG20260105102749.jpg,data/labels/IMG20260105102749.txt,b67e5464ebc78a2a0265222123bd4605922718ae29775721613a8e680d23827e,fe0f9d14537119a1,3072,4096,RGB,2026-01-05T10:27:49,2026:01:05 10:27:49,,OPPO,OPPO Find X6 Pro,,2,2,anthracnose,1,False
IMG20260105102753.jpg,data/image/IMG20260105102753.jpg,data/labels/IMG20260105102753.txt,0b62f6776bc22c2308e8ec572a3912882cd1409221cdfdff9f30108dfac2ad56,9fdc7461470fe806,3072,4096,RGB,2026-01-05T10:27:53,2026:01:05 10:27:53,,OPPO,OPPO Find X6 Pro,,2,1;2,Leaf rust;anthracnose,2,True
IMG20260105102758.jpg,data/image/IMG20260105102758.jpg,data/labels/IMG20260105102758.txt,1e2cde13133c46cf9e5927c0044b2b3a018c2bd7f1839b5fb6dae825b077816a,ccc33b67ec3c0626,3072,4096,RGB,2026-01-05T10:27:58,2026:01:05 10:27:58,,OPPO,OPPO Find X6 Pro,,5,0;2,brown spot;anthracnose,2,True
IMG20260105102802.jpg,data/image/IMG20260105102802.jpg,data/labels/IMG20260105102802.txt,09ca10796cb23a183f66babf3f1aada6345dfdc113746b95946e1d7f6e0664ed,b97726218f6d2827,3072,4096,RGB,2026-01-05T10:28:02,2026:01:05 10:28:02,,OPPO,OPPO Find X6 Pro,,2,2,anthracnose,1,False
IMG20260105102815.jpg,data/image/IMG20260105102815.jpg,data/labels/IMG20260105102815.txt,6a92dbe616c37700bf9df72ff05da7124f7f008bf27cdeefee01600036cc45ab,b82172db6cec3607,3072,4096,RGB,2026-01-05T10:28:15,2026:01:05 10:28:15,,OPPO,OPPO Find X6 Pro,,1,3,Affected by leaf miner,1,False
IMG20260105102829.jpg,data/image/IMG20260105102829.jpg,data/labels/IMG20260105102829.txt,2bd577b8b47eec37ac4277aa7f7058e27a883c3dc86e973e83fde29edbec3c77,f1198e2f3f138961,3072,4096,RGB,2026-01-05T10:28:29,2026:01:05 10:28:29,,OPPO,OPPO Find X6 Pro,,2,3,Affected by leaf miner,1,False
IMG20260105102913.jpg,data/image/IMG20260105102913.jpg,data/labels/IMG20260105102913.txt,bd8ebf3f142e681b37e01bb7f58ee1c97c384d0b08f02c4de0771f3773c2a917,8e8895c72b239cfa,4096,3072,RGB,2026-01-05T10:29:13,2026:01:05 10:29:13,,OPPO,OPPO Find X6 Pro,,1,2,anthracnose,1,False
IMG20260105102916.jpg,data/image/IMG20260105102916.jpg,data/labels/IMG20260105102916.txt,b1f8a3ec6a8784e8dace6fcf1ccb5f032ecf3fdbe259ca1fc62628e64b014cf4,99486a6975c1aee6,3072,4096,RGB,2026-01-05T10:29:16,2026:01:05 10:29:16,,OPPO,OPPO Find X6 Pro,,1,2,anthracnose,1,False
IMG20260105102921.jpg,data/image/IMG20260105102921.jpg,data/labels/IMG20260105102921.txt,d873e61e133d7b0146c2f70ccf5d0c6e968a01789f18055ba80d183896722991,de6c69f0f1b31142,3072,4096,RGB,2026-01-05T10:29:21,2026:01:05 10:29:21,,OPPO,OPPO Find X6 Pro,,1,2,anthracnose,1,False
IMG20260105102928.jpg,data/image/IMG20260105102928.jpg,data/labels/IMG20260105102928.txt,3fc3f5de834f4bdec053b4a1b8aa5866ea87feb8bf808f52860c0b20acb6e182,d33d4e50870fab0d,3072,4096,RGB,2026-01-05T10:29:28,2026:01:05 10:29:28,,OPPO,OPPO Find X6 Pro,,1,2,anthracnose,1,False
IMG20260105102948.jpg,data/image/IMG20260105102948.jpg,data/labels/IMG20260105102948.txt,823f4d043a907a6a7e0439e6d5a729d2d426facd795906e7a9eecb6558e1c268,e96327524acf7342,3072,4096,RGB,2026-01-05T10:29:48,2026:01:05 10:29:48,,OPPO,OPPO Find X6 Pro,,1,2,anthracnose,1,False
IMG20260105102950.jpg,data/image/IMG20260105102950.jpg,data/labels/IMG20260105102950.txt,24a0c6a53c3c4f2f4f192080b8171f02460d091d5c022c3707d23fed1098a010,a1927637786d1d54,3072,4096,RGB,2026-01-05T10:29:50,2026:01:05 10:29:50,,OPPO,OPPO Find X6 Pro,,2,2,anthracnose,1,False
IMG20260105102952.jpg,data/image/IMG20260105102952.jpg,data/labels/IMG20260105102952.txt,f4ac96a57960eb7383bb1ac54060e585271eb82db050dcb45c12c3d74414dacb,8f0e6546f20f96c3,3072,4096,RGB,2026-01-05T10:29:52,2026:01:05 10:29:52,,OPPO,OPPO Find X6 Pro,,1,2,anthracnose,1,False
IMG20260105102959.jpg,data/image/IMG20260105102959.jpg,data/labels/IMG20260105102959.txt,51f580406f5530dcfd6ab2a5908a699841336a3ff3f741147907f71d66417d72,831b194b73c10fbd,3072,4096,RGB,2026-01-05T10:29:59,2026:01:05 10:29:59,,OPPO,OPPO Find X6 Pro,,1,3,Affected by leaf miner,1,False
IMG20260105103011.jpg,data/image/IMG20260105103011.jpg,data/labels/IMG20260105103011.txt,462c4ff2f33fea44f2b080934fd25e4eda2f569a31e295e2d5a1a6829bc012c8,ad24256b871866df,4096,3072,RGB,2026-01-05T10:30:11,2026:01:05 10:30:11,,OPPO,OPPO Find X6 Pro,,2,2,anthracnose,1,False
IMG20260105103025.jpg,data/image/IMG20260105103025.jpg,data/labels/IMG20260105103025.txt,e14027fd0e15fba35cea563aa92a242b2d5a6619edd6e620b255994da182acae,8714ea482efa7aa9,3072,4096,RGB,2026-01-05T10:30:25,2026:01:05 10:30:25,,OPPO,OPPO Find X6 Pro,,2,0,brown spot,1,False
IMG20260105103027.jpg,data/image/IMG20260105103027.jpg,data/labels/IMG20260105103027.txt,bb44d9b0872793cd17aee6003c9e4891368ad14adaec786dabcf53149feb43aa,dffeb428332a0923,3072,4096,RGB,2026-01-05T10:30:27,2026:01:05 10:30:27,,OPPO,OPPO Find X6 Pro,,1,0,brown spot,1,False
IMG20260105103030.jpg,data/image/IMG20260105103030.jpg,data/labels/IMG20260105103030.txt,ebab952e9b2b1a749eb2c1c02a8815286e988e54b79cae1b0e3491ffdf2a4b3c,8a2369537ec8f18d,3072,4096,RGB,2026-01-05T10:30:30,2026:01:05 10:30:30,,OPPO,OPPO Find X6 Pro,,1,1,Leaf rust,1,False
IMG20260105103035.jpg,data/image/IMG20260105103035.jpg,data/labels/IMG20260105103035.txt,a05b66381ca203dcd5b390573acf48e78ac7e5c458537da9387f75b3b106109f,c79eb17044e84f0f,3072,4096,RGB,2026-01-05T10:30:35,2026:01:05 10:30:35,,OPPO,OPPO Find X6 Pro,,2,1;2,Leaf rust;anthracnose,2,True
IMG20260105103046.jpg,data/image/IMG20260105103046.jpg,data/labels/IMG20260105103046.txt,917a0491ca42612784bd0f5e49ea5d265506ef71129a36f0871ab412239f89e7,87d0802f9a76f1ab,3072,4096,RGB,2026-01-05T10:30:46,2026:01:05 10:30:46,,OPPO,OPPO Find X6 Pro,,1,0,brown spot,1,False
IMG20260105103108.jpg,data/image/IMG20260105103108.jpg,data/labels/IMG20260105103108.txt,2ccc102ff0f45124a72eb581abeb0ba262c34e510fb184c7cf1362058622a58e,d85171595c546e67,3072,4096,RGB,2026-01-05T10:31:08,2026:01:05 10:31:08,,OPPO,OPPO Find X6 Pro,,1,0,brown spot,1,False
IMG20260105103120.jpg,data/image/IMG20260105103120.jpg,data/labels/IMG20260105103120.txt,b2102bd0821be2ba32dbd89f62e30b315f03bee8ce59b56c55b002fd5345fcb0,d5d02107fe275a4b,3072,4096,RGB,2026-01-05T10:31:20,2026:01:05 10:31:20,,OPPO,OPPO Find X6 Pro,,2,2,anthracnose,1,False
IMG20260105103122.jpg,data/image/IMG20260105103122.jpg,data/labels/IMG20260105103122.txt,cb407214165dbabb01e62eacdc89c270a583258dbb57edeecb4f935382cd78a6,cded251fd64023a9,3072,4096,RGB,2026-01-05T10:31:22,2026:01:05 10:31:22,,OPPO,OPPO Find X6 Pro,,1,2,anthracnose,1,False
IMG20260105103129.jpg,data/image/IMG20260105103129.jpg,data/labels/IMG20260105103129.txt,7772ac2bf55f9087f142c3c4fbf11257a9cc3da2a199dde74f43f79fe438e032,85f2f35709ab09d8,3072,4096,RGB,2026-01-05T10:31:29,2026:01:05 10:31:29,,OPPO,OPPO Find X6 Pro,,3,2,anthracnose,1,False
IMG20260105103152.jpg,data/image/IMG20260105103152.jpg,data/labels/IMG20260105103152.txt,307a9aa4643cd804f2c9ce712f230b12e571b0ac9857ecfeff04e597fef5165e,9b6a667493a0e15d,3072,4096,RGB,2026-01-05T10:31:52,2026:01:05 10:31:52,,OPPO,OPPO Find X6 Pro,,2,2,anthracnose,1,False
IMG20260105103204.jpg,data/image/IMG20260105103204.jpg,data/labels/IMG20260105103204.txt,42ba9802e5fe1cb0c62c412842adf1718f1b8f40f5bfe72af4b6d71bca127956,ba2f4656ccf72882,3072,4096,RGB,2026-01-05T10:32:04,2026:01:05 10:32:04,,OPPO,OPPO Find X6 Pro,,1,2,anthracnose,1,False
IMG20260105103208.jpg,data/image/IMG20260105103208.jpg,data/labels/IMG20260105103208.txt,292fbc632611c55de0444c521eef360565955bcbe97d4a106e30c6d92d2592c1,aaf88230e6b5e4b5,3072,4096,RGB,2026-01-05T10:32:08,2026:01:05 10:32:08,,OPPO,OPPO Find X6 Pro,,1,2,anthracnose,1,False
IMG20260105103215.jpg,data/image/IMG20260105103215.jpg,data/labels/IMG20260105103215.txt,4e9ce86d8746a1e1e520fd5dc8d039b3d1df52c59a0bb79ec4c77f1f220ab977,e67bc0d33348e383,4096,3072,RGB,2026-01-05T10:32:15,2026:01:05 10:32:15,,OPPO,OPPO Find X6 Pro,,1,2,anthracnose,1,False
IMG20260105103228.jpg,data/image/IMG20260105103228.jpg,data/labels/IMG20260105103228.txt,023cf07c47e9d1c2f833050e3a1563654e2d0b8d4b8a1d98cad304ea1f917fe8,8b3535c0575d96b2,3072,4096,RGB,2026-01-05T10:32:28,2026:01:05 10:32:28,,OPPO,OPPO Find X6 Pro,,4,0;2,brown spot;anthracnose,2,True
IMG20260105103232.jpg,data/image/IMG20260105103232.jpg,data/labels/IMG20260105103232.txt,6665548cf2a943a3c9b20513ee29e557d2254a7328d95f9d01e0c64cc80fdb8b,da5b2192c9e4962f,3072,4096,RGB,2026-01-05T10:32:32,2026:01:05 10:32:32,,OPPO,OPPO Find X6 Pro,,2,2,anthracnose,1,False
IMG20260105103238.jpg,data/image/IMG20260105103238.jpg,data/labels/IMG20260105103238.txt,82f1165e6e5e69356ed4d54172eede435832fe133c6c5aded226682966fa6c9a,bf3f832251f3a019,3072,4096,RGB,2026-01-05T10:32:38,2026:01:05 10:32:38,,OPPO,OPPO Find X6 Pro,,2,2,anthracnose,1,False
IMG20260105103243.jpg,data/image/IMG20260105103243.jpg,data/labels/IMG20260105103243.txt,fdc2838a8849da733ba7bc11b0e924a91b920e11ab8d08ee996d121b5797f5af,c303c18e1f9ae83f,3072,4096,RGB,2026-01-05T10:32:43,2026:01:05 10:32:43,,OPPO,OPPO Find X6 Pro,,1,2,anthracnose,1,False
IMG20260105104824.jpg,data/image/IMG20260105104824.jpg,data/labels/IMG20260105104824.txt,70a1a8d36df46876eb657ca3699fc0629157be258b2b7917514890f10ac8b8a6,b758e32873067b83,3072,4096,RGB,2026-01-05T10:48:24,2026:01:05 10:48:24,,OPPO,OPPO Find X6 Pro,,2,2,anthracnose,1,False
IMG20260105104831.jpg,data/image/IMG20260105104831.jpg,data/labels/IMG20260105104831.txt,0d08304c209ae2c77caf4f3362f35af3e8e1908ac6769060df9be92a65cafd60,e4f8941d93c67e44,3072,4096,RGB,2026-01-05T10:48:31,2026:01:05 10:48:31,,OPPO,OPPO Find X6 Pro,,1,2,anthracnose,1,False
IMG20260105104838.jpg,data/image/IMG20260105104838.jpg,data/labels/IMG20260105104838.txt,822726ecc80780b096222840faa14725f70beaccc81b72381ff49716e23e2ba2,a61e87f70fc0580f,3072,4096,RGB,2026-01-05T10:48:38,2026:01:05 10:48:38,,OPPO,OPPO Find X6 Pro,,1,2,anthracnose,1,False
IMG20260105104841.jpg,data/image/IMG20260105104841.jpg,data/labels/IMG20260105104841.txt,7cf0a7777b51a8e6c671d3dc0ad38c507e1ec0471b29a8d1ce3d521c014cd6c5,ed6f3099594e826a,3072,4096,RGB,2026-01-05T10:48:41,2026:01:05 10:48:41,,OPPO,OPPO Find X6 Pro,,2,2,anthracnose,1,False
IMG20260105104843.jpg,data/image/IMG20260105104843.jpg,data/labels/IMG20260105104843.txt,e21c46f468e0551624a7bf5c99c8edc2e821b690df4c99488a09c5cc619c848d,e1e53cc23dc59594,3072,4096,RGB,2026-01-05T10:48:43,2026:01:05 10:48:43,,OPPO,OPPO Find X6 Pro,,4,2,anthracnose,1,False
IMG20260105104849.jpg,data/image/IMG20260105104849.jpg,data/labels/IMG20260105104849.txt,9a2cfde542fa404166d79a7a9aa5d2fe2eaa30a8e02f85d5058e4afc7ec595d3,c1b42e135e7d427c,3072,4096,RGB,2026-01-05T10:48:49,2026:01:05 10:48:49,,OPPO,OPPO Find X6 Pro,,2,2,anthracnose,1,False
IMG20260105104858.jpg,data/image/IMG20260105104858.jpg,data/labels/IMG20260105104858.txt,834042b2263a9c58f460abce881c2a0e62efe780d2a2d446761d5233b15df059,996022f0bef79a85,4096,3072,RGB,2026-01-05T10:48:58,2026:01:05 10:48:58,,OPPO,OPPO Find X6 Pro,,1,2,anthracnose,1,False
IMG20260105104904.jpg,data/image/IMG20260105104904.jpg,data/labels/IMG20260105104904.txt,9953dbff0bbeaecfe50ecb07304ca9fcb4d4b9abb0d5798948a72c0313bc6ae0,831c6e23b8425ff9,3072,4096,RGB,2026-01-05T10:49:04,2026:01:05 10:49:04,,OPPO,OPPO Find X6 Pro,,1,0,brown spot,1,False
IMG20260105104906.jpg,data/image/IMG20260105104906.jpg,data/labels/IMG20260105104906.txt,ffe84cce3e6a13c88bf18e07df0f90883dd5f939b084146bf04fbd8b421c5d0d,d95b06203f1768e7,3072,4096,RGB,2026-01-05T10:49:06,2026:01:05 10:49:06,,OPPO,OPPO Find X6 Pro,,1,2,anthracnose,1,False
IMG20260105104911.jpg,data/image/IMG20260105104911.jpg,data/labels/IMG20260105104911.txt,18acd5d6de3e8e620e54b075747999776b2409519888fa0ae3dcce69f15a7086,8513873dfcd03b43,3072,4096,RGB,2026-01-05T10:49:11,2026:01:05 10:49:11,,OPPO,OPPO Find X6 Pro,,2,2,anthracnose,1,False
IMG20260105104924.jpg,data/image/IMG20260105104924.jpg,data/labels/IMG20260105104924.txt,e5b88ce0dc1630cf4b649a14a9bb88ea56d6feb330da0ecd4383fdf6f8233c6a,894dfc17831bd1c3,3072,4096,RGB,2026-01-05T10:49:24,2026:01:05 10:49:24,,OPPO,OPPO Find X6 Pro,,1,2,anthracnose,1,False
IMG20260105104927.jpg,data/image/IMG20260105104927.jpg,data/labels/IMG20260105104927.txt,4fd3b88ba4f15b245824400f91270e81ad57f98707288857c841e66d50245c4a,ad2d3531dc38e81d,3072,4096,RGB,2026-01-05T10:49:27,2026:01:05 10:49:27,,OPPO,OPPO Find X6 Pro,,3,2,anthracnose,1,False
IMG20260105104931.jpg,data/image/IMG20260105104931.jpg,data/labels/IMG20260105104931.txt,1ff5809a6c299b64bab4e4c2f5e690a4fd80ba0bcf2c0083fb370284c10821f0,9d67c3eba931e202,3072,4096,RGB,2026-01-05T10:49:31,2026:01:05 10:49:31,,OPPO,OPPO Find X6 Pro,,3,0;2,brown spot;anthracnose,2,True
IMG20260105104936.jpg,data/image/IMG20260105104936.jpg,data/labels/IMG20260105104936.txt,343bb42d96ac383eeaa5c9a79ae770ab8d477be667468132445051be0afab1f1,82686d07c73afae4,3072,4096,RGB,2026-01-05T10:49:36,2026:01:05 10:49:36,,OPPO,OPPO Find X6 Pro,,2,2,anthracnose,1,False
IMG20260105104939.jpg,data/image/IMG20260105104939.jpg,data/labels/IMG20260105104939.txt,0b50377d496aa151aa4bde156c0979d23d8315f429cb6bc34b537cfa4bf8ccbb,a8fa36e1f047813e,3072,4096,RGB,2026-01-05T10:49:39,2026:01:05 10:49:39,,OPPO,OPPO Find X6 Pro,,1,2,anthracnose,1,False
IMG20260105104945.jpg,data/image/IMG20260105104945.jpg,data/labels/IMG20260105104945.txt,68418e0bf257f7eb762b02ecd4c84428001ada9ab38d1f9a4cfc20ec3618ce40,93cd9935694e2c3a,3072,4096,RGB,2026-01-05T10:49:45,2026:01:05 10:49:45,,OPPO,OPPO Find X6 Pro,,2,2,anthracnose,1,False
IMG20260105104954.jpg,data/image/IMG20260105104954.jpg,data/labels/IMG20260105104954.txt,e91221aa41c8829a9a0d3284dc54d042aa69fb371c90abd2147269e844983c7b,8e6e43a1f9b18dc4,3072,4096,RGB,2026-01-05T10:49:54,2026:01:05 10:49:54,,OPPO,OPPO Find X6 Pro,,1,2,anthracnose,1,False
IMG20260105104959.jpg,data/image/IMG20260105104959.jpg,data/labels/IMG20260105104959.txt,483d7d1e3eeb0f42aaa63763b3290870e697bf1df972add68449f1e9687ec631,ad7386aeca88ed09,3072,4096,RGB,2026-01-05T10:49:59,2026:01:05 10:49:59,,OPPO,OPPO Find X6 Pro,,1,2,anthracnose,1,False
IMG20260105105007.jpg,data/image/IMG20260105105007.jpg,data/labels/IMG20260105105007.txt,b9995aca813754ce90bf8e4f87535f4ee3408ce724545de128c80dec52efaa03,803ee60b6e4c76f8,3072,4096,RGB,2026-01-05T10:50:07,2026:01:05 10:50:07,,OPPO,OPPO Find X6 Pro,,2,2,anthracnose,1,False
IMG20260105105010.jpg,data/image/IMG20260105105010.jpg,data/labels/IMG20260105105010.txt,0b2fd58cdc88c504709b978a549c54faabac981552b75b792da66cd9bd2d9071,ac28784d2f3fa4b4,3072,4096,RGB,2026-01-05T10:50:10,2026:01:05 10:50:10,,OPPO,OPPO Find X6 Pro,,2,2,anthracnose,1,False
IMG20260105105013.jpg,data/image/IMG20260105105013.jpg,data/labels/IMG20260105105013.txt,b1f429d0fe55b6eab4f484374ffe96797b44372a0e0b70c8468bfb05a1f6b8a2,f97d222f35401adc,3072,4096,RGB,2026-01-05T10:50:13,2026:01:05 10:50:13,,OPPO,OPPO Find X6 Pro,,4,2,anthracnose,1,False
IMG20260105105017.jpg,data/image/IMG20260105105017.jpg,data/labels/IMG20260105105017.txt,b2df1e83852baafa252c675ca6d67bb3a39c1609e9fb7cb425983020e9bc82dc,bb61fe0027f168e1,3072,4096,RGB,2026-01-05T10:50:17,2026:01:05 10:50:17,,OPPO,OPPO Find X6 Pro,,1,2,anthracnose,1,False
IMG20260105105018.jpg,data/image/IMG20260105105018.jpg,data/labels/IMG20260105105018.txt,4c918a9a54cba52a275fc56bdee6e7cc865356d9da29d38b9f6dc62838f831b8,e07d5b1b6cf3802c,3072,4096,RGB,2026-01-05T10:50:18,2026:01:05 10:50:18,,OPPO,OPPO Find X6 Pro,,1,2,anthracnose,1,False
IMG20260105105024.jpg,data/image/IMG20260105105024.jpg,data/labels/IMG20260105105024.txt,b8ae20c5677f79fc4ea95c59a03d2ce82e7484c6e84d7218e45d27045677ebe3,aa6c972c9aa3abe0,3072,4096,RGB,2026-01-05T10:50:24,2026:01:05 10:50:24,,OPPO,OPPO Find X6 Pro,,2,2,anthracnose,1,False
IMG20260105105027.jpg,data/image/IMG20260105105027.jpg,data/labels/IMG20260105105027.txt,9f785f3f5fe7c699db169abcd746e8644ce875a8920f79a6212d0ad9204d231b,ab2c857db43a4ae1,3072,4096,RGB,2026-01-05T10:50:27,2026:01:05 10:50:27,,OPPO,OPPO Find X6 Pro,,1,2,anthracnose,1,False
IMG20260105105031.jpg,data/image/IMG20260105105031.jpg,data/labels/IMG20260105105031.txt,1c1b9bf15f94625740b8eacf0186352f2fd4e9a32b27f5646e19b3e5f3216e74,990bb234c41ead7d,3072,4096,RGB,2026-01-05T10:50:31,2026:01:05 10:50:31,,OPPO,OPPO Find X6 Pro,,1,2,anthracnose,1,False
IMG20260105105036.jpg,data/image/IMG20260105105036.jpg,data/labels/IMG20260105105036.txt,90d81d8f7b9de079c3c3371e9503f2309f6f1fe2c160dfdd6a1c5e43fae0dc67,ba7bd6e0c0629a63,3072,4096,RGB,2026-01-05T10:50:36,2026:01:05 10:50:36,,OPPO,OPPO Find X6 Pro,,1,2,anthracnose,1,False
IMG20260105105041.jpg,data/image/IMG20260105105041.jpg,data/labels/IMG20260105105041.txt,49d16231c2d45942a5028eae75b6f1828240f258eda40aab7da8ec61223f0725,8307535e68e1f89e,3072,4096,RGB,2026-01-05T10:50:41,2026:01:05 10:50:41,,OPPO,OPPO Find X6 Pro,,1,2,anthracnose,1,False
IMG20260105105044.jpg,data/image/IMG20260105105044.jpg,data/labels/IMG20260105105044.txt,e396b38c5e9b821be9088cb0e1dc8c2e62efa5525d8a2543bf44fb45abbc7a9f,8e58490eab21cfb7,3072,4096,RGB,2026-01-05T10:50:44,2026:01:05 10:50:44,,OPPO,OPPO Find X6 Pro,,1,2,anthracnose,1,False
IMG20260105105219.jpg,data/image/IMG20260105105219.jpg,data/labels/IMG20260105105219.txt,a56f5647773a637c4dd538a16bf6168b2a4f9c7ca45ef78b02aa6b5738e321f7,ac477247f5a16e11,3072,4096,RGB,2026-01-05T10:52:19,2026:01:05 10:52:19,,OPPO,OPPO Find X6 Pro,,1,2,anthracnose,1,False
IMG20260105105226.jpg,data/image/IMG20260105105226.jpg,data/labels/IMG20260105105226.txt,4ad86b9a6447961b4b5a5b6947c6c2cb0cb3c8823a9e07d76515d49eca68e51c,d17f04709f08fea2,3072,4096,RGB,2026-01-05T10:52:26,2026:01:05 10:52:26,,OPPO,OPPO Find X6 Pro,,3,2,anthracnose,1,False
IMG20260105105230.jpg,data/image/IMG20260105105230.jpg,data/labels/IMG20260105105230.txt,980aed6ed7ee13ad85d1daea0135560e291b436695cd1e42b3bb646d39ce6273,f955641bcb096c35,3072,4096,RGB,2026-01-05T10:52:30,2026:01:05 10:52:30,,OPPO,OPPO Find X6 Pro,,1,2,anthracnose,1,False
IMG20260105105236.jpg,data/image/IMG20260105105236.jpg,data/labels/IMG20260105105236.txt,58fd52f81e610db7578cfdddcc10dcce3181ebf9e76904276448fce5c26c82c1,8a8b27f2c7333133,4096,3072,RGB,2026-01-05T10:52:36,2026:01:05 10:52:36,,OPPO,OPPO Find X6 Pro,,1,2,anthracnose,1,False
IMG20260105105305.jpg,data/image/IMG20260105105305.jpg,data/labels/IMG20260105105305.txt,eb9f52560c3c8353727af208425179105df7314086e91cb6c35b8a857156d3c6,bb399aa348ccdc13,3072,4096,RGB,2026-01-05T10:53:05,2026:01:05 10:53:05,,OPPO,OPPO Find X6 Pro,,1,3,Affected by leaf miner,1,False
IMG20260105105310.jpg,data/image/IMG20260105105310.jpg,data/labels/IMG20260105105310.txt,9ac882f5da0a9c128e0d71af54538b1ea3e552d5b37ef9cd0e983ffc69fae1fb,f1163f3c31f031a5,3072,4096,RGB,2026-01-05T10:53:10,2026:01:05 10:53:10,,OPPO,OPPO Find X6 Pro,,1,3,Affected by leaf miner,1,False
IMG20260105105348.jpg,data/image/IMG20260105105348.jpg,data/labels/IMG20260105105348.txt,19194f025674735613c97f78a7271fa0736a6a8b569683981ea15977fbff2c6c,b86be290ec94b1e6,3072,4096,RGB,2026-01-05T10:53:48,2026:01:05 10:53:48,,OPPO,OPPO Find X6 Pro,,1,2,anthracnose,1,False
IMG20260105105353.jpg,data/image/IMG20260105105353.jpg,data/labels/IMG20260105105353.txt,a917f0b9350cca23979bd8b6aead723b98c92a52da5c52f40d00e21b3f4c897a,b8e63718e067e994,3072,4096,RGB,2026-01-05T10:53:53,2026:01:05 10:53:53,,OPPO,OPPO Find X6 Pro,,1,2,anthracnose,1,False
IMG20260105105356.jpg,data/image/IMG20260105105356.jpg,data/labels/IMG20260105105356.txt,02a1181fb17b80851f9a52e5ed15746c121bb6229f92a413540cadf1346693ce,dd7f36680962a51c,3072,4096,RGB,2026-01-05T10:53:56,2026:01:05 10:53:56,,OPPO,OPPO Find X6 Pro,,1,2,anthracnose,1,False
IMG20260105105420.jpg,data/image/IMG20260105105420.jpg,data/labels/IMG20260105105420.txt,ee143b39b17e3ab5efef177fcba68fbde416c0d41ae48d0a5a9778c9ce5b3719,8e5e79786361c6c4,4096,3072,RGB,2026-01-05T10:54:20,2026:01:05 10:54:20,,OPPO,OPPO Find X6 Pro,,1,3,Affected by leaf miner,1,False
IMG20260105105424.jpg,data/image/IMG20260105105424.jpg,data/labels/IMG20260105105424.txt,43cbcadf4ddb9cd21492bae03638fb8d1a96f4ad1e0d396d6bf890170bb3e3a0,ae07996cc8bcc783,3072,4096,RGB,2026-01-05T10:54:24,2026:01:05 10:54:24,,OPPO,OPPO Find X6 Pro,,3,2;3,anthracnose;Affected by leaf miner,2,True
IMG20260105105427.jpg,data/image/IMG20260105105427.jpg,data/labels/IMG20260105105427.txt,3276abf4b6685938b67715ce01a7df40b3ece56e85e5903353a61f240f901a40,d14a75696d21ab66,3072,4096,RGB,2026-01-05T10:54:27,2026:01:05 10:54:27,,OPPO,OPPO Find X6 Pro,,1,3,Affected by leaf miner,1,False
IMG20260105105437.jpg,data/image/IMG20260105105437.jpg,data/labels/IMG20260105105437.txt,f31df71ad275786c0dffe626886e6e27c18ebaccae385989aec811f461097321,853449665d573e9a,3072,4096,RGB,2026-01-05T10:54:37,2026:01:05 10:54:37,,OPPO,OPPO Find X6 Pro,,1,2,anthracnose,1,False
IMG20260105105447.jpg,data/image/IMG20260105105447.jpg,data/labels/IMG20260105105447.txt,a76402475178c7c5162d8c76c805710f1f0eea3d204785a984dd8e30ab172fd7,837bac707483b0fc,3072,4096,RGB,2026-01-05T10:54:47,2026:01:05 10:54:47,,OPPO,OPPO Find X6 Pro,,1,2,anthracnose,1,False
IMG20260105105501.jpg,data/image/IMG20260105105501.jpg,data/labels/IMG20260105105501.txt,f102268cf2cdfd9aecca40be617c4b6c053d549ae2dfb2a1abbe166517e23690,a3cc2e5661e1ac4f,3072,4096,RGB,2026-01-05T10:55:01,2026:01:05 10:55:01,,OPPO,OPPO Find X6 Pro,,1,3,Affected by leaf miner,1,False
IMG20260105105524.jpg,data/image/IMG20260105105524.jpg,data/labels/IMG20260105105524.txt,cf29eb25437b250a127bef6e3849a2dd11b45bdcbd24dcc01d8dca3a80ace739,9c9be468129da2bd,3072,4096,RGB,2026-01-05T10:55:24,2026:01:05 10:55:24,,OPPO,OPPO Find X6 Pro,,3,0;2,brown spot;anthracnose,2,True
IMG20260105105536.jpg,data/image/IMG20260105105536.jpg,data/labels/IMG20260105105536.txt,57a47c3a0cf47cd725e7982eab37b6483bcff74ccf9df5a4fd8386555a090b5b,8513627c4f926aed,3072,4096,RGB,2026-01-05T10:55:36,2026:01:05 10:55:36,,OPPO,OPPO Find X6 Pro,,1,2,anthracnose,1,False
IMG20260105105626.jpg,data/image/IMG20260105105626.jpg,data/labels/IMG20260105105626.txt,fcb9f688e3b6a4ad59d5b454f7d3ad451a0a850c0b52d894bf0d9e2998cedde8,c954761d0a2f9c67,3072,4096,RGB,2026-01-05T10:56:26,2026:01:05 10:56:26,,OPPO,OPPO Find X6 Pro,,1,3,Affected by leaf miner,1,False
IMG20260105105836.jpg,data/image/IMG20260105105836.jpg,data/labels/IMG20260105105836.txt,9bd6379d74a290426935adb9311834fc345652427b12d402d522e3f536c47a7e,8282e519dc7e1b6d,3072,4096,RGB,2026-01-05T10:58:36,2026:01:05 10:58:36,,OPPO,OPPO Find X6 Pro,,4,0;2,brown spot;anthracnose,2,True
IMG20260105105839.jpg,data/image/IMG20260105105839.jpg,data/labels/IMG20260105105839.txt,4b54e1948f64e1104f51619eafa1e872b522c9c9d3db32d8161afe0ba3306fae,8ed0291d52f639a7,3072,4096,RGB,2026-01-05T10:58:39,2026:01:05 10:58:39,,OPPO,OPPO Find X6 Pro,,4,0;2,brown spot;anthracnose,2,True
IMG20260105105841.jpg,data/image/IMG20260105105841.jpg,data/labels/IMG20260105105841.txt,853eb6ff80cf93877a95b3ded429c701f17af2a714af611eab618f474ebb75b6,95323217552f2afa,3072,4096,RGB,2026-01-05T10:58:41,2026:01:05 10:58:41,,OPPO,OPPO Find X6 Pro,,2,0,brown spot,1,False
IMG20260105105843.jpg,data/image/IMG20260105105843.jpg,data/labels/IMG20260105105843.txt,23a9d7c3ebb3321200fb7190670ca7c72b8c3c5204cb5c5bed28fb3ebc9e0243,896469ca39ad2e3d,3072,4096,RGB,2026-01-05T10:58:43,2026:01:05 10:58:43,,OPPO,OPPO Find X6 Pro,,3,0,brown spot,1,False
IMG20260105105844.jpg,data/image/IMG20260105105844.jpg,data/labels/IMG20260105105844.txt,2b8eaae5cce53e471ea8a5340e4d2f9b478b4a156f8add6ff3b54406e7fbe362,8d62719d4addca8a,3072,4096,RGB,2026-01-05T10:58:44,2026:01:05 10:58:44,,OPPO,OPPO Find X6 Pro,,2,2,anthracnose,1,False
IMG20260105105846.jpg,data/image/IMG20260105105846.jpg,data/labels/IMG20260105105846.txt,d1368029b0dd69ff17db1052ce9b4f8b194e78f4a01f45dd8296bc5c39ea8f18,ceade19554f27190,3072,4096,RGB,2026-01-05T10:58:46,2026:01:05 10:58:46,,OPPO,OPPO Find X6 Pro,,1,2,anthracnose,1,False
IMG20260105110657.jpg,data/image/IMG20260105110657.jpg,data/labels/IMG20260105110657.txt,8e9b68eb89573241db833a9632d491c4328a5c514365d0033922d004c4c0cc10,c3367c3a99608e67,3072,4096,RGB,2026-01-05T11:06:57,2026:01:05 11:06:57,,OPPO,OPPO Find X6 Pro,,2,2,anthracnose,1,False
IMG20260105110710.jpg,data/image/IMG20260105110710.jpg,data/labels/IMG20260105110710.txt,f0f3cccc84245f9994cb6f86d432957258f00ef7d205a9707e7f9afc9071dc68,991d77491ba5f106,3072,4096,RGB,2026-01-05T11:07:10,2026:01:05 11:07:10,,OPPO,OPPO Find X6 Pro,,1,2,anthracnose,1,False
IMG20260105110712.jpg,data/image/IMG20260105110712.jpg,data/labels/IMG20260105110712.txt,305904912e4cee5c181b2a3ecf0edbfda70c3fdf8e67040e17f5beb08fdc5dd8,ace0120e83dddde5,3072,4096,RGB,2026-01-05T11:07:12,2026:01:05 11:07:12,,OPPO,OPPO Find X6 Pro,,2,0,brown spot,1,False
IMG20260105110726.jpg,data/image/IMG20260105110726.jpg,data/labels/IMG20260105110726.txt,cd9bbd536a2d1ad3280ed53d04dfb6b788eb4c546124157b6a34f10c9177a08b,dbb10bd2c10a4b3f,3072,4096,RGB,2026-01-05T11:07:26,2026:01:05 11:07:26,,OPPO,OPPO Find X6 Pro,,1,2,anthracnose,1,False
IMG20260105110728.jpg,data/image/IMG20260105110728.jpg,data/labels/IMG20260105110728.txt,7697c76310f95398a9bf7bbb24938d9206e0d604f8e99560c66186d839ade510,84ee3b959b515269,3072,4096,RGB,2026-01-05T11:07:28,2026:01:05 11:07:28,,OPPO,OPPO Find X6 Pro,,1,2,anthracnose,1,False
IMG20260105110728_01.jpg,data/image/IMG20260105110728_01.jpg,data/labels/IMG20260105110728_01.txt,564654731efce085f0011bcc8b41f3676f819b9c20272808145ffadc20036b4b,972f5c5a2c33253a,3072,4096,RGB,2026-01-05T11:07:28,2026:01:05 11:07:28,,OPPO,OPPO Find X6 Pro,,1,2,anthracnose,1,False
IMG20260105110734.jpg,data/image/IMG20260105110734.jpg,data/labels/IMG20260105110734.txt,ce0c0b04560c1f49ea42ab3ab6f3be53f898c3b54c107c69a8bc72a1d904925e,912d35cccb1a63b5,4096,3072,RGB,2026-01-05T11:07:34,2026:01:05 11:07:34,,OPPO,OPPO Find X6 Pro,,1,2,anthracnose,1,False
IMG20260105110738.jpg,data/image/IMG20260105110738.jpg,data/labels/IMG20260105110738.txt,ceb71e82344f6fe3f08aa4cc8fc498a178a268f897f076a22c97ffcfb5a55992,9156717b274ec88d,4096,3072,RGB,2026-01-05T11:07:38,2026:01:05 11:07:38,,OPPO,OPPO Find X6 Pro,,1,2,anthracnose,1,False
IMG20260105110740.jpg,data/image/IMG20260105110740.jpg,data/labels/IMG20260105110740.txt,b184b7fedb405257ed6aa6b24a1f2832dfc20b058afe279ef1f8993d57cf6ffc,e936ea092ecfe058,3072,4096,RGB,2026-01-05T11:07:40,2026:01:05 11:07:40,,OPPO,OPPO Find X6 Pro,,1,2,anthracnose,1,False
IMG20260105110744.jpg,data/image/IMG20260105110744.jpg,data/labels/IMG20260105110744.txt,982f4db29a566d88e26169821c07602ce2573742e473451a1576b44b0a1d9896,9a6f609da218de33,3072,4096,RGB,2026-01-05T11:07:44,2026:01:05 11:07:44,,OPPO,OPPO Find X6 Pro,,3,1;2,Leaf rust;anthracnose,2,True
IMG20260105110746.jpg,data/image/IMG20260105110746.jpg,data/labels/IMG20260105110746.txt,40e456b8dd4bb3cdfac22e2b14e3c9b134988303cb363abcb8c1d61e2cf6ae65,d9ea0657368dc16c,3072,4096,RGB,2026-01-05T11:07:46,2026:01:05 11:07:46,,OPPO,OPPO Find X6 Pro,,1,1,Leaf rust,1,False
IMG20260105110747.jpg,data/image/IMG20260105110747.jpg,data/labels/IMG20260105110747.txt,82cfb390462ae8efc85e8a69524c096d41fb86c1eb6b11b694e650c26aa34973,9abc7ca5705193d1,3072,4096,RGB,2026-01-05T11:07:47,2026:01:05 11:07:47,,OPPO,OPPO Find X6 Pro,,1,1,Leaf rust,1,False
IMG20260105110750.jpg,data/image/IMG20260105110750.jpg,data/labels/IMG20260105110750.txt,9065ef58cd2814fadf5869b668ba4045df08f16a121a57d482a897ba0f663c17,912e911f3e09f8ba,3072,4096,RGB,2026-01-05T11:07:50,2026:01:05 11:07:50,,OPPO,OPPO Find X6 Pro,,2,1;2,Leaf rust;anthracnose,2,True
IMG20260105110754.jpg,data/image/IMG20260105110754.jpg,data/labels/IMG20260105110754.txt,4da6fcf6d503ba0a41020f282affc5e74867e6a9a63ba9b4ba93e0353093e71e,c4e4024cd87fdad3,4096,3072,RGB,2026-01-05T11:07:54,2026:01:05 11:07:54,,OPPO,OPPO Find X6 Pro,,2,0;2,brown spot;anthracnose,2,True
IMG20260105110756.jpg,data/image/IMG20260105110756.jpg,data/labels/IMG20260105110756.txt,761c9916aa0cf392f8a1a35a80aed260697260d434c634325217bf3ebfc57476,db1b49f402f57aa0,3072,4096,RGB,2026-01-05T11:07:56,2026:01:05 11:07:56,,OPPO,OPPO Find X6 Pro,,3,0,brown spot,1,False
IMG20260105110800.jpg,data/image/IMG20260105110800.jpg,data/labels/IMG20260105110800.txt,a88494f61bce31ae77169ab2b2504ecacaabf9d77d21d7b72e000076391a1819,df1c70749e4319e4,3072,4096,RGB,2026-01-05T11:08:00,2026:01:05 11:08:00,,OPPO,OPPO Find X6 Pro,,1,2,anthracnose,1,False
IMG20260105110805.jpg,data/image/IMG20260105110805.jpg,data/labels/IMG20260105110805.txt,afe30d5c00448b6feee16ee10bdde660a8aae71e3f107b730e9304743e352442,9711f089c7fea522,3072,4096,RGB,2026-01-05T11:08:05,2026:01:05 11:08:05,,OPPO,OPPO Find X6 Pro,,1,0,brown spot,1,False
IMG20260105110809.jpg,data/image/IMG20260105110809.jpg,data/labels/IMG20260105110809.txt,2757f675f2ef2e05b747c13aabc3e272d2c07a8023413608647f537320e0fc8e,8f0c7668ae926cc7,3072,4096,RGB,2026-01-05T11:08:09,2026:01:05 11:08:09,,OPPO,OPPO Find X6 Pro,,1,0,brown spot,1,False
IMG20260105110817.jpg,data/image/IMG20260105110817.jpg,data/labels/IMG20260105110817.txt,49b18c759c2b6a7487c33b264c6339439c4866cd8b2181c2b7dcb42971493c73,9419775b946b62cc,3072,4096,RGB,2026-01-05T11:08:17,2026:01:05 11:08:17,,OPPO,OPPO Find X6 Pro,,3,2,anthracnose,1,False
IMG20260105110821.jpg,data/image/IMG20260105110821.jpg,data/labels/IMG20260105110821.txt,f20db50b95a4fe04e60c3e088615acedc2a03819f63ef44e1c5168b483eca5f7,d96e670ca238d372,3072,4096,RGB,2026-01-05T11:08:21,2026:01:05 11:08:21,,OPPO,OPPO Find X6 Pro,,1,2,anthracnose,1,False
IMG20260105110834.jpg,data/image/IMG20260105110834.jpg,data/labels/IMG20260105110834.txt,8d5513ccde15f4de0582e07bfc93c93fd5c7a5e1c19ebd695cc1d18f8ef36c12,c5c23238b2c7ddd4,3072,4096,RGB,2026-01-05T11:08:34,2026:01:05 11:08:34,,OPPO,OPPO Find X6 Pro,,1,2,anthracnose,1,False
IMG20260105110837.jpg,data/image/IMG20260105110837.jpg,data/labels/IMG20260105110837.txt,f12ef38b620dd535347f7163f9e695b929579b367365910514c49a8520d3f83c,dc3c36c08d653a9b,4096,3072,RGB,2026-01-05T11:08:37,2026:01:05 11:08:37,,OPPO,OPPO Find X6 Pro,,1,2,anthracnose,1,False
IMG20260105110844.jpg,data/image/IMG20260105110844.jpg,data/labels/IMG20260105110844.txt,1dee88a9b49bc266fea02fca52f4e309aca47df4b417f122ac56e8a76b30ecbe,8cd73796595a505a,3072,4096,RGB,2026-01-05T11:08:44,2026:01:05 11:08:44,,OPPO,OPPO Find X6 Pro,,1,2,anthracnose,1,False
IMG20260105110846.jpg,data/image/IMG20260105110846.jpg,data/labels/IMG20260105110846.txt,a47a9742d834987f2f0b47ae5008bd014ad221ada44bcced4e23eb04a726af1b,8d3c721f0b628ae7,3072,4096,RGB,2026-01-05T11:08:46,2026:01:05 11:08:46,,OPPO,OPPO Find X6 Pro,,1,2,anthracnose,1,False
IMG20260105110849.jpg,data/image/IMG20260105110849.jpg,data/labels/IMG20260105110849.txt,9092c80fc2823ed86a723ec9f0234d44639aa6144df958dc6bfd2f98dfd96ad4,abd1212d7a9391da,3072,4096,RGB,2026-01-05T11:08:49,2026:01:05 11:08:49,,OPPO,OPPO Find X6 Pro,,1,2,anthracnose,1,False
IMG20260105110853.jpg,data/image/IMG20260105110853.jpg,data/labels/IMG20260105110853.txt,5755634b8e58e73135e0c7544917eb4e6cad1792c04c176f6e3de7ae58d5e753,bfbc80e55ec4145a,3072,4096,RGB,2026-01-05T11:08:53,2026:01:05 11:08:53,,OPPO,OPPO Find X6 Pro,,1,2,anthracnose,1,False
IMG20260105110856.jpg,data/image/IMG20260105110856.jpg,data/labels/IMG20260105110856.txt,753dfaf4f245e006d5be6ae6a523953e35a0c6096222cfdeaf2d9f3df996246b,93537c9b9c09474e,3072,4096,RGB,2026-01-05T11:08:56,2026:01:05 11:08:56,,OPPO,OPPO Find X6 Pro,,2,2,anthracnose,1,False
IMG20260105111011.jpg,data/image/IMG20260105111011.jpg,data/labels/IMG20260105111011.txt,5e2748e5719ea36f28c70b188f1e5a00a87279efb39951e139618c0448cfd671,dd692230dec399c6,4096,3072,RGB,2026-01-05T11:10:11,2026:01:05 11:10:11,,OPPO,OPPO Find X6 Pro,,1,2,anthracnose,1,False
IMG20260105111013.jpg,data/image/IMG20260105111013.jpg,data/labels/IMG20260105111013.txt,33b22c2fed475bf0ccecd379a3d78369bcbeb75a91c377e09a36c81b52ce1033,ff84362cea92cc29,4096,3072,RGB,2026-01-05T11:10:13,2026:01:05 11:10:13,,OPPO,OPPO Find X6 Pro,,2,2,anthracnose,1,False
IMG20260105111015.jpg,data/image/IMG20260105111015.jpg,data/labels/IMG20260105111015.txt,0a354f703882a0a19c2ac0760c1abd04e8692ae629167cfbe02852a300e2587e,f4256ada965a5689,4096,3072,RGB,2026-01-05T11:10:15,2026:01:05 11:10:15,,OPPO,OPPO Find X6 Pro,,2,2,anthracnose,1,False
IMG20260105111020.jpg,data/image/IMG20260105111020.jpg,data/labels/IMG20260105111020.txt,187c06fe34b3c818c11cf6d5d2665008487674d32fe174676165326d2e1caf37,9f3b322add84a958,4096,3072,RGB,2026-01-05T11:10:20,2026:01:05 11:10:20,,OPPO,OPPO Find X6 Pro,,1,2,anthracnose,1,False
IMG20260105111024.jpg,data/image/IMG20260105111024.jpg,data/labels/IMG20260105111024.txt,a1114f5dd2a0a705c0cc35d14a7083a5b3eae4096908dbec40c3608a11e02ea5,98d032567faf1c0d,3072,4096,RGB,2026-01-05T11:10:24,2026:01:05 11:10:24,,OPPO,OPPO Find X6 Pro,,1,2,anthracnose,1,False
IMG20260105111027.jpg,data/image/IMG20260105111027.jpg,data/labels/IMG20260105111027.txt,4f143a22cf9104d8cf0e2403b8d2e1088b32e5d41dd6637d56970c456b29c64a,8c5b860f3cf34e31,3072,4096,RGB,2026-01-05T11:10:27,2026:01:05 11:10:27,,OPPO,OPPO Find X6 Pro,,2,2,anthracnose,1,False
IMG20260105111115.jpg,data/image/IMG20260105111115.jpg,data/labels/IMG20260105111115.txt,d3a6e941f7de6c75aedddfddbb80da4e8456c85d34d3862c04341ca07440044a,d5acb85664a3325b,4096,3072,RGB,2026-01-05T11:11:15,2026:01:05 11:11:15,,OPPO,OPPO Find X6 Pro,,1,2,anthracnose,1,False
IMG20260105111324.jpg,data/image/IMG20260105111324.jpg,data/labels/IMG20260105111324.txt,61c2e65f7d6cec62806f84394e6297a40df8198e88e07cf3b6e41214fcd85e14,a946264e6eccc95e,3072,4096,RGB,2026-01-05T11:13:24,2026:01:05 11:13:24,,OPPO,OPPO Find X6 Pro,,2,2,anthracnose,1,False
IMG20260105111328.jpg,data/image/IMG20260105111328.jpg,data/labels/IMG20260105111328.txt,f53a3fe6bc289438a54c5d880d4bded13c8389e7af94c95b95f6c89cf21f8780,9868eb62ddcc1999,3072,4096,RGB,2026-01-05T11:13:28,2026:01:05 11:13:28,,OPPO,OPPO Find X6 Pro,,1,2,anthracnose,1,False
IMG20260105111335.jpg,data/image/IMG20260105111335.jpg,data/labels/IMG20260105111335.txt,0df790b1049ed44197db233e637be695fae025b88ea70d1b8668ce71e5a1eafc,8d71306bf156e38a,3072,4096,RGB,2026-01-05T11:13:35,2026:01:05 11:13:35,,OPPO,OPPO Find X6 Pro,,4,2,anthracnose,1,False
IMG20260105111340.jpg,data/image/IMG20260105111340.jpg,data/labels/IMG20260105111340.txt,772c7e632b206d1077e6878468c7e61f34ad5f231a41f49cf16dc2aa0e2d1b29,98147672d1e52ece,3072,4096,RGB,2026-01-05T11:13:40,2026:01:05 11:13:40,,OPPO,OPPO Find X6 Pro,,1,2,anthracnose,1,False
IMG20260105111344.jpg,data/image/IMG20260105111344.jpg,data/labels/IMG20260105111344.txt,2b4da2107a5ae84dac185154e6986526b259fce5d4af6f8865d93a917a0da914,99f9714fd6185981,3072,4096,RGB,2026-01-05T11:13:44,2026:01:05 11:13:44,,OPPO,OPPO Find X6 Pro,,1,2,anthracnose,1,False
IMG20260105111348.jpg,data/image/IMG20260105111348.jpg,data/labels/IMG20260105111348.txt,ed3077336f3c8015e66e777f8bca9b2b65358e0aeac1ba824252f1154860ccf3,86073131db37dc63,3072,4096,RGB,2026-01-05T11:13:48,2026:01:05 11:13:48,,OPPO,OPPO Find X6 Pro,,1,2,anthracnose,1,False
IMG20260105111401.jpg,data/image/IMG20260105111401.jpg,data/labels/IMG20260105111401.txt,af1bd14efe0a8903dd2142c2c983005cc6a6792bb4491b3fada54894f6bdd159,c2197f64ec93d416,3072,4096,RGB,2026-01-05T11:14:01,2026:01:05 11:14:01,,OPPO,OPPO Find X6 Pro,,1,2,anthracnose,1,False
IMG20260105111406.jpg,data/image/IMG20260105111406.jpg,data/labels/IMG20260105111406.txt,43a484200c3310a56865666c12d6d21cc828ce720cb9941540bbf9e799781153,844267c7717179c7,3072,4096,RGB,2026-01-05T11:14:06,2026:01:05 11:14:06,,OPPO,OPPO Find X6 Pro,,2,2,anthracnose,1,False
IMG20260105111412.jpg,data/image/IMG20260105111412.jpg,data/labels/IMG20260105111412.txt,fc7a603b83f25befada47826739fb4bf49fd3e43a607b233a1b08ed84e364941,dffb207c079c20c9,4096,3072,RGB,2026-01-05T11:14:12,2026:01:05 11:14:12,,OPPO,OPPO Find X6 Pro,,2,2,anthracnose,1,False
IMG20260105111942.jpg,data/image/IMG20260105111942.jpg,data/labels/IMG20260105111942.txt,bbd8140b044b06c96b5dc59328e859907e00f7eb9004d5f57635c77f1068951c,c226dd3eb0a8f8d4,3072,4096,RGB,2026-01-05T11:19:42,2026:01:05 11:19:42,,OPPO,OPPO Find X6 Pro,,2,2,anthracnose,1,False
IMG20260105111945.jpg,data/image/IMG20260105111945.jpg,data/labels/IMG20260105111945.txt,2f1036ce2ec99979fe247589c04c56c84c8797af1e38f481ab0835e590ae0376,8e6ae9241ac63e79,3072,4096,RGB,2026-01-05T11:19:45,2026:01:05 11:19:45,,OPPO,OPPO Find X6 Pro,,2,2,anthracnose,1,False
IMG20260105111950.jpg,data/image/IMG20260105111950.jpg,data/labels/IMG20260105111950.txt,951fe9872eb23c1865699f1043a73f129daaf6e7d032bd78f8af91e003b0e96c,dd6a30dc7ec1310b,3072,4096,RGB,2026-01-05T11:19:50,2026:01:05 11:19:50,,OPPO,OPPO Find X6 Pro,,1,2,anthracnose,1,False
IMG20260105111953.jpg,data/image/IMG20260105111953.jpg,data/labels/IMG20260105111953.txt,c1ff78d34c425091a34fdbf63f8fdf1321088ff92704c42e706ad8bcd4beb458,d8092fa6f5567053,3072,4096,RGB,2026-01-05T11:19:53,2026:01:05 11:19:53,,OPPO,OPPO Find X6 Pro,,1,2,anthracnose,1,False
IMG20260105111955.jpg,data/image/IMG20260105111955.jpg,data/labels/IMG20260105111955.txt,a0b4c500212fcf9b0716e6061021cb7703da4bec91fd5b21e405c68e68a0ecd4,8b0b5d9219db72d4,3072,4096,RGB,2026-01-05T11:19:55,2026:01:05 11:19:55,,OPPO,OPPO Find X6 Pro,,2,2,anthracnose,1,False
IMG20260105111959.jpg,data/image/IMG20260105111959.jpg,data/labels/IMG20260105111959.txt,e4a487ac3a98606f05c4e7f66cb2f5acc81f7265593a617b2a56b38be34e76a1,931d7cc22f5db460,3072,4096,RGB,2026-01-05T11:19:59,2026:01:05 11:19:59,,OPPO,OPPO Find X6 Pro,,2,2,anthracnose,1,False
IMG20260105112002.jpg,data/image/IMG20260105112002.jpg,data/labels/IMG20260105112002.txt,ded6a1203226888e54efb84dadc3a342350e5af9d692929c5552c4fc26fc6f5d,ed195af029dfa068,3072,4096,RGB,2026-01-05T11:20:02,2026:01:05 11:20:02,,OPPO,OPPO Find X6 Pro,,2,2,anthracnose,1,False
IMG20260105112006.jpg,data/image/IMG20260105112006.jpg,data/labels/IMG20260105112006.txt,55c9ab5264c116c808a5860fc24517ebe20655d77a06e1133e768fbf2d43cd93,99e52eaf1cca5505,3072,4096,RGB,2026-01-05T11:20:06,2026:01:05 11:20:06,,OPPO,OPPO Find X6 Pro,,1,2,anthracnose,1,False
IMG20260105112010.jpg,data/image/IMG20260105112010.jpg,data/labels/IMG20260105112010.txt,1f03cee76ab0c04b6d2df66da0aad76882ff3a886f68e40b6e7bc3d1de013d20,ad8df5590be328e0,3072,4096,RGB,2026-01-05T11:20:10,2026:01:05 11:20:10,,OPPO,OPPO Find X6 Pro,,1,2,anthracnose,1,False
IMG20260105112017.jpg,data/image/IMG20260105112017.jpg,data/labels/IMG20260105112017.txt,fd12a6c6a0f2f51f067150ad1ded41bd544b1d708f3cb6ce0c0eb4646fc9179f,8ab5272344e7da1e,3072,4096,RGB,2026-01-05T11:20:17,2026:01:05 11:20:17,,OPPO,OPPO Find X6 Pro,,1,3,Affected by leaf miner,1,False
IMG20260105112024.jpg,data/image/IMG20260105112024.jpg,data/labels/IMG20260105112024.txt,c00e0317a39d6285df8af1cd6323f0f1e00b6c0948bbefbcb40a8c42f0ccbfc3,dbc42436903f1ed5,3072,4096,RGB,2026-01-05T11:20:24,2026:01:05 11:20:24,,OPPO,OPPO Find X6 Pro,,1,2,anthracnose,1,False
IMG20260105112031.jpg,data/image/IMG20260105112031.jpg,data/labels/IMG20260105112031.txt,7ce1a82466909091ff3f79c40fc54de01994b42e35bd6bea4d2da1436959c48d,8aa2e63717c323e3,3072,4096,RGB,2026-01-05T11:20:31,2026:01:05 11:20:31,,OPPO,OPPO Find X6 Pro,,1,2,anthracnose,1,False
IMG20260105112036.jpg,data/image/IMG20260105112036.jpg,data/labels/IMG20260105112036.txt,2bcf90a3c0c5c4b3d3b437bfcf4af1479e54574de96504ee5ef49f7090545e8e,df51049f7b70204f,3072,4096,RGB,2026-01-05T11:20:36,2026:01:05 11:20:36,,OPPO,OPPO Find X6 Pro,,1,2,anthracnose,1,False
IMG20260105112106.jpg,data/image/IMG20260105112106.jpg,data/labels/IMG20260105112106.txt,668b0b39d671f02f76281d9951b6ccf2fac3eb4199ead770dde472680ec2d945,c121f2b3691c675b,3072,4096,RGB,2026-01-05T11:21:06,2026:01:05 11:21:06,,OPPO,OPPO Find X6 Pro,,3,2,anthracnose,1,False
IMG20260105112122.jpg,data/image/IMG20260105112122.jpg,data/labels/IMG20260105112122.txt,0d1aad32959c07b947c3afec8563ff19d70060670d50420b9a623541f728199d,bb75ce930b075219,3072,4096,RGB,2026-01-05T11:21:22,2026:01:05 11:21:22,,OPPO,OPPO Find X6 Pro,,2,2,anthracnose,1,False
IMG20260105112126.jpg,data/image/IMG20260105112126.jpg,data/labels/IMG20260105112126.txt,51ca9bacee5b779070ebe1a575dafb71c4f6a1963de98590f7ac3bfe38719e78,d90646c77c8b0e57,3072,4096,RGB,2026-01-05T11:21:26,2026:01:05 11:21:26,,OPPO,OPPO Find X6 Pro,,2,2,anthracnose,1,False
IMG20260105112129.jpg,data/image/IMG20260105112129.jpg,data/labels/IMG20260105112129.txt,6ae7f12da6fc841691714cdc8015425a9895a814790c9791e8534a5baa43fc22,e639644a36aa6557,3072,4096,RGB,2026-01-05T11:21:29,2026:01:05 11:21:29,,OPPO,OPPO Find X6 Pro,,3,2,anthracnose,1,False
IMG20260105112133.jpg,data/image/IMG20260105112133.jpg,data/labels/IMG20260105112133.txt,3b2c110ff143316859a4c6f2c9d05063eb8454c85739a7ecb372fdbc71c1134d,f37c06a0ba43d993,4096,3072,RGB,2026-01-05T11:21:33,2026:01:05 11:21:33,,OPPO,OPPO Find X6 Pro,,3,2,anthracnose,1,False
IMG20260105112142.jpg,data/image/IMG20260105112142.jpg,data/labels/IMG20260105112142.txt,9c2d758244ab991ad1a634f9413632f3791a0c96dd60e998105cdf59781cdb0a,908e69565e5c9af8,3072,4096,RGB,2026-01-05T11:21:42,2026:01:05 11:21:42,,OPPO,OPPO Find X6 Pro,,3,2,anthracnose,1,False
IMG20260105112151.jpg,data/image/IMG20260105112151.jpg,data/labels/IMG20260105112151.txt,9aa36791bcdee7ff5bccf0d1007a306d00c5db17887c39d347249d3e047e8a06,d8f16d3746e49644,3072,4096,RGB,2026-01-05T11:21:51,2026:01:05 11:21:51,,OPPO,OPPO Find X6 Pro,,3,2,anthracnose,1,False
IMG20260105112203.jpg,data/image/IMG20260105112203.jpg,data/labels/IMG20260105112203.txt,1c640b767fde9b71902737a7781c00ef172a1ded91c031d4520d140d0c9d26b2,aab5be104778f451,3072,4096,RGB,2026-01-05T11:22:03,2026:01:05 11:22:03,,OPPO,OPPO Find X6 Pro,,4,0;2,brown spot;anthracnose,2,True
IMG20260105112207.jpg,data/image/IMG20260105112207.jpg,data/labels/IMG20260105112207.txt,69b4535dc6e8bbac058289f079f4140d8bd40d337a8f78354a6a1d7b314c4eb1,c8f43223dc7672a6,3072,4096,RGB,2026-01-05T11:22:07,2026:01:05 11:22:07,,OPPO,OPPO Find X6 Pro,,1,2,anthracnose,1,False
IMG20260105112211.jpg,data/image/IMG20260105112211.jpg,data/labels/IMG20260105112211.txt,5a7cd4aad2ab208530adafd4f9dc41229d9dbe885760a428eb30015b3131a6f9,d8a626c9cec48b37,3072,4096,RGB,2026-01-05T11:22:11,2026:01:05 11:22:11,,OPPO,OPPO Find X6 Pro,,5,0;2,brown spot;anthracnose,2,True
IMG20260105112216.jpg,data/image/IMG20260105112216.jpg,data/labels/IMG20260105112216.txt,11bec24598a7133c7afdce388f04071fdda672e3e91637a4301b0c095da134fe,895a7e28a4551f3d,3072,4096,RGB,2026-01-05T11:22:16,2026:01:05 11:22:16,,OPPO,OPPO Find X6 Pro,,2,2,anthracnose,1,False
IMG20260105112220.jpg,data/image/IMG20260105112220.jpg,data/labels/IMG20260105112220.txt,292c448fb12e3a92d788d596bf8d96c3fbe35930a8d34c075ad7a14111543e56,cf32204fe0c373e9,3072,4096,RGB,2026-01-05T11:22:20,2026:01:05 11:22:20,,OPPO,OPPO Find X6 Pro,,1,2,anthracnose,1,False
IMG20260105112225.jpg,data/image/IMG20260105112225.jpg,data/labels/IMG20260105112225.txt,7c59b4dd06a040e23227c296b6c8378f48e5980593a7fe4160ebbfdc23fcc467,8c9622c5e74e86af,3072,4096,RGB,2026-01-05T11:22:25,2026:01:05 11:22:25,,OPPO,OPPO Find X6 Pro,,4,0;2,brown spot;anthracnose,2,True
IMG20260105112244.jpg,data/image/IMG20260105112244.jpg,data/labels/IMG20260105112244.txt,99d0007312876016fc7923fdd57d8a8659f08d5dc39aed3480b9d6647f646147,c891e0f793541fc5,3072,4096,RGB,2026-01-05T11:22:44,2026:01:05 11:22:44,,OPPO,OPPO Find X6 Pro,,1,2,anthracnose,1,False
IMG20260105112254.jpg,data/image/IMG20260105112254.jpg,data/labels/IMG20260105112254.txt,36d108451f95d5c502400fda1dd6caead198952341a6957cda38ec8339fa33e9,ad6376c3496ab425,3072,4096,RGB,2026-01-05T11:22:54,2026:01:05 11:22:54,,OPPO,OPPO Find X6 Pro,,2,0;2,brown spot;anthracnose,2,True
IMG20260105112259.jpg,data/image/IMG20260105112259.jpg,data/labels/IMG20260105112259.txt,09e7164429ab15b6a392a4b3e00b4bc97fe5169185cec54518fd3475d68115d9,e3d911c3b24ee40f,3072,4096,RGB,2026-01-05T11:22:59,2026:01:05 11:22:59,,OPPO,OPPO Find X6 Pro,,5,0;2,brown spot;anthracnose,2,True
IMG20260105112315.jpg,data/image/IMG20260105112315.jpg,data/labels/IMG20260105112315.txt,5e46112416aba3a9ada03621c221ad158c01eb8d4a668028137e1bac4b471b08,c56c7c91968e858f,3072,4096,RGB,2026-01-05T11:23:15,2026:01:05 11:23:15,,OPPO,OPPO Find X6 Pro,,4,2,anthracnose,1,False
IMG20260105112320.jpg,data/image/IMG20260105112320.jpg,data/labels/IMG20260105112320.txt,8da69fbec13b0c4f4f007f0b13c5945571c60ba0f60a11c950121cb38e450d7e,9207153c7acb678d,3072,4096,RGB,2026-01-05T11:23:20,2026:01:05 11:23:20,,OPPO,OPPO Find X6 Pro,,4,0;2,brown spot;anthracnose,2,True
IMG20260105112325.jpg,data/image/IMG20260105112325.jpg,data/labels/IMG20260105112325.txt,1634edd4688b9393dfaa00c15b581274a28dca7273ff1aa487c8ba20447523df,db4f64482fbc5053,3072,4096,RGB,2026-01-05T11:23:25,2026:01:05 11:23:25,,OPPO,OPPO Find X6 Pro,,1,2,anthracnose,1,False
IMG20260105112330.jpg,data/image/IMG20260105112330.jpg,data/labels/IMG20260105112330.txt,86515be800b0de0f25c1a44922bbae5f520767ed8b137f1e062df9243a45baf5,d16c5112cb34bdb3,4096,3072,RGB,2026-01-05T11:23:30,2026:01:05 11:23:30,,OPPO,OPPO Find X6 Pro,,1,2,anthracnose,1,False
IMG20260105112338.jpg,data/image/IMG20260105112338.jpg,data/labels/IMG20260105112338.txt,1fd9f2f4253988367e06d44f8703002ee5f1e789e5f83a902022aa28d8ec09ad,d46185da6d9cf05c,3072,4096,RGB,2026-01-05T11:23:38,2026:01:05 11:23:38,,OPPO,OPPO Find X6 Pro,,1,2,anthracnose,1,False
IMG20260105112356.jpg,data/image/IMG20260105112356.jpg,data/labels/IMG20260105112356.txt,7d76785f909323690ddd5058c599e222062c76d350ed5a742353cc0ae136539c,de0760177d073574,4096,3072,RGB,2026-01-05T11:23:56,2026:01:05 11:23:56,,OPPO,OPPO Find X6 Pro,,1,2,anthracnose,1,False
IMG20260105112402.jpg,data/image/IMG20260105112402.jpg,data/labels/IMG20260105112402.txt,0e7809d31ca40cf96c26b92a733dc1a44556d4f1412f87e2b691740d030384c2,aee2951b4e1a6a72,3072,4096,RGB,2026-01-05T11:24:02,2026:01:05 11:24:02,,OPPO,OPPO Find X6 Pro,,1,0,brown spot,1,False
IMG20260105112410.jpg,data/image/IMG20260105112410.jpg,data/labels/IMG20260105112410.txt,5731f69cd0507a5182ca5f2dd66944792d6a6895c2fc19c6f610d9a510b21cb5,be5ddb21ea8e0194,3072,4096,RGB,2026-01-05T11:24:10,2026:01:05 11:24:10,,OPPO,OPPO Find X6 Pro,,1,0,brown spot,1,False
IMG20260105112429.jpg,data/image/IMG20260105112429.jpg,data/labels/IMG20260105112429.txt,516eef9935398f46ded30e5f63afade199a83e403de366b4f50d393685312306,d934275992d17ae1,3072,4096,RGB,2026-01-05T11:24:29,2026:01:05 11:24:29,,OPPO,OPPO Find X6 Pro,,1,0,brown spot,1,False
IMG20260105112433.jpg,data/image/IMG20260105112433.jpg,data/labels/IMG20260105112433.txt,fc8027b0a2834bfa996df54fc688bb330e62d36c070df42f36d771f3d8cd996e,932564355f94daac,3072,4096,RGB,2026-01-05T11:24:33,2026:01:05 11:24:33,,OPPO,OPPO Find X6 Pro,,2,0,brown spot,1,False
IMG20260105112437.jpg,data/image/IMG20260105112437.jpg,data/labels/IMG20260105112437.txt,b91b242b163de645b9bfb38d47d721d365f1afcbf7072d83bd6b655a0a1b3b0e,c94263f1c0e176f3,3072,4096,RGB,2026-01-05T11:24:37,2026:01:05 11:24:37,,OPPO,OPPO Find X6 Pro,,1,0,brown spot,1,False
IMG20260105112448.jpg,data/image/IMG20260105112448.jpg,data/labels/IMG20260105112448.txt,8cd51d9b0271b7243e1b6d66d1e92ae42df077154930f0e2bf725fca32088a53,ae0af74dd2345c23,4096,3072,RGB,2026-01-05T11:24:48,2026:01:05 11:24:48,,OPPO,OPPO Find X6 Pro,,1,0,brown spot,1,False
IMG20260105112451.jpg,data/image/IMG20260105112451.jpg,data/labels/IMG20260105112451.txt,36151d7151891268fa1a3a63cce67f16b8581d534442e5d1a439814005a76f5d,a969eb6985133aca,4096,3072,RGB,2026-01-05T11:24:51,2026:01:05 11:24:51,,OPPO,OPPO Find X6 Pro,,1,0,brown spot,1,False
IMG20260105112454.jpg,data/image/IMG20260105112454.jpg,data/labels/IMG20260105112454.txt,bbace0cbf34c06d0c2f98ee8cd535637279bc1381f55a3a850a7f286a941ab51,c726130ee17eff00,3072,4096,RGB,2026-01-05T11:24:54,2026:01:05 11:24:54,,OPPO,OPPO Find X6 Pro,,1,0,brown spot,1,False
IMG20260105112459.jpg,data/image/IMG20260105112459.jpg,data/labels/IMG20260105112459.txt,f47022dcd570893dfdfbc4f0d042b76196c9e39d8eedfb7b667b37fbbd579393,fce156c2c8b9886b,4096,3072,RGB,2026-01-05T11:24:59,2026:01:05 11:24:59,,OPPO,OPPO Find X6 Pro,,1,0,brown spot,1,False
IMG20260105112502.jpg,data/image/IMG20260105112502.jpg,data/labels/IMG20260105112502.txt,34c6c675d3190a71961e4454e86052fd529054935a48976fe1f7a42472c30bf2,d2f8e8c07d0ee1e4,4096,3072,RGB,2026-01-05T11:25:02,2026:01:05 11:25:02,,OPPO,OPPO Find X6 Pro,,1,0,brown spot,1,False
IMG20260105112504.jpg,data/image/IMG20260105112504.jpg,data/labels/IMG20260105112504.txt,55f9c5ae02e32d77e6cade7e1e99523c02f554b2e77adc006c3b8196421076aa,ff8f794ce000c749,4096,3072,RGB,2026-01-05T11:25:04,2026:01:05 11:25:04,,OPPO,OPPO Find X6 Pro,,2,0;2,brown spot;anthracnose,2,True
IMG20260105112506.jpg,data/image/IMG20260105112506.jpg,data/labels/IMG20260105112506.txt,19c2eaaf002001a5c961c57975a61a4e6ce98a131488bb98d34b62599da8bdda,df0a781fc1373063,4096,3072,RGB,2026-01-05T11:25:06,2026:01:05 11:25:06,,OPPO,OPPO Find X6 Pro,,2,2,anthracnose,1,False
IMG20260105112510.jpg,data/image/IMG20260105112510.jpg,data/labels/IMG20260105112510.txt,ccb3c5c06b104c27af953f07373a0ebe89319c3d6c8f1c9ac594b83b0de634ab,ff307094e1352d63,4096,3072,RGB,2026-01-05T11:25:10,2026:01:05 11:25:10,,OPPO,OPPO Find X6 Pro,,2,0;2,brown spot;anthracnose,2,True
IMG20260105112520.jpg,data/image/IMG20260105112520.jpg,data/labels/IMG20260105112520.txt,b4ed73e816e70aa5370e55af51b1a3fd09e92600480aeadc35a5807aefe60095,8d117e4b54af8a6c,3072,4096,RGB,2026-01-05T11:25:20,2026:01:05 11:25:20,,OPPO,OPPO Find X6 Pro,,1,0,brown spot,1,False
IMG20260105112542.jpg,data/image/IMG20260105112542.jpg,data/labels/IMG20260105112542.txt,31d9dc2f75f16dccaf9308f68e1f2fc936c9bfe9f77267203cc0c359097f4eec,9470e30accbfecc8,3072,4096,RGB,2026-01-05T11:25:42,2026:01:05 11:25:42,,OPPO,OPPO Find X6 Pro,,1,0,brown spot,1,False
IMG20260105112548.jpg,data/image/IMG20260105112548.jpg,data/labels/IMG20260105112548.txt,a9b7be3ac3ada96e569e9f4d9b1e7e0d0d3797b9876193702ab33df2567ce9a4,c9d436798fd40cca,3072,4096,RGB,2026-01-05T11:25:48,2026:01:05 11:25:48,,OPPO,OPPO Find X6 Pro,,2,0;2,brown spot;anthracnose,2,True
IMG20260105112552.jpg,data/image/IMG20260105112552.jpg,data/labels/IMG20260105112552.txt,a75a8a562a89d83a2da22c96b0349922d535b1f4f487261189ed7ebc26a03e1a,8a114d6ee236f6ac,3072,4096,RGB,2026-01-05T11:25:52,2026:01:05 11:25:52,,OPPO,OPPO Find X6 Pro,,1,0,brown spot,1,False
IMG20260105112602.jpg,data/image/IMG20260105112602.jpg,data/labels/IMG20260105112602.txt,0eda65bde28b121fb842491e8a9d4fb13043be63fd6705ea40b4a7ec882657f0,e95c85515b69e8aa,3072,4096,RGB,2026-01-05T11:26:02,2026:01:05 11:26:02,,OPPO,OPPO Find X6 Pro,,2,2,anthracnose,1,False
IMG20260105112633.jpg,data/image/IMG20260105112633.jpg,data/labels/IMG20260105112633.txt,d0c55fec30bc3d9093fea03a5b1aa2e1b3ab172908359b20b19a744a67de2161,d92436d63aca61d5,3072,4096,RGB,2026-01-05T11:26:33,2026:01:05 11:26:33,,OPPO,OPPO Find X6 Pro,,1,0,brown spot,1,False
IMG20260105112637.jpg,data/image/IMG20260105112637.jpg,data/labels/IMG20260105112637.txt,3b5608d2ed4f8bff476a41022df646e07fe64920179eeec319026356b07f7ded,d925c6fab7611868,3072,4096,RGB,2026-01-05T11:26:37,2026:01:05 11:26:37,,OPPO,OPPO Find X6 Pro,,1,0,brown spot,1,False
IMG20260105112643.jpg,data/image/IMG20260105112643.jpg,data/labels/IMG20260105112643.txt,960549cb80539bf42cb8e300359b6613a4f93d0a7075dad31cfc07a6695bf43b,c56ce817f8094b1f,3072,4096,RGB,2026-01-05T11:26:43,2026:01:05 11:26:43,,OPPO,OPPO Find X6 Pro,,1,0,brown spot,1,False
IMG20260105112647.jpg,data/image/IMG20260105112647.jpg,data/labels/IMG20260105112647.txt,cf00a2ab27102bdfee84676ad5c946ba216a28a487d0086cc8d09f097a536178,e11e2a8abccb36a5,3072,4096,RGB,2026-01-05T11:26:47,2026:01:05 11:26:47,,OPPO,OPPO Find X6 Pro,,1,0,brown spot,1,False
IMG20260105112652.jpg,data/image/IMG20260105112652.jpg,data/labels/IMG20260105112652.txt,ff4542051a602fdc247d9203bc37b7e3e71d1d838f70be0a2ae516d81ef2f05f,ed0a5ab53b53a158,3072,4096,RGB,2026-01-05T11:26:52,2026:01:05 11:26:52,,OPPO,OPPO Find X6 Pro,,1,0,brown spot,1,False
IMG20260105112655.jpg,data/image/IMG20260105112655.jpg,data/labels/IMG20260105112655.txt,ec5d31324e998de9ad89ca26b7b7571383914d4d560911d906b8c848838620bc,e74119bc1a07b85f,3072,4096,RGB,2026-01-05T11:26:55,2026:01:05 11:26:55,,OPPO,OPPO Find X6 Pro,,1,0,brown spot,1,False
IMG20260105112701.jpg,data/image/IMG20260105112701.jpg,data/labels/IMG20260105112701.txt,4580cc9b878ca2ef69389bff76c5989b32eb73a0389a15d38432f71e5ac484f8,e50e51a75d03fa07,3072,4096,RGB,2026-01-05T11:27:01,2026:01:05 11:27:01,,OPPO,OPPO Find X6 Pro,,2,0;2,brown spot;anthracnose,2,True
IMG20260105112706.jpg,data/image/IMG20260105112706.jpg,data/labels/IMG20260105112706.txt,d218b229c4f6b9b189664c8227bba0d41cf4d4e0668a148327f43f00435d0aac,df49071f34b0238f,3072,4096,RGB,2026-01-05T11:27:06,2026:01:05 11:27:06,,OPPO,OPPO Find X6 Pro,,1,0,brown spot,1,False
IMG20260105112708.jpg,data/image/IMG20260105112708.jpg,data/labels/IMG20260105112708.txt,6af7fb4154cc57522e8cddb5ec51140c61f2571e661b217f7d1687c8794ea077,cb2e79e0185b345d,3072,4096,RGB,2026-01-05T11:27:08,2026:01:05 11:27:08,,OPPO,OPPO Find X6 Pro,,1,0,brown spot,1,False
IMG20260105112712.jpg,data/image/IMG20260105112712.jpg,data/labels/IMG20260105112712.txt,52f2750ac152e2c5dc4d5c4fefec5ec3a38d5b1a82a3e7faed1847feed40f417,970a79695455d8dc,3072,4096,RGB,2026-01-05T11:27:12,2026:01:05 11:27:12,,OPPO,OPPO Find X6 Pro,,1,0,brown spot,1,False
IMG20260105112715.jpg,data/image/IMG20260105112715.jpg,data/labels/IMG20260105112715.txt,c4116b0e3a27889d4b9edfc998d7e2d503282e26823292ea7556288f813113ed,f6209f2d70ae611d,3072,4096,RGB,2026-01-05T11:27:15,2026:01:05 11:27:15,,OPPO,OPPO Find X6 Pro,,1,0,brown spot,1,False
IMG20260105112718.jpg,data/image/IMG20260105112718.jpg,data/labels/IMG20260105112718.txt,fb2ec757c2b5ef7c9466bfea62b1785b570ebe0382b94302e67d762df3e1427c,8f4b0d416bd71a1d,3072,4096,RGB,2026-01-05T11:27:18,2026:01:05 11:27:18,,OPPO,OPPO Find X6 Pro,,1,0,brown spot,1,False
IMG20260105112720.jpg,data/image/IMG20260105112720.jpg,data/labels/IMG20260105112720.txt,6134fa05c0e699d567d37e65728eed80eb37d222d58e23debc5965f029144fae,f40b8dfb4803bfc0,3072,4096,RGB,2026-01-05T11:27:20,2026:01:05 11:27:20,,OPPO,OPPO Find X6 Pro,,1,0,brown spot,1,False
IMG20260105112728.jpg,data/image/IMG20260105112728.jpg,data/labels/IMG20260105112728.txt,838b84bed710a0c4b1c9b50570ef76c81d8be4dd48a8c566cef50548d66bca64,fa15f80fb249a925,3072,4096,RGB,2026-01-05T11:27:28,2026:01:05 11:27:28,,OPPO,OPPO Find X6 Pro,,1,0,brown spot,1,False
IMG20260105112730.jpg,data/image/IMG20260105112730.jpg,data/labels/IMG20260105112730.txt,a23424dff97ca2c0fa3fc44ee8130cbd650e896649c32a29faa6697467f3fdeb,eb082f55140ff11f,3072,4096,RGB,2026-01-05T11:27:30,2026:01:05 11:27:30,,OPPO,OPPO Find X6 Pro,,1,0,brown spot,1,False
IMG20260105112733.jpg,data/image/IMG20260105112733.jpg,data/labels/IMG20260105112733.txt,bef80348a2c4e2e79a2e8fd91c985f21f3e7be8ae5319c258281464fc0ef33ae,830e3d3a194bc5cf,3072,4096,RGB,2026-01-05T11:27:33,2026:01:05 11:27:33,,OPPO,OPPO Find X6 Pro,,2,0,brown spot,1,False
IMG20260105112741.jpg,data/image/IMG20260105112741.jpg,data/labels/IMG20260105112741.txt,db6d80d1aae267b98ea09d4c0122cefbe88ab03acf55c195cd7910aad9c7e3d4,dcf014d67b47720a,3072,4096,RGB,2026-01-05T11:27:41,2026:01:05 11:27:41,,OPPO,OPPO Find X6 Pro,,2,2,anthracnose,1,False
IMG20260105112753.jpg,data/image/IMG20260105112753.jpg,data/labels/IMG20260105112753.txt,b2fe89761b5d5bb7138709f7760b62d121fd3c09eb0c4116c319a09028f948ea,cd8903867fd9266c,3072,4096,RGB,2026-01-05T11:27:53,2026:01:05 11:27:53,,OPPO,OPPO Find X6 Pro,,2,0;2,brown spot;anthracnose,2,True
IMG20260105112757.jpg,data/image/IMG20260105112757.jpg,data/labels/IMG20260105112757.txt,e875c950ce176cd69257a3792476e3b48689814beb7ee5caa16a0106b972359d,98d041717903f3fb,3072,4096,RGB,2026-01-05T11:27:57,2026:01:05 11:27:57,,OPPO,OPPO Find X6 Pro,,1,2,anthracnose,1,False
IMG20260105112845.jpg,data/image/IMG20260105112845.jpg,data/labels/IMG20260105112845.txt,031f12165b76f6817924d8c76c14a7d7267bf5c47e5dfa77f1507869503deb32,e307471f325860f7,3072,4096,RGB,2026-01-05T11:28:45,2026:01:05 11:28:45,,OPPO,OPPO Find X6 Pro,,2,2,anthracnose,1,False
IMG20260105112903.jpg,data/image/IMG20260105112903.jpg,data/labels/IMG20260105112903.txt,fa6c908aa2ae2905b4e990bf18258c1e633c39ff736bfd9f2a8ed5bccec8a00d,ef7cb4a251b47881,3072,4096,RGB,2026-01-05T11:29:03,2026:01:05 11:29:03,,OPPO,OPPO Find X6 Pro,,10,0;2,brown spot;anthracnose,2,True
IMG20260105112910.jpg,data/image/IMG20260105112910.jpg,data/labels/IMG20260105112910.txt,da260511f7210cdc30cabafdd3cd855a2e2a48486cf8aeec565b01f6946afbb7,c47e371a349b6196,3072,4096,RGB,2026-01-05T11:29:10,2026:01:05 11:29:10,,OPPO,OPPO Find X6 Pro,,1,0,brown spot,1,False
IMG20260105112915.jpg,data/image/IMG20260105112915.jpg,data/labels/IMG20260105112915.txt,37f309fd944b1ff32603d34fb3018c6226ef68b54a956097f03a7218ec5e6b19,ddc04e830d9c5eab,3072,4096,RGB,2026-01-05T11:29:15,2026:01:05 11:29:15,,OPPO,OPPO Find X6 Pro,,1,0,brown spot,1,False
IMG20260105112918.jpg,data/image/IMG20260105112918.jpg,data/labels/IMG20260105112918.txt,b6b87397903ceae7f71481e8e38bd0903942b9ea7f3b718f9196dfe338fae0fd,de74389743061d5b,3072,4096,RGB,2026-01-05T11:29:18,2026:01:05 11:29:18,,OPPO,OPPO Find X6 Pro,,1,0,brown spot,1,False
IMG20260105112924.jpg,data/image/IMG20260105112924.jpg,data/labels/IMG20260105112924.txt,be2ec2234615befccccbf0d21db7bfa09f78e0e6a1eeafe61d7bee91e25072fe,d84b247b0f9e598c,3072,4096,RGB,2026-01-05T11:29:24,2026:01:05 11:29:24,,OPPO,OPPO Find X6 Pro,,1,0,brown spot,1,False
IMG20260105112933.jpg,data/image/IMG20260105112933.jpg,data/labels/IMG20260105112933.txt,822406be43173778b2c1df070e06a347ebad8c5f28c38ef1e9af6c20396a9e12,e02187325aef59ad,3072,4096,RGB,2026-01-05T11:29:33,2026:01:05 11:29:33,,OPPO,OPPO Find X6 Pro,,1,2,anthracnose,1,False
IMG20260105112938.jpg,data/image/IMG20260105112938.jpg,data/labels/IMG20260105112938.txt,2431fe929cdb9665f12c386c61bba17acbd3ddcaabe1de78dc3e2809c9a40769,da4a690156976add,3072,4096,RGB,2026-01-05T11:29:38,2026:01:05 11:29:38,,OPPO,OPPO Find X6 Pro,,1,2,anthracnose,1,False
IMG20260105112951.jpg,data/image/IMG20260105112951.jpg,data/labels/IMG20260105112951.txt,5aa5a3fdeae27c715f543067405dd437c43c7bda03407ba92d35d982fad514d1,a35292b631dca46f,3072,4096,RGB,2026-01-05T11:29:51,2026:01:05 11:29:51,,OPPO,OPPO Find X6 Pro,,8,0;2,brown spot;anthracnose,2,True
IMG20260105112953.jpg,data/image/IMG20260105112953.jpg,data/labels/IMG20260105112953.txt,be7e4d7c9f919af35a76507d8e6e25e204e43a806b3ff7638cf07f8f092d2e48,8b4fb321e71166a9,3072,4096,RGB,2026-01-05T11:29:53,2026:01:05 11:29:53,,OPPO,OPPO Find X6 Pro,,7,0;2,brown spot;anthracnose,2,True
IMG20260105112955.jpg,data/image/IMG20260105112955.jpg,data/labels/IMG20260105112955.txt,b5f06e889c7f887587c8ef720ff9f7a21afd236788a3620d9a277114d4c96af7,fac36a8285959e74,4096,3072,RGB,2026-01-05T11:29:55,2026:01:05 11:29:55,,OPPO,OPPO Find X6 Pro,,1,2,anthracnose,1,False
IMG20260105112958.jpg,data/image/IMG20260105112958.jpg,data/labels/IMG20260105112958.txt,9cf580a89b3ed832bc07e035f17c40108f93c1f6805076e1e7ac00fd7e3776d7,b236b84a6a91b67a,3072,4096,RGB,2026-01-05T11:29:58,2026:01:05 11:29:58,,OPPO,OPPO Find X6 Pro,,1,2,anthracnose,1,False
IMG20260105113007.jpg,data/image/IMG20260105113007.jpg,data/labels/IMG20260105113007.txt,8f6545bae22d614b30f1eea6792ebf8b67d33e44af3d1e8387fe5a8d3ad5894c,d38e6d200e7ef123,3072,4096,RGB,2026-01-05T11:30:07,2026:01:05 11:30:07,,OPPO,OPPO Find X6 Pro,,3,0;2,brown spot;anthracnose,2,True
IMG20260105113050.jpg,data/image/IMG20260105113050.jpg,data/labels/IMG20260105113050.txt,e8f9b3525c692041db5eb5582691e6427095041774b18c5262365edc2984338c,838d0b965ef6648d,4096,3072,RGB,2026-01-05T11:30:50,2026:01:05 11:30:50,,OPPO,OPPO Find X6 Pro,,2,1;2,Leaf rust;anthracnose,2,True
IMG20260105113054.jpg,data/image/IMG20260105113054.jpg,data/labels/IMG20260105113054.txt,7564253ef74c349b2a632b5ae1f1af8bb22cc4531e6263344a11402611fb72fd,d1a8aea36bc86cd2,3072,4096,RGB,2026-01-05T11:30:54,2026:01:05 11:30:54,,OPPO,OPPO Find X6 Pro,,2,4,healthy,1,False
IMG20260105113107.jpg,data/image/IMG20260105113107.jpg,data/labels/IMG20260105113107.txt,b9e509983a428789af4954f9d206e99af77764e53f5742b968bec8bf0bab62f7,e93e56bb2cd52418,3072,4096,RGB,2026-01-05T11:31:07,2026:01:05 11:31:07,,OPPO,OPPO Find X6 Pro,,5,0;2,brown spot;anthracnose,2,True
IMG20260105113109.jpg,data/image/IMG20260105113109.jpg,data/labels/IMG20260105113109.txt,f4c3eb63947c2ce7f7272715915bff69dde13af959d0c8fc4f836129a1c2ccab,99ef27822e17a558,3072,4096,RGB,2026-01-05T11:31:09,2026:01:05 11:31:09,,OPPO,OPPO Find X6 Pro,,2,0;2,brown spot;anthracnose,2,True
IMG20260105113111.jpg,data/image/IMG20260105113111.jpg,data/labels/IMG20260105113111.txt,c220c4be0d4210d6d55fda2b3f0569dc70e549665a37593ce829e24ea7c2a107,e88f51a91ad1317b,3072,4096,RGB,2026-01-05T11:31:11,2026:01:05 11:31:11,,OPPO,OPPO Find X6 Pro,,2,0;2,brown spot;anthracnose,2,True
IMG20260105113127.jpg,data/image/IMG20260105113127.jpg,data/labels/IMG20260105113127.txt,eb5bab41a16e8a7f44cd76df498a51794c10fb9def82c3420b959ec66151b44a,b4ead8c41b72cd52,3072,4096,RGB,2026-01-05T11:31:27,2026:01:05 11:31:27,,OPPO,OPPO Find X6 Pro,,1,2,anthracnose,1,False
IMG20260105113150.jpg,data/image/IMG20260105113150.jpg,data/labels/IMG20260105113150.txt,20e8447949c303bda2e30646d80b07a0356ece6d5263ac38149612fa8b83d849,dde392f3b260e118,3072,4096,RGB,2026-01-05T11:31:50,2026:01:05 11:31:50,,OPPO,OPPO Find X6 Pro,,1,2,anthracnose,1,False
IMG20260105113152.jpg,data/image/IMG20260105113152.jpg,data/labels/IMG20260105113152.txt,6237b8327d6d8631f91bf391a3b7f1bb7c29f78d0208705bbcfe3f696eaf62a0,8d5274397a3c2b53,3072,4096,RGB,2026-01-05T11:31:52,2026:01:05 11:31:52,,OPPO,OPPO Find X6 Pro,,1,2,anthracnose,1,False
IMG20260105113200.jpg,data/image/IMG20260105113200.jpg,data/labels/IMG20260105113200.txt,8c8cf45b493594f9775000fab8413b57a353709c56ab22c63e7a0f2a076ce122,a7c4b5c553691b38,3072,4096,RGB,2026-01-05T11:32:00,2026:01:05 11:32:00,,OPPO,OPPO Find X6 Pro,,1,2,anthracnose,1,False
IMG20260105113212.jpg,data/image/IMG20260105113212.jpg,data/labels/IMG20260105113212.txt,2ec41bd576a568fbf8b444482e00b04b4a1ad24cc2150b74e2e2a13228a232a0,f985e059137e489b,3072,4096,RGB,2026-01-05T11:32:12,2026:01:05 11:32:12,,OPPO,OPPO Find X6 Pro,,1,2,anthracnose,1,False
IMG20260105113226.jpg,data/image/IMG20260105113226.jpg,data/labels/IMG20260105113226.txt,421814f445afda67e4a9481290ecf04936d52e0cc89995a72bb582bedcd6a67f,ffbe00d252485f68,4096,3072,RGB,2026-01-05T11:32:26,2026:01:05 11:32:26,,OPPO,OPPO Find X6 Pro,,1,2,anthracnose,1,False
IMG20260105113237.jpg,data/image/IMG20260105113237.jpg,data/labels/IMG20260105113237.txt,a45df570e4cdac2d939196e188d50ad18d8928496f63d80f92b6dae8cf1e2d30,ccb514b68cdd27c4,3072,4096,RGB,2026-01-05T11:32:37,2026:01:05 11:32:37,,OPPO,OPPO Find X6 Pro,,2,0,brown spot,1,False
IMG20260105113309.jpg,data/image/IMG20260105113309.jpg,data/labels/IMG20260105113309.txt,c15e51ea4599e5275832bba9894271e3acac684a3b4782cb764d159da06c350f,bd12fb5c2d2c05e4,3072,4096,RGB,2026-01-05T11:33:09,2026:01:05 11:33:09,,OPPO,OPPO Find X6 Pro,,3,2,anthracnose,1,False
IMG_20260105_091405.jpg,data/image/IMG_20260105_091405.jpg,data/labels/IMG_20260105_091405.txt,1e1f4c102adaa1ac937fd3b0c5bfedaba4b929a27b2a0e70ac51f77e15cbc8e6,a714a7f40716ed85,3072,4080,RGB,2026-01-05T09:14:05,2026:01:05 09:14:05,,vivo,iQOO 15,,5,2,anthracnose,1,False
IMG_20260105_091409.jpg,data/image/IMG_20260105_091409.jpg,data/labels/IMG_20260105_091409.txt,4c9d9b936ebc4af5c336c28bcbffdd16d1da6108f0f989b01e51f28c4b4cc59b,9f677a822944b947,3072,4080,RGB,2026-01-05T09:14:09,2026:01:05 09:14:09,,vivo,iQOO 15,,1,2,anthracnose,1,False
IMG_20260105_091447.jpg,data/image/IMG_20260105_091447.jpg,data/labels/IMG_20260105_091447.txt,799a6a9034f21fd3b81da1b828c45aabe884360667b2c374e8518ea099d55ca2,ba412d5522de7d45,3072,4096,RGB,2026-01-05T09:14:47,2026:01:05 09:14:47,,vivo,iQOO 15,,1,2,anthracnose,1,False
IMG_20260105_091504.jpg,data/image/IMG_20260105_091504.jpg,data/labels/IMG_20260105_091504.txt,2a0beb44518627ba25ed29a44d2b7fec0a087bed6484a8f8a261e837e7cf5ec1,cbc2a03d9c383df4,3072,4096,RGB,2026-01-05T09:15:04,2026:01:05 09:15:04,,vivo,iQOO 15,,1,2,anthracnose,1,False
IMG_20260105_091508.jpg,data/image/IMG_20260105_091508.jpg,data/labels/IMG_20260105_091508.txt,fcbfc4cdf64a72be77a0d725808a6ef722c094cecebf457685744ce85e55cef3,c6cb78692fe062aa,3072,4096,RGB,2026-01-05T09:15:08,2026:01:05 09:15:08,,vivo,iQOO 15,,1,2,anthracnose,1,False
IMG_20260105_091511.jpg,data/image/IMG_20260105_091511.jpg,data/labels/IMG_20260105_091511.txt,06f4c1fc9f53458dc57cc533d2b9b0d78192d1469dd0ec34727f93e60db37f64,a9d54aa5afd4c4c2,3072,4096,RGB,2026-01-05T09:15:11,2026:01:05 09:15:11,,vivo,iQOO 15,,1,2,anthracnose,1,False
IMG_20260105_091518.jpg,data/image/IMG_20260105_091518.jpg,data/labels/IMG_20260105_091518.txt,a046b00b03fd0d57523bada31cf77f13a86bd001c268c733b202af8d9f75fa59,b9e5e4e2c29d1643,3072,4096,RGB,2026-01-05T09:15:18,2026:01:05 09:15:18,,vivo,iQOO 15,,2,2,anthracnose,1,False
IMG_20260105_091525.jpg,data/image/IMG_20260105_091525.jpg,data/labels/IMG_20260105_091525.txt,dee9ecc903d8e2019c30d141962b29713c9d3b06df0b7806a9ba2149c0d0af12,e0c3fe272a29ad34,3072,4096,RGB,2026-01-05T09:15:25,2026:01:05 09:15:25,,vivo,iQOO 15,,2,2,anthracnose,1,False
IMG_20260105_091550.jpg,data/image/IMG_20260105_091550.jpg,data/labels/IMG_20260105_091550.txt,33039864b0dc37ee4d7ad586c541edee764b9756d4489cb43995e6cf59c0f87d,f3e2a69de46290ac,3072,4080,RGB,2026-01-05T09:15:50,2026:01:05 09:15:50,,vivo,iQOO 15,,1,2,anthracnose,1,False
IMG_20260105_091624.jpg,data/image/IMG_20260105_091624.jpg,data/labels/IMG_20260105_091624.txt,cca67f32afc1276eb4e5664d3a0009dbf37f1d0d8ce8039df3d5a2daacea336f,ff83e54c341f9181,4096,3072,RGB,2026-01-05T09:16:24,2026:01:05 09:16:24,,vivo,iQOO 15,,1,2,anthracnose,1,False
IMG_20260105_091633.jpg,data/image/IMG_20260105_091633.jpg,data/labels/IMG_20260105_091633.txt,751452e8efdca4764fa33f78da4a9aff42293d40e46145320950bc7fc22e2cdd,f10f9f3a70396611,4080,3072,RGB,2026-01-05T09:16:33,2026:01:05 09:16:33,,vivo,iQOO 15,,2,2,anthracnose,1,False
IMG_20260105_091639.jpg,data/image/IMG_20260105_091639.jpg,data/labels/IMG_20260105_091639.txt,12453670f0537e47aa5eacfc3622cf9e6001266af4675875ff16a6d91a5faac4,ffc0c82f1f7b0181,4080,3072,RGB,2026-01-05T09:16:39,2026:01:05 09:16:39,,vivo,iQOO 15,,2,2,anthracnose,1,False
IMG_20260105_091644.jpg,data/image/IMG_20260105_091644.jpg,data/labels/IMG_20260105_091644.txt,e003af65f4fe36c9a6577c374338dd3bd267303d02fcd545b7240b70f24aad99,c7c508890b7b7e72,3072,4096,RGB,2026-01-05T09:16:44,2026:01:05 09:16:44,,vivo,iQOO 15,,4,2,anthracnose,1,False
IMG_20260105_091722.jpg,data/image/IMG_20260105_091722.jpg,data/labels/IMG_20260105_091722.txt,46c8ffd038c62c8c04084786108b25a51740e562008d1781fc9f39301f5dd71b,b2fc06492c07fa9e,3072,4096,RGB,2026-01-05T09:17:22,2026:01:05 09:17:22,,vivo,iQOO 15,,4,2,anthracnose,1,False
IMG_20260105_091726.jpg,data/image/IMG_20260105_091726.jpg,data/labels/IMG_20260105_091726.txt,c3cda22b141f24c233deedb0e9946108fa36d5f7f5b5fa29e062e33b3931312e,e95684af1ea54396,3072,4096,RGB,2026-01-05T09:17:26,2026:01:05 09:17:26,,vivo,iQOO 15,,5,0;2,brown spot;anthracnose,2,True
IMG_20260105_091731.jpg,data/image/IMG_20260105_091731.jpg,data/labels/IMG_20260105_091731.txt,b13fc40ba57897a3e7826129214905784e7c4b6016ea6f3e958e2a85d4d791b1,e8f116cf91645966,3072,4080,RGB,2026-01-05T09:17:31,2026:01:05 09:17:31,,vivo,iQOO 15,,4,0;1;2,brown spot;Leaf rust;anthracnose,3,True
IMG_20260105_091820.jpg,data/image/IMG_20260105_091820.jpg,data/labels/IMG_20260105_091820.txt,36d92fe17277733a0d8deac33960d3e3eb29a7f18c93d1e6589316c5e272fda1,bcf18c784149b9dc,3072,4096,RGB,2026-01-05T09:18:20,2026:01:05 09:18:20,,vivo,iQOO 15,,2,0;2,brown spot;anthracnose,2,True
IMG_20260105_091824.jpg,data/image/IMG_20260105_091824.jpg,data/labels/IMG_20260105_091824.txt,083aa764a3e134f08aba7cc75d95ee7d0b76320cc81ed0d3c2bf78118d9d17e2,f09f6fb04b2dd028,3072,4096,RGB,2026-01-05T09:18:24,2026:01:05 09:18:24,,vivo,iQOO 15,,3,2,anthracnose,1,False
IMG_20260105_091832.jpg,data/image/IMG_20260105_091832.jpg,data/labels/IMG_20260105_091832.txt,991c86f1c09879a40cfd9244478ddf943bb1c632057d3bd4e072df68c511876b,dc60371b817d5ab8,3072,4096,RGB,2026-01-05T09:18:32,2026:01:05 09:18:32,,vivo,iQOO 15,,1,2,anthracnose,1,False
IMG_20260105_091837.jpg,data/image/IMG_20260105_091837.jpg,data/labels/IMG_20260105_091837.txt,b6c58f1bc03a41400e898dd0d75464641c3fdcb77638eaccd5bcb9a1bbd61901,e393861811f936fa,3072,4096,RGB,2026-01-05T09:18:37,2026:01:05 09:18:37,,vivo,iQOO 15,,2,2,anthracnose,1,False
IMG_20260105_091840.jpg,data/image/IMG_20260105_091840.jpg,data/labels/IMG_20260105_091840.txt,a2f9afd9eb2324846f197adc992bca328fcbde6c13e1d64e17df85c2fb9662b1,feee2d0681dd20a6,3072,4096,RGB,2026-01-05T09:18:40,2026:01:05 09:18:40,,vivo,iQOO 15,,4,2,anthracnose,1,False
IMG_20260105_091851.jpg,data/image/IMG_20260105_091851.jpg,data/labels/IMG_20260105_091851.txt,c688ccca6456943f5afec9c626923da09a58b1775560efa6b06f68f162e57b13,fc82f70648379752,3072,4096,RGB,2026-01-05T09:18:51,2026:01:05 09:18:51,,vivo,iQOO 15,,1,2,anthracnose,1,False
IMG_20260105_091900.jpg,data/image/IMG_20260105_091900.jpg,data/labels/IMG_20260105_091900.txt,1c48446fc02bb645fcd6868bce727de5dbcd5f03cca6629501a539ceac412b48,a8dfe601ec0e6e86,3072,4096,RGB,2026-01-05T09:19:00,2026:01:05 09:19:00,,vivo,iQOO 15,,1,2,anthracnose,1,False
IMG_20260105_091902.jpg,data/image/IMG_20260105_091902.jpg,data/labels/IMG_20260105_091902.txt,77632b9fb5997c9205135a8d5a522590b302b492850427edc58720c790df2c2d,bc5f8fb010638b33,3072,4096,RGB,2026-01-05T09:19:02,2026:01:05 09:19:02,,vivo,iQOO 15,,2,0;2,brown spot;anthracnose,2,True
IMG_20260105_091906.jpg,data/image/IMG_20260105_091906.jpg,data/labels/IMG_20260105_091906.txt,ef59d17761a0285f914efe66217185e591a1667e15a6ef287de30e91330a1dfa,9fa81ae18b05b49f,3072,4080,RGB,2026-01-05T09:19:06,2026:01:05 09:19:06,,vivo,iQOO 15,,3,0;2,brown spot;anthracnose,2,True
IMG_20260105_091908.jpg,data/image/IMG_20260105_091908.jpg,data/labels/IMG_20260105_091908.txt,cd3d269b34a546fab8d0535fff280106a2874418f798fe16e5c988155fb0d0b9,bac26688e93941fb,3072,4080,RGB,2026-01-05T09:19:08,2026:01:05 09:19:08,,vivo,iQOO 15,,1,2,anthracnose,1,False
IMG_20260105_091927.jpg,data/image/IMG_20260105_091927.jpg,data/labels/IMG_20260105_091927.txt,9762a9ff3b4f78853d523deebd1d072f64ee747e6eae31cecfc84de2242bce1c,eac90ff8c8392627,3072,4080,RGB,2026-01-05T09:19:27,2026:01:05 09:19:27,,vivo,iQOO 15,,2,0,brown spot,1,False
IMG_20260105_091935.jpg,data/image/IMG_20260105_091935.jpg,data/labels/IMG_20260105_091935.txt,88aa6e8328ddbac92826eb9727481365e11917cf3abf9da5acf53289cff6c14c,e261bf3f3fe0000e,3072,4096,RGB,2026-01-05T09:19:35,2026:01:05 09:19:35,,vivo,iQOO 15,,1,2,anthracnose,1,False
IMG_20260105_091945.jpg,data/image/IMG_20260105_091945.jpg,data/labels/IMG_20260105_091945.txt,e4b348495901853ed1a8be17ed22c616c86ab28decee0bb409e438bbafa877d5,f91cc0708b7fc155,3072,4096,RGB,2026-01-05T09:19:45,2026:01:05 09:19:45,,vivo,iQOO 15,,5,1;2,Leaf rust;anthracnose,2,True
IMG_20260105_091947.jpg,data/image/IMG_20260105_091947.jpg,data/labels/IMG_20260105_091947.txt,43b0eb3aba399c9efeb0262dd5bed2b3fdfab84341f3b69ff090417d56d6fdf3,e197cd38a83466ba,3072,4096,RGB,2026-01-05T09:19:47,2026:01:05 09:19:47,,vivo,iQOO 15,,3,1;2,Leaf rust;anthracnose,2,True
IMG_20260105_091954.jpg,data/image/IMG_20260105_091954.jpg,data/labels/IMG_20260105_091954.txt,0c274460321584b4427aaf0d60efb0a3cfce97bea30af8fed5115c16d9fc48c7,ffc29478806cf52c,3072,4096,RGB,2026-01-05T09:19:54,2026:01:05 09:19:54,,vivo,iQOO 15,,2,1;2,Leaf rust;anthracnose,2,True
IMG_20260105_091956.jpg,data/image/IMG_20260105_091956.jpg,data/labels/IMG_20260105_091956.txt,3f83f623ffd2bf57962793e81ec237bc57f2adc4ee6f30283f2abdce02a2b96a,c848ed309f7b82f8,3072,4096,RGB,2026-01-05T09:19:56,2026:01:05 09:19:56,,vivo,iQOO 15,,2,1;2,Leaf rust;anthracnose,2,True
IMG_20260105_091958.jpg,data/image/IMG_20260105_091958.jpg,data/labels/IMG_20260105_091958.txt,fdcbb55a3539eb7661f9c3805c9737e4439343abf39ae61ed7334c3a1da13148,d7e1e0781ee4cc86,3072,4096,RGB,2026-01-05T09:19:58,2026:01:05 09:19:58,,vivo,iQOO 15,,3,1;2,Leaf rust;anthracnose,2,True
IMG_20260105_092001.jpg,data/image/IMG_20260105_092001.jpg,data/labels/IMG_20260105_092001.txt,9fa1bddd5eaf9f57596b2235b146f6b041922fe6781389cb6a191aa91f109585,e5f69e0f81603c4d,4096,3072,RGB,2026-01-05T09:20:01,2026:01:05 09:20:01,,vivo,iQOO 15,,3,1;2,Leaf rust;anthracnose,2,True
IMG_20260105_092025.jpg,data/image/IMG_20260105_092025.jpg,data/labels/IMG_20260105_092025.txt,3046b171e078dd92b90716de3be751261ed576b2f34e0d65eaeefbf2085acb5b,ca98ec2d25e5f096,3072,4096,RGB,2026-01-05T09:20:25,2026:01:05 09:20:25,,vivo,iQOO 15,,1,2,anthracnose,1,False
IMG_20260105_092044.jpg,data/image/IMG_20260105_092044.jpg,data/labels/IMG_20260105_092044.txt,5a01172b46a528ee9e1be40a99199cc77b593d0d70850a14faf37ecf4a02d1a8,f5636305cf24d513,3072,4096,RGB,2026-01-05T09:20:44,2026:01:05 09:20:44,,vivo,iQOO 15,,1,0,brown spot,1,False
IMG_20260105_092259.jpg,data/image/IMG_20260105_092259.jpg,data/labels/IMG_20260105_092259.txt,a890364295207a12ab3db1e9caeed04e3b9d0e667a807f10f560de162197212e,eeef360c86c240ed,3072,4096,RGB,2026-01-05T09:22:59,2026:01:05 09:22:59,,vivo,iQOO 15,,1,2,anthracnose,1,False
IMG_20260105_092325.jpg,data/image/IMG_20260105_092325.jpg,data/labels/IMG_20260105_092325.txt,747c9fb54cc3b8732c033c336ff262c26020dc8a30802aec8fb31b89f6510d1f,d9c3ed9cf01a6194,3072,4080,RGB,2026-01-05T09:23:25,2026:01:05 09:23:25,,vivo,iQOO 15,,1,2,anthracnose,1,False
IMG_20260105_092331.jpg,data/image/IMG_20260105_092331.jpg,data/labels/IMG_20260105_092331.txt,daa03d7a6ee365eb44bfcb79f824b891eed6f293bbb29135fa6775a453ecfd03,d158936ea52dd4b8,3072,4096,RGB,2026-01-05T09:23:31,2026:01:05 09:23:31,,vivo,iQOO 15,,1,2,anthracnose,1,False
IMG_20260105_092338.jpg,data/image/IMG_20260105_092338.jpg,data/labels/IMG_20260105_092338.txt,ec615a41f072ec633aad3847392d1c6eca112f00ac048ffdae670e58ce61257f,889c5cd7a81e53b6,3072,4096,RGB,2026-01-05T09:23:38,2026:01:05 09:23:38,,vivo,iQOO 15,,1,2,anthracnose,1,False
IMG_20260105_092345.jpg,data/image/IMG_20260105_092345.jpg,data/labels/IMG_20260105_092345.txt,ad9a73b331715b81bb386e272c8bba2dabf166d1f428d85de2f84893465f1092,94e3e20a9e91f8b9,3072,4080,RGB,2026-01-05T09:23:45,2026:01:05 09:23:45,,vivo,iQOO 15,,1,2,anthracnose,1,False
IMG_20260105_092407.jpg,data/image/IMG_20260105_092407.jpg,data/labels/IMG_20260105_092407.txt,6788cad2afeae702387e15fd2c935b5eb81e394852bf28ce8d3a5a1b9283fcd8,cef631a823019e7b,3072,4096,RGB,2026-01-05T09:24:07,2026:01:05 09:24:07,,vivo,iQOO 15,,1,2,anthracnose,1,False
IMG_20260105_092416.jpg,data/image/IMG_20260105_092416.jpg,data/labels/IMG_20260105_092416.txt,31afd3366d2874c48dbba6d744ab80c9a13f95d283a49a9c104f4f2d5e4f7bf5,86ec78f2d09aaa99,3072,4080,RGB,2026-01-05T09:24:16,2026:01:05 09:24:16,,vivo,iQOO 15,,1,2,anthracnose,1,False
IMG_20260105_092419.jpg,data/image/IMG_20260105_092419.jpg,data/labels/IMG_20260105_092419.txt,a8f4c7bb1452d169f6bf65b3ec3f35e26ca21c646a9eb3d84da46704b01d10ca,8774b563e55c540b,3072,4080,RGB,2026-01-05T09:24:19,2026:01:05 09:24:19,,vivo,iQOO 15,,2,2,anthracnose,1,False
IMG_20260105_092529.jpg,data/image/IMG_20260105_092529.jpg,data/labels/IMG_20260105_092529.txt,f600b0dd749b63c95a08ac8cad17bcc570d98815a4b46919696db5e33b26c919,aff52c498a7e6118,3072,4096,RGB,2026-01-05T09:25:29,2026:01:05 09:25:29,,vivo,iQOO 15,,1,2,anthracnose,1,False
IMG_20260105_092534.jpg,data/image/IMG_20260105_092534.jpg,data/labels/IMG_20260105_092534.txt,bb6995436da76089daa0a131b45fd0976cd248b54677118c776019f4a6393b1d,86c0b8c72ef623f4,3072,4096,RGB,2026-01-05T09:25:34,2026:01:05 09:25:34,,vivo,iQOO 15,,1,2,anthracnose,1,False
IMG_20260105_092545.jpg,data/image/IMG_20260105_092545.jpg,data/labels/IMG_20260105_092545.txt,f8aa339c7b3e4da2f250ceddad097bed289db13602f2170ba0fb771fdb606bbb,f80a7bc8216e5c3e,3072,4096,RGB,2026-01-05T09:25:45,2026:01:05 09:25:45,,vivo,iQOO 15,,2,2,anthracnose,1,False
IMG_20260105_092610.jpg,data/image/IMG_20260105_092610.jpg,data/labels/IMG_20260105_092610.txt,aa186a6ef4f862c669829d74c854b46745ae392d40f81fae2e2a859f8ea54e12,8b6a23c92bacd369,3072,4080,RGB,2026-01-05T09:26:10,2026:01:05 09:26:10,,vivo,iQOO 15,,1,2,anthracnose,1,False
IMG_20260105_092615.jpg,data/image/IMG_20260105_092615.jpg,data/labels/IMG_20260105_092615.txt,cb2500117014265b4b18e634a1389095fe3b3ef01652928f3770520cf8a5c78c,9d3062e2fab33073,3072,4080,RGB,2026-01-05T09:26:15,2026:01:05 09:26:15,,vivo,iQOO 15,,2,2,anthracnose,1,False
IMG_20260105_092623.jpg,data/image/IMG_20260105_092623.jpg,data/labels/IMG_20260105_092623.txt,b654dc6201fec58fbfb7d9cae3328602d46055bb86ba8c1d4282815604aa4e8b,f02787a2d6af0b07,3072,4096,RGB,2026-01-05T09:26:23,2026:01:05 09:26:23,,vivo,iQOO 15,,1,0,brown spot,1,False
IMG_20260105_092716.jpg,data/image/IMG_20260105_092716.jpg,data/labels/IMG_20260105_092716.txt,b3f3f1dbb79163613a7c779ef7d8397f4dbbf559ba5ffafd3347681eb3770140,82b0fc3d7704fa2a,3072,4096,RGB,2026-01-05T09:27:16,2026:01:05 09:27:16,,vivo,iQOO 15,,1,4,healthy,1,False
IMG_20260105_092719.jpg,data/image/IMG_20260105_092719.jpg,data/labels/IMG_20260105_092719.txt,c71c5b343f5dc9e7c3b1787fe5c2a9a6f3f3ce4f45c60a27e74a9b6955995d3d,f8bc957cb360242d,3072,4096,RGB,2026-01-05T09:27:19,2026:01:05 09:27:19,,vivo,iQOO 15,,1,4,healthy,1,False
IMG_20260105_092723.jpg,data/image/IMG_20260105_092723.jpg,data/labels/IMG_20260105_092723.txt,a177d699c5868a33960dc83b195a828d63642b22f9e8673941145da24fa901ec,e0ab084d2b6faa37,3072,4080,RGB,2026-01-05T09:27:23,2026:01:05 09:27:23,,vivo,iQOO 15,,1,4,healthy,1,False
IMG_20260105_092735.jpg,data/image/IMG_20260105_092735.jpg,data/labels/IMG_20260105_092735.txt,e8baeab645e30043339655cfe2421c81a9d1b1ed9234035d17da2784b57cb658,e497cb2d93bbe040,3072,4096,RGB,2026-01-05T09:27:35,2026:01:05 09:27:35,,vivo,iQOO 15,,2,2,anthracnose,1,False
IMG_20260105_092738.jpg,data/image/IMG_20260105_092738.jpg,data/labels/IMG_20260105_092738.txt,951ac42223d95f4064689a40f4e3fca308744b9c40bead37b2ac4dab62e65745,9ef86501470b875f,3072,4080,RGB,2026-01-05T09:27:38,2026:01:05 09:27:38,,vivo,iQOO 15,,2,2,anthracnose,1,False
IMG_20260105_092755.jpg,data/image/IMG_20260105_092755.jpg,data/labels/IMG_20260105_092755.txt,b3f6db3853264580323cd666291f282c6e26882a5ae2727b06ac282fe3318991,8fe07cd700dbf0b0,3072,4080,RGB,2026-01-05T09:27:55,2026:01:05 09:27:55,,vivo,iQOO 15,,1,2,anthracnose,1,False
IMG_20260105_092841.jpg,data/image/IMG_20260105_092841.jpg,data/labels/IMG_20260105_092841.txt,3f468c61f1707badb035b8a69e09a11111b24380ebe117ab082a6c7004548c1a,fbb9a372ae428c48,3072,4080,RGB,2026-01-05T09:28:41,2026:01:05 09:28:41,,vivo,iQOO 15,,3,2,anthracnose,1,False
IMG_20260105_092844.jpg,data/image/IMG_20260105_092844.jpg,data/labels/IMG_20260105_092844.txt,e51c3df00cc14ee12db360be0a8e86c21fe6e67f6a26f07504998a48f0209223,df83a0078f07ac4f,3072,4080,RGB,2026-01-05T09:28:44,2026:01:05 09:28:44,,vivo,iQOO 15,,1,2,anthracnose,1,False
IMG_20260105_092855.jpg,data/image/IMG_20260105_092855.jpg,data/labels/IMG_20260105_092855.txt,7d7ff65e57f17d65577f5296cff0e08c731319695166d9011e80c78886f4032b,dfe0f507f82040af,3072,4080,RGB,2026-01-05T09:28:55,2026:01:05 09:28:55,,vivo,iQOO 15,,1,2,anthracnose,1,False
IMG_20260105_092917.jpg,data/image/IMG_20260105_092917.jpg,data/labels/IMG_20260105_092917.txt,29d314507ecf638f5f524396921b93f3431386c21100d0a3763cde54b96c2b2c,8d008f3f7509759d,3072,4096,RGB,2026-01-05T09:29:17,2026:01:05 09:29:17,,vivo,iQOO 15,,6,1;2,Leaf rust;anthracnose,2,True
IMG_20260105_092921.jpg,data/image/IMG_20260105_092921.jpg,data/labels/IMG_20260105_092921.txt,3ad57d7462aa60d4896d980021aa9122a350fd28ad4e0634d902d202865ea7d5,b5747c643dad18c4,3072,4096,RGB,2026-01-05T09:29:21,2026:01:05 09:29:21,,vivo,iQOO 15,,1,2,anthracnose,1,False
IMG_20260105_092928.jpg,data/image/IMG_20260105_092928.jpg,data/labels/IMG_20260105_092928.txt,e7f959567b55786614b652ea661184ba24a207a46dfe54ffb812de3f4ba9bbfc,89e4740dcba594d7,3072,4096,RGB,2026-01-05T09:29:28,2026:01:05 09:29:28,,vivo,iQOO 15,,1,2,anthracnose,1,False
IMG_20260105_092931.jpg,data/image/IMG_20260105_092931.jpg,data/labels/IMG_20260105_092931.txt,253581bd51fd3d7315b6dd6b414589aff6268d0aa62b9b10e16962420030dbc4,92af9c0478f6fd20,3072,4096,RGB,2026-01-05T09:29:31,2026:01:05 09:29:31,,vivo,iQOO 15,,1,2,anthracnose,1,False
IMG_20260105_092934.jpg,data/image/IMG_20260105_092934.jpg,data/labels/IMG_20260105_092934.txt,9a5d33b347033fd5241b33a1d10c1b5b011016b61dc6ac4b8996c3b3d9ed58d2,828f9f3454eae155,3072,4096,RGB,2026-01-05T09:29:34,2026:01:05 09:29:34,,vivo,iQOO 15,,1,2,anthracnose,1,False
IMG_20260105_092937.jpg,data/image/IMG_20260105_092937.jpg,data/labels/IMG_20260105_092937.txt,e6ea4bd8a546a06fbb591ef508009c22a253b7d8cca66f25f631fe4d00232151,ec5ca4027b7a90bd,3072,4096,RGB,2026-01-05T09:29:37,2026:01:05 09:29:37,,vivo,iQOO 15,,2,2,anthracnose,1,False
IMG_20260105_093005.jpg,data/image/IMG_20260105_093005.jpg,data/labels/IMG_20260105_093005.txt,6b15dcba7ef0953c95d764142278b6ab1b4326097b1ef90eed4745fdaedf41a7,da4ea80eeab9de01,3072,4096,RGB,2026-01-05T09:30:05,2026:01:05 09:30:05,,vivo,iQOO 15,,1,1,Leaf rust,1,False
IMG_20260105_093008.jpg,data/image/IMG_20260105_093008.jpg,data/labels/IMG_20260105_093008.txt,eafee17518996fdfaeb7879c35040d79fcd0a6c50e9d93da27a0a808a33c7071,c02dab6335a64d4f,3072,4080,RGB,2026-01-05T09:30:08,2026:01:05 09:30:08,,vivo,iQOO 15,,1,1,Leaf rust,1,False
IMG_20260105_093055.jpg,data/image/IMG_20260105_093055.jpg,data/labels/IMG_20260105_093055.txt,6d5a884e50f4c47496b756b6ac658c199ac9c5c7edfbf072a6a3b84bba9efe86,d3de210c1d7a5e54,3072,4080,RGB,2026-01-05T09:30:55,2026:01:05 09:30:55,,vivo,iQOO 15,,1,0,brown spot,1,False
IMG_20260105_093103.jpg,data/image/IMG_20260105_093103.jpg,data/labels/IMG_20260105_093103.txt,70f35d26d7ae800d920a8ecf8625dce58fc14171c12f2c5320ef20177863dfde,fad8f50d883895ac,3072,4096,RGB,2026-01-05T09:31:03,2026:01:05 09:31:03,,vivo,iQOO 15,,1,0,brown spot,1,False
IMG_20260105_093114.jpg,data/image/IMG_20260105_093114.jpg,data/labels/IMG_20260105_093114.txt,ad8d0b1cd50eafc2391a7ef860a23a6c13b00fca4cdb7f991c12460171452946,dc2771ca6dda5241,3072,4080,RGB,2026-01-05T09:31:14,2026:01:05 09:31:14,,vivo,iQOO 15,,1,2,anthracnose,1,False
IMG_20260105_093118.jpg,data/image/IMG_20260105_093118.jpg,data/labels/IMG_20260105_093118.txt,3ca2a702aea4b694dc18663db5fd857ba930d122603e913ff6ebee32fdac33c8,dcf8662d85444cf3,3072,4096,RGB,2026-01-05T09:31:18,2026:01:05 09:31:18,,vivo,iQOO 15,,2,2,anthracnose,1,False
IMG_20260105_093130.jpg,data/image/IMG_20260105_093130.jpg,data/labels/IMG_20260105_093130.txt,d72de514671daffa731f57bc9671be1891959b22db0fe678c157f1a199d962b0,c8c9b506fcba2e34,3072,4080,RGB,2026-01-05T09:31:30,2026:01:05 09:31:30,,vivo,iQOO 15,,1,2,anthracnose,1,False
IMG_20260105_093207.jpg,data/image/IMG_20260105_093207.jpg,data/labels/IMG_20260105_093207.txt,bb7fbe07a9bf01a0e7fd03b88d3014e9529279802573e7da79558cb4e6b8cd1f,cac92df8d7158507,3072,4080,RGB,2026-01-05T09:32:07,2026:01:05 09:32:07,,vivo,iQOO 15,,4,2,anthracnose,1,False
IMG_20260105_093233.jpg,data/image/IMG_20260105_093233.jpg,data/labels/IMG_20260105_093233.txt,46392c13027d614ce5a1d1188b46f023fe83e1075e42327f86fc09489f6866f2,f98d466c3236d174,3072,4096,RGB,2026-01-05T09:32:33,2026:01:05 09:32:33,,vivo,iQOO 15,,1,2,anthracnose,1,False
IMG_20260105_093237.jpg,data/image/IMG_20260105_093237.jpg,data/labels/IMG_20260105_093237.txt,640110d95469376810e076c505eaba4f2a11d56f5c42146f52bb868f97a35c46,c35b923e7ed01931,3072,4096,RGB,2026-01-05T09:32:37,2026:01:05 09:32:37,,vivo,iQOO 15,,1,2,anthracnose,1,False
IMG_20260105_093243.jpg,data/image/IMG_20260105_093243.jpg,data/labels/IMG_20260105_093243.txt,882226ef760f9ef9bf8097948d82bdc46e18d9e424921a9b20f6fb47060b6998,9a220f418be1be7b,3072,4080,RGB,2026-01-05T09:32:43,2026:01:05 09:32:43,,vivo,iQOO 15,,1,2,anthracnose,1,False
IMG_20260105_093247.jpg,data/image/IMG_20260105_093247.jpg,data/labels/IMG_20260105_093247.txt,edb8e0ce7c38267f1ab111745dfd961c08589a29eb6413d974398d3e93736efd,f350c98347cca71e,3072,4080,RGB,2026-01-05T09:32:47,2026:01:05 09:32:47,,vivo,iQOO 15,,1,2,anthracnose,1,False
IMG_20260105_093255.jpg,data/image/IMG_20260105_093255.jpg,data/labels/IMG_20260105_093255.txt,7d6ec9947e4cb77f7bb930e0e392b65af6931a0e1b717d9ec630af9bc1890b07,f64bec2042f169d9,3072,4080,RGB,2026-01-05T09:32:55,2026:01:05 09:32:55,,vivo,iQOO 15,,1,2,anthracnose,1,False
IMG_20260105_093259.jpg,data/image/IMG_20260105_093259.jpg,data/labels/IMG_20260105_093259.txt,19b60faaa685155c0ab69be1baecab20a72ece4b04701e147456de50e44c84fd,c6a4de5e1743a349,3072,4096,RGB,2026-01-05T09:32:59,2026:01:05 09:32:59,,vivo,iQOO 15,,2,2,anthracnose,1,False
IMG_20260105_093315.jpg,data/image/IMG_20260105_093315.jpg,data/labels/IMG_20260105_093315.txt,44ac6ab5da2bdc9a924e2208fa7ccc226d619050ca83e8addbbedcb03578d49b,ffa4836427c636c4,3072,4096,RGB,2026-01-05T09:33:15,2026:01:05 09:33:15,,vivo,iQOO 15,,1,2,anthracnose,1,False
IMG_20260105_093321.jpg,data/image/IMG_20260105_093321.jpg,data/labels/IMG_20260105_093321.txt,9cbb7915f6fbee7f74c21f7952e998180fc5ed918ad313b0898af95767ae5aa7,d3df5860ff6090c2,3072,4096,RGB,2026-01-05T09:33:21,2026:01:05 09:33:21,,vivo,iQOO 15,,2,2,anthracnose,1,False
IMG_20260105_093341.jpg,data/image/IMG_20260105_093341.jpg,data/labels/IMG_20260105_093341.txt,406e7e8bf4424679c02c4f6226e1406fd9ed1bf4320c8d1dd0c059d3caff8d3a,cc09f51fc158cb2b,3072,4096,RGB,2026-01-05T09:33:41,2026:01:05 09:33:41,,vivo,iQOO 15,,1,2,anthracnose,1,False
IMG_20260105_093346.jpg,data/image/IMG_20260105_093346.jpg,data/labels/IMG_20260105_093346.txt,99687e54e292cdc11e5ff5694575ee7fd3da0b98b107edde0ff230724852b9c2,d625a562b7de0a15,3072,4096,RGB,2026-01-05T09:33:46,2026:01:05 09:33:46,,vivo,iQOO 15,,1,2,anthracnose,1,False
IMG_20260105_093353.jpg,data/image/IMG_20260105_093353.jpg,data/labels/IMG_20260105_093353.txt,39b36f3b521be59e01384cf386efe5a541edd67964468d2858ee616ced8b461b,dc0392386b9d536b,3072,4096,RGB,2026-01-05T09:33:53,2026:01:05 09:33:53,,vivo,iQOO 15,,3,2,anthracnose,1,False
IMG_20260105_093410.jpg,data/image/IMG_20260105_093410.jpg,data/labels/IMG_20260105_093410.txt,647cae225029cbf846686b3672f6aa647a6ab571ee0d9e9a118a20e6e581492a,bd57de44104dbd0c,3072,4096,RGB,2026-01-05T09:34:10,2026:01:05 09:34:10,,vivo,iQOO 15,,1,2,anthracnose,1,False
IMG_20260105_093413.jpg,data/image/IMG_20260105_093413.jpg,data/labels/IMG_20260105_093413.txt,cd7b454b53bc04edc128550f606fc5d3f90dcfe39759b918d53b635196fa841b,e21cb8b54eb28dc6,3072,4096,RGB,2026-01-05T09:34:13,2026:01:05 09:34:13,,vivo,iQOO 15,,1,2,anthracnose,1,False
IMG_20260105_093416.jpg,data/image/IMG_20260105_093416.jpg,data/labels/IMG_20260105_093416.txt,9da0ffd344046e3e51f6bb47c8e1348f10bfd29ca22b37e58619f948daa3e888,cd7b9e79f28c8014,3072,4096,RGB,2026-01-05T09:34:16,2026:01:05 09:34:16,,vivo,iQOO 15,,1,2,anthracnose,1,False
IMG_20260105_093423.jpg,data/image/IMG_20260105_093423.jpg,data/labels/IMG_20260105_093423.txt,58f2a069b0a3cf8a968bcc014974503971059b87c2699dfd6c970edd7295fba9,d08f846f6f583932,3072,4096,RGB,2026-01-05T09:34:23,2026:01:05 09:34:23,,vivo,iQOO 15,,1,2,anthracnose,1,False
IMG_20260105_093439.jpg,data/image/IMG_20260105_093439.jpg,data/labels/IMG_20260105_093439.txt,834ffd8b00edb859b898a12368c58230e3a0db8140cb41014b0a96efa99b6b38,d398e2c0f3ec0b78,3072,4096,RGB,2026-01-05T09:34:39,2026:01:05 09:34:39,,vivo,iQOO 15,,1,2,anthracnose,1,False
IMG_20260105_093443.jpg,data/image/IMG_20260105_093443.jpg,data/labels/IMG_20260105_093443.txt,928d984f46cffb21cf96b930de34ed5d47c579c40d0a0807e5bf7081cf21e33d,d28afc1995f20b0f,3072,4080,RGB,2026-01-05T09:34:43,2026:01:05 09:34:43,,vivo,iQOO 15,,1,2,anthracnose,1,False
IMG_20260105_093446.jpg,data/image/IMG_20260105_093446.jpg,data/labels/IMG_20260105_093446.txt,b8425721bf66ff54689b3b795112e9b030dec5ee8c3ad98799147b5e3b9a0971,c94b34f1338e6897,3072,4096,RGB,2026-01-05T09:34:46,2026:01:05 09:34:46,,vivo,iQOO 15,,1,2,anthracnose,1,False
IMG_20260105_093449.jpg,data/image/IMG_20260105_093449.jpg,data/labels/IMG_20260105_093449.txt,c21a7bf422f22f31f68652dcc71854b88c3a9c38c8aa544ce4887e9436da7939,c2d22ce53e960b8f,3072,4080,RGB,2026-01-05T09:34:49,2026:01:05 09:34:49,,vivo,iQOO 15,,4,1;2,Leaf rust;anthracnose,2,True
IMG_20260105_093452.jpg,data/image/IMG_20260105_093452.jpg,data/labels/IMG_20260105_093452.txt,58c428ef763cb78ab691d151e3253eeb8f400ff84d21e87027bef6a70267d938,d6dc4c3426a78787,3072,4080,RGB,2026-01-05T09:34:52,2026:01:05 09:34:52,,vivo,iQOO 15,,2,2,anthracnose,1,False
IMG_20260105_093456.jpg,data/image/IMG_20260105_093456.jpg,data/labels/IMG_20260105_093456.txt,9da8ab09c4b3d8de753bf93bf8a4a7ee8be3dcf4d744e7cf0bdc24c4713900db,c48f5f247d6444f1,3072,4080,RGB,2026-01-05T09:34:56,2026:01:05 09:34:56,,vivo,iQOO 15,,2,2;3,anthracnose;Affected by leaf miner,2,True
IMG_20260105_093501.jpg,data/image/IMG_20260105_093501.jpg,data/labels/IMG_20260105_093501.txt,bc1b709b8d4dee7ea8e936d29d74070e4c52da798166bbfba6795dd8ea04967e,cff660e225875694,3072,4080,RGB,2026-01-05T09:35:01,2026:01:05 09:35:01,,vivo,iQOO 15,,2,1;3,Leaf rust;Affected by leaf miner,2,True
IMG_20260105_093504.jpg,data/image/IMG_20260105_093504.jpg,data/labels/IMG_20260105_093504.txt,0b5135d39f1894aa4297771267b03a8c288850f967a70cb7b54108ababc6b626,8f41366ec9f390cc,3072,4096,RGB,2026-01-05T09:35:04,2026:01:05 09:35:04,,vivo,iQOO 15,,1,2,anthracnose,1,False
IMG_20260105_093507.jpg,data/image/IMG_20260105_093507.jpg,data/labels/IMG_20260105_093507.txt,307bf567d8a20a9fdcf03f91105d81c0e86e20666b3c485d4e7415b4c8652a98,984362dcc4d9a33f,3072,4080,RGB,2026-01-05T09:35:07,2026:01:05 09:35:07,,vivo,iQOO 15,,1,2,anthracnose,1,False
IMG_20260105_093510.jpg,data/image/IMG_20260105_093510.jpg,data/labels/IMG_20260105_093510.txt,a2d66d6431a350404439cc98c8643cebb6808966343aca0cb33b5875cc94f119,ccc8bc3471f55073,3072,4080,RGB,2026-01-05T09:35:10,2026:01:05 09:35:10,,vivo,iQOO 15,,2,2,anthracnose,1,False
IMG_20260105_093514.jpg,data/image/IMG_20260105_093514.jpg,data/labels/IMG_20260105_093514.txt,43207dbdb884052e979e623db033f518926d7c3260a79258aea366c5222f3b1e,8fd00d1f5a96b6a4,3072,4080,RGB,2026-01-05T09:35:14,2026:01:05 09:35:14,,vivo,iQOO 15,,2,2;3,anthracnose;Affected by leaf miner,2,True
IMG_20260105_093517.jpg,data/image/IMG_20260105_093517.jpg,data/labels/IMG_20260105_093517.txt,54d926901a785f98de7ff4c3a2214f442e6f7ea372b006428a8edfd966fa71bf,a8796427ae2eb591,3072,4080,RGB,2026-01-05T09:35:17,2026:01:05 09:35:17,,vivo,iQOO 15,,2,2,anthracnose,1,False
IMG_20260105_093519.jpg,data/image/IMG_20260105_093519.jpg,data/labels/IMG_20260105_093519.txt,b071d56999bb2acec019e0b10ae08145563019785d0e53819008e525dc3b134e,bf6db4bce1b88081,3072,4080,RGB,2026-01-05T09:35:19,2026:01:05 09:35:19,,vivo,iQOO 15,,2,2,anthracnose,1,False
IMG_20260105_093522.jpg,data/image/IMG_20260105_093522.jpg,data/labels/IMG_20260105_093522.txt,28972375ca270c0c18ec78a4ccc0ccd5cc1039dbe6fb1c0f87ae9eaa8309d0de,d988fc37223f13c2,3072,4080,RGB,2026-01-05T09:35:22,2026:01:05 09:35:22,,vivo,iQOO 15,,1,2,anthracnose,1,False
IMG_20260105_094030.jpg,data/image/IMG_20260105_094030.jpg,data/labels/IMG_20260105_094030.txt,0fca25cf59b7bd1b0c006b3c9e80ff4615f0d112c393a7ada11c60259714a552,a757cc5a5a3464a9,3072,4096,RGB,2026-01-05T09:40:30,2026:01:05 09:40:30,,vivo,iQOO 15,,1,2,anthracnose,1,False
IMG_20260105_094057.jpg,data/image/IMG_20260105_094057.jpg,data/labels/IMG_20260105_094057.txt,cc7f15ef4cd725ecf287f60e2a2bb4e7f2c4834e587ef484920396c3a192c9c6,ba9ec8505cd15cd3,3072,4080,RGB,2026-01-05T09:40:57,2026:01:05 09:40:57,,vivo,iQOO 15,,1,1,Leaf rust,1,False
IMG_20260105_094116.jpg,data/image/IMG_20260105_094116.jpg,data/labels/IMG_20260105_094116.txt,a3a33335a54ac59b25b2ae27efd8d6fcd21153e32347b0d21d05fcf97ab242b9,b514c6615ba67b86,3072,4096,RGB,2026-01-05T09:41:16,2026:01:05 09:41:16,,vivo,iQOO 15,,2,1;2,Leaf rust;anthracnose,2,True
IMG_20260105_094124.jpg,data/image/IMG_20260105_094124.jpg,data/labels/IMG_20260105_094124.txt,b755a9056e94c95d6152b15459a0b27d4a189cd16fdb49aa1087d53e4efb5425,e518e327e585f521,3072,4080,RGB,2026-01-05T09:41:24,2026:01:05 09:41:24,,vivo,iQOO 15,,1,1,Leaf rust,1,False
IMG_20260105_094127.jpg,data/image/IMG_20260105_094127.jpg,data/labels/IMG_20260105_094127.txt,8120f43c2f8c97d0ac839f87ae98ca69f8cdc7af35e18e5b493520b5dd405897,cc96126e98e0df6c,3072,4080,RGB,2026-01-05T09:41:27,2026:01:05 09:41:27,,vivo,iQOO 15,,1,1,Leaf rust,1,False
IMG_20260105_094136.jpg,data/image/IMG_20260105_094136.jpg,data/labels/IMG_20260105_094136.txt,e092bf481832fa9a9dd062230f9d78722783cabb1541ece943ff8094bf845b19,fca0fbc22e3829e1,3072,4096,RGB,2026-01-05T09:41:36,2026:01:05 09:41:36,,vivo,iQOO 15,,1,2,anthracnose,1,False
IMG_20260105_094142.jpg,data/image/IMG_20260105_094142.jpg,data/labels/IMG_20260105_094142.txt,fcf9f2675ca503d2bb2d32cff8c0492b08ebdb1018fc747541ce2370f1b35ffa,ad5b9a01cf067f90,3072,4096,RGB,2026-01-05T09:41:42,2026:01:05 09:41:42,,vivo,iQOO 15,,1,2,anthracnose,1,False
IMG_20260105_094148.jpg,data/image/IMG_20260105_094148.jpg,data/labels/IMG_20260105_094148.txt,4bf90874c6ba1c8b0783215375104c53c920ef884543b64cb014b65687236e63,ee31c01fa8d349b3,3072,4096,RGB,2026-01-05T09:41:48,2026:01:05 09:41:48,,vivo,iQOO 15,,1,1,Leaf rust,1,False
IMG_20260105_094152.jpg,data/image/IMG_20260105_094152.jpg,data/labels/IMG_20260105_094152.txt,c77ac250ed362eeac904477bf0c298fe2b798487917a6e597aea91f26e1a64ad,f8c08b484d9b4bdb,3072,4080,RGB,2026-01-05T09:41:52,2026:01:05 09:41:52,,vivo,iQOO 15,,1,2,anthracnose,1,False
IMG_20260105_094155.jpg,data/image/IMG_20260105_094155.jpg,data/labels/IMG_20260105_094155.txt,7eca586671a361aebb87d2324e4bea7c3748fa20d073237c0f96b78f94ed1c5b,e8f1e8e0f4b42b15,3072,4080,RGB,2026-01-05T09:41:55,2026:01:05 09:41:55,,vivo,iQOO 15,,1,2,anthracnose,1,False
IMG_20260105_094226.jpg,data/image/IMG_20260105_094226.jpg,data/labels/IMG_20260105_094226.txt,b1d48f185de1bcdb47a3a0dcaef50e2c3ef792268d594987a6257dee4c437cdb,d19466d3d99915b4,3072,4080,RGB,2026-01-05T09:42:26,2026:01:05 09:42:26,,vivo,iQOO 15,,1,2,anthracnose,1,False
IMG_20260105_094230.jpg,data/image/IMG_20260105_094230.jpg,data/labels/IMG_20260105_094230.txt,12ee73858e911cb028238930c110d1b5281f98d701bad26041ac8f98d8a46a08,9cf0e5e120ee07c7,3072,4080,RGB,2026-01-05T09:42:30,2026:01:05 09:42:30,,vivo,iQOO 15,,1,1,Leaf rust,1,False
IMG_20260105_094233.jpg,data/image/IMG_20260105_094233.jpg,data/labels/IMG_20260105_094233.txt,40e8af8a144ce16cef3b5be81edad3a005c9a353d8c3fb25ca13855c22691715,d7cf8cec70602d2c,3072,4080,RGB,2026-01-05T09:42:33,2026:01:05 09:42:33,,vivo,iQOO 15,,1,2,anthracnose,1,False
IMG_20260105_094240.jpg,data/image/IMG_20260105_094240.jpg,data/labels/IMG_20260105_094240.txt,1827817add4f4b5f8397f0a28b7cf77d2a4ce32b3de671db037ea9796b2b67bc,8a7e70f18dcd1d18,3072,4080,RGB,2026-01-05T09:42:40,2026:01:05 09:42:40,,vivo,iQOO 15,,1,2,anthracnose,1,False
IMG_20260105_094245.jpg,data/image/IMG_20260105_094245.jpg,data/labels/IMG_20260105_094245.txt,3f0bc1f1da9fcbfa5aa83e55f2a0eba418d51b6965c0f3fb652f9e5f7815f496,f4849a7ccfc4838e,3072,4080,RGB,2026-01-05T09:42:45,2026:01:05 09:42:45,,vivo,iQOO 15,,1,2,anthracnose,1,False
IMG_20260105_094302.jpg,data/image/IMG_20260105_094302.jpg,data/labels/IMG_20260105_094302.txt,a3a47d5c5a733dcb7ee64a1cfac8c3a4bb38f52f3b23d53375a1ec1d8d73c25f,c0d7e749d519d438,3072,4080,RGB,2026-01-05T09:43:02,2026:01:05 09:43:02,,vivo,iQOO 15,,1,2,anthracnose,1,False
IMG_20260105_094308.jpg,data/image/IMG_20260105_094308.jpg,data/labels/IMG_20260105_094308.txt,914ece7f6cee2a58237190736ac7fe3d91269b593578b42436e625e8e3d5c7cf,d5d0f648ad0d1db8,3072,4096,RGB,2026-01-05T09:43:08,2026:01:05 09:43:08,,vivo,iQOO 15,,1,2,anthracnose,1,False
IMG_20260105_094312.jpg,data/image/IMG_20260105_094312.jpg,data/labels/IMG_20260105_094312.txt,b7255aa8fb42a2c771fb149395e3218f1ad81534e883539a14db1c85db6519d9,e7ee95a50b5a304a,3072,4096,RGB,2026-01-05T09:43:12,2026:01:05 09:43:12,,vivo,iQOO 15,,5,2,anthracnose,1,False
IMG_20260105_094333.jpg,data/image/IMG_20260105_094333.jpg,data/labels/IMG_20260105_094333.txt,d3ca0294c49c942772a0d3c35f2b1bd2e1086ab044a37fefbe2df56f16f56376,9cb5fac047434576,3072,4096,RGB,2026-01-05T09:43:33,2026:01:05 09:43:33,,vivo,iQOO 15,,1,0,brown spot,1,False
IMG_20260105_094338.jpg,data/image/IMG_20260105_094338.jpg,data/labels/IMG_20260105_094338.txt,0be838ae029b6168e1234826ea4ceeb47f5b173b35e259e8297f8fdff3d20dc1,8e9db5718606e4ba,3072,4096,RGB,2026-01-05T09:43:38,2026:01:05 09:43:38,,vivo,iQOO 15,,3,0;2,brown spot;anthracnose,2,True
IMG_20260105_094350.jpg,data/image/IMG_20260105_094350.jpg,data/labels/IMG_20260105_094350.txt,02547d3a8338a8fe51dbfe23b4d0cb908c940edbf1ad4d421dd3a36063df1360,9812e2591af3dec5,3072,4080,RGB,2026-01-05T09:43:50,2026:01:05 09:43:50,,vivo,iQOO 15,,1,0,brown spot,1,False
IMG_20260105_094358.jpg,data/image/IMG_20260105_094358.jpg,data/labels/IMG_20260105_094358.txt,b97553faa6b5b05da8da48229d3f22cf974d5ca423bb73e8c419b1a866743f89,83c548971176fb3a,3072,4080,RGB,2026-01-05T09:43:58,2026:01:05 09:43:58,,vivo,iQOO 15,,5,0;2,brown spot;anthracnose,2,True
IMG_20260105_094417.jpg,data/image/IMG_20260105_094417.jpg,data/labels/IMG_20260105_094417.txt,cb308fad745628388e3d58aba5f703e53026626c72ff00d6c500a54beff05649,a1d1b5b5e2524a6d,4096,3072,RGB,2026-01-05T09:44:17,2026:01:05 09:44:17,,vivo,iQOO 15,,1,2,anthracnose,1,False
IMG_20260105_094423.jpg,data/image/IMG_20260105_094423.jpg,data/labels/IMG_20260105_094423.txt,95a8a4262e8dce81457e452f2d1acc81a01ba8a70b2cb536fb2481d7d4e0ecd4,bf1fd0788a714835,3072,4096,RGB,2026-01-05T09:44:23,2026:01:05 09:44:23,,vivo,iQOO 15,,1,2,anthracnose,1,False
IMG_20260105_094431.jpg,data/image/IMG_20260105_094431.jpg,data/labels/IMG_20260105_094431.txt,2f5b2c8114fa3529aa2c8f1de0b1e7c374b3c1c0641846f9060fe19445f88e6a,ee0fdc3194258fe0,4096,3072,RGB,2026-01-05T09:44:31,2026:01:05 09:44:31,,vivo,iQOO 15,,1,2,anthracnose,1,False
IMG_20260105_094434.jpg,data/image/IMG_20260105_094434.jpg,data/labels/IMG_20260105_094434.txt,777d52b10c6b627f3814fab7984c0e3a56ef81b20b23baa142da835827bff348,822ec32d63b535cb,4080,3072,RGB,2026-01-05T09:44:34,2026:01:05 09:44:34,,vivo,iQOO 15,,1,2,anthracnose,1,False
IMG_20260105_094444.jpg,data/image/IMG_20260105_094444.jpg,data/labels/IMG_20260105_094444.txt,89650a252ea5800fb5ff251a8b68eb4701f92f7b352b3676e0378dcacf7a17ba,ca4f5d5e3a500aab,3072,4080,RGB,2026-01-05T09:44:44,2026:01:05 09:44:44,,vivo,iQOO 15,,1,0,brown spot,1,False
IMG_20260105_094459.jpg,data/image/IMG_20260105_094459.jpg,data/labels/IMG_20260105_094459.txt,272d99b5ae702ad761a77f205c81e92c4b16c4191018596830ec31cc45fde239,a03f15053ec8eeab,4080,3072,RGB,2026-01-05T09:44:59,2026:01:05 09:44:59,,vivo,iQOO 15,,1,3,Affected by leaf miner,1,False
IMG_20260105_094639.jpg,data/image/IMG_20260105_094639.jpg,data/labels/IMG_20260105_094639.txt,7cad8c00c8f079832b6438a93f42fcc1f47e4790eefc39935e53fa8343287edb,a1988ac7f80ae1fb,3072,4080,RGB,2026-01-05T09:46:39,2026:01:05 09:46:39,,vivo,iQOO 15,,1,0,brown spot,1,False
IMG_20260105_094647.jpg,data/image/IMG_20260105_094647.jpg,data/labels/IMG_20260105_094647.txt,5a2a3127089accc0a693a02d635ec0b83f0a70f625eb4e3c1217531568b562a8,f28d58609ed0dfa4,3072,4096,RGB,2026-01-05T09:46:47,2026:01:05 09:46:47,,vivo,iQOO 15,,3,1;2,Leaf rust;anthracnose,2,True
IMG_20260105_094650.jpg,data/image/IMG_20260105_094650.jpg,data/labels/IMG_20260105_094650.txt,e94884dcc76c3e2e9cbf1ecad39fe5b04bbc7806766afc5feef619ef7fccc274,d8b49133986cdd72,3072,4096,RGB,2026-01-05T09:46:50,2026:01:05 09:46:50,,vivo,iQOO 15,,2,1;2,Leaf rust;anthracnose,2,True
IMG_20260105_094806.jpg,data/image/IMG_20260105_094806.jpg,data/labels/IMG_20260105_094806.txt,1f0992f87f88cd979f1c76408e62205c341935f1275a10d7641803b244bb4ed5,f5c50df18318b83b,3072,4080,RGB,2026-01-05T09:48:06,2026:01:05 09:48:06,,vivo,iQOO 15,,5,2,anthracnose,1,False
IMG_20260105_094811.jpg,data/image/IMG_20260105_094811.jpg,data/labels/IMG_20260105_094811.txt,5b51db7354463b8a00e88968dd873797b11934fc18badaac9d8c78679e59d77b,ac456749c7888e5f,3072,4080,RGB,2026-01-05T09:48:11,2026:01:05 09:48:11,,vivo,iQOO 15,,4,2;3,anthracnose;Affected by leaf miner,2,True
IMG_20260105_094814.jpg,data/image/IMG_20260105_094814.jpg,data/labels/IMG_20260105_094814.txt,6a28be3f509a5351e2156a2584545e39feb33d088041935dad39e4e9b7a3dd00,de7e2ca162d05b8a,3072,4080,RGB,2026-01-05T09:48:14,2026:01:05 09:48:14,,vivo,iQOO 15,,1,2,anthracnose,1,False
IMG_20260105_094817.jpg,data/image/IMG_20260105_094817.jpg,data/labels/IMG_20260105_094817.txt,0ac3976ce3a75e5c5c195daea5e17af6ad8d85a25063c74ab9d5861592dcee97,c2520b337a77e256,4080,3072,RGB,2026-01-05T09:48:17,2026:01:05 09:48:17,,vivo,iQOO 15,,1,2,anthracnose,1,False
IMG_20260105_095013.jpg,data/image/IMG_20260105_095013.jpg,data/labels/IMG_20260105_095013.txt,499fba8d432b29ad34faea73567870e8d0db76dc827852858f5d0b2f7d4993b7,d0d4251ba5355e6b,3072,4096,RGB,2026-01-05T09:50:13,2026:01:05 09:50:13,,vivo,iQOO 15,,1,2,anthracnose,1,False
IMG_20260105_095015.jpg,data/image/IMG_20260105_095015.jpg,data/labels/IMG_20260105_095015.txt,fd2f02eeb8d2c2981f48bfd8e2c73386466cf2e5e099efb7cf10688139cf3ebb,87fa9aa42855c33d,3072,4096,RGB,2026-01-05T09:50:15,2026:01:05 09:50:15,,vivo,iQOO 15,,1,2,anthracnose,1,False
IMG_20260105_095018.jpg,data/image/IMG_20260105_095018.jpg,data/labels/IMG_20260105_095018.txt,a968481070b02bd8ded59bb39cffd05f78b92820cfc539f7b075bf46708adfff,a696d9c74a6d5542,3072,4096,RGB,2026-01-05T09:50:18,2026:01:05 09:50:18,,vivo,iQOO 15,,1,2,anthracnose,1,False
IMG_20260105_095031.jpg,data/image/IMG_20260105_095031.jpg,data/labels/IMG_20260105_095031.txt,2e920d522fb2bef62db2bae213169b456969de9be2494bdabe21804a69f7b145,e8338360f09e75bc,3072,4096,RGB,2026-01-05T09:50:31,2026:01:05 09:50:31,,vivo,iQOO 15,,1,2,anthracnose,1,False
IMG_20260105_095059.jpg,data/image/IMG_20260105_095059.jpg,data/labels/IMG_20260105_095059.txt,c4656e17a9d961b541aa0fbef9aa0955195c848b8aef7ce27a06defc2bd846bb,9f30aa89aef86217,3072,4080,RGB,2026-01-05T09:50:59,2026:01:05 09:50:59,,vivo,iQOO 15,,1,2,anthracnose,1,False
IMG_20260105_095530.jpg,data/image/IMG_20260105_095530.jpg,data/labels/IMG_20260105_095530.txt,d1187b8299ae0b6c06132a4fef56bd58a71767ddd03ebb5598d5fbcbe8ae5b9e,f7a8bc3c51d04ec2,3072,4080,RGB,2026-01-05T09:55:30,2026:01:05 09:55:30,,vivo,iQOO 15,,1,2,anthracnose,1,False
IMG_20260105_095605.jpg,data/image/IMG_20260105_095605.jpg,data/labels/IMG_20260105_095605.txt,3dee9b3875478c9f973a6b6bb27d622ba7d87345e8e75c8212e3e1ce3e26f4b1,d87c94a6e5619c69,3072,4096,RGB,2026-01-05T09:56:05,2026:01:05 09:56:05,,vivo,iQOO 15,,1,2,anthracnose,1,False
IMG_20260105_095738.jpg,data/image/IMG_20260105_095738.jpg,data/labels/IMG_20260105_095738.txt,12808e7fa94944a6621afdac2750b0222363c815e0c3ffaeae55e1a34fb45299,b9da4a0092ba7bae,3072,4096,RGB,2026-01-05T09:57:38,2026:01:05 09:57:38,,vivo,iQOO 15,,1,2,anthracnose,1,False
IMG_20260105_095741.jpg,data/image/IMG_20260105_095741.jpg,data/labels/IMG_20260105_095741.txt,1f338b31f3d77c232ba6f52d70ad5504d8b94b1e13daa083242db7b6950787a8,9a360dcb1275fd09,3072,4080,RGB,2026-01-05T09:57:41,2026:01:05 09:57:41,,vivo,iQOO 15,,1,2,anthracnose,1,False
IMG_20260105_095748.jpg,data/image/IMG_20260105_095748.jpg,data/labels/IMG_20260105_095748.txt,939eb5079ef43a519d004e9e2c3c2cedb94b3a235285b247e17e3744d6aa54d9,8537bcd5626cec09,3072,4096,RGB,2026-01-05T09:57:48,2026:01:05 09:57:48,,vivo,iQOO 15,,1,2,anthracnose,1,False
IMG_20260105_095751.jpg,data/image/IMG_20260105_095751.jpg,data/labels/IMG_20260105_095751.txt,2eabd81c67afc4ff92a9aa14b2153a085b09076e2f42dce22eb7a1a0a6d160ab,a31b9265e8ce1d1b,3072,4080,RGB,2026-01-05T09:57:51,2026:01:05 09:57:51,,vivo,iQOO 15,,1,2,anthracnose,1,False
IMG_20260105_095811.jpg,data/image/IMG_20260105_095811.jpg,data/labels/IMG_20260105_095811.txt,a8c0b0b5d636d7f6c56d3e20349eccb91c5ee68edaf72836af93863e7744da65,aa0d1575195f549d,3072,4080,RGB,2026-01-05T09:58:11,2026:01:05 09:58:11,,vivo,iQOO 15,,1,3,Affected by leaf miner,1,False
IMG_20260105_095831.jpg,data/image/IMG_20260105_095831.jpg,data/labels/IMG_20260105_095831.txt,1c3cea7cdfe0aaa9554965b705cdd6b27935b17868a43c285f15fa170f8d959c,d0c66fedb4709194,3072,4080,RGB,2026-01-05T09:58:31,2026:01:05 09:58:31,,vivo,iQOO 15,,4,2,anthracnose,1,False
IMG_20260105_095841.jpg,data/image/IMG_20260105_095841.jpg,data/labels/IMG_20260105_095841.txt,c177b13e3a9020d43d4ece1f04ab64f0e98be96d7d28d97f577e025aa80b7736,cc4af85ea7f14c09,3072,4080,RGB,2026-01-05T09:58:41,2026:01:05 09:58:41,,vivo,iQOO 15,,1,2,anthracnose,1,False
IMG_20260105_095849.jpg,data/image/IMG_20260105_095849.jpg,data/labels/IMG_20260105_095849.txt,4702bda205ae24338396d6142f5cc95862370e53333df7f8313611d9a46ed9d6,ad8ea5a512e46a7a,3072,4080,RGB,2026-01-05T09:58:49,2026:01:05 09:58:49,,vivo,iQOO 15,,5,0;2,brown spot;anthracnose,2,True
IMG_20260105_095852.jpg,data/image/IMG_20260105_095852.jpg,data/labels/IMG_20260105_095852.txt,00b75679ecd4534873db7229c7a24ff8749f53245255bca79708a0a798b9d31e,e1531f82225e23fb,3072,4096,RGB,2026-01-05T09:58:52,2026:01:05 09:58:52,,vivo,iQOO 15,,1,2,anthracnose,1,False
IMG_20260105_095926.jpg,data/image/IMG_20260105_095926.jpg,data/labels/IMG_20260105_095926.txt,01ad81f1b94e967ce1e63b5dc88d7255aa624797cfcbea20090ae38e6c4e1779,fac3c30b9c0e90fc,3072,4080,RGB,2026-01-05T09:59:26,2026:01:05 09:59:26,,vivo,iQOO 15,,4,0;2,brown spot;anthracnose,2,True
IMG_20260105_095942.jpg,data/image/IMG_20260105_095942.jpg,data/labels/IMG_20260105_095942.txt,7084d4214b77665935ad38852a5b6ea8878a05c62ab440b275e7160ba2c15e21,a67a1a2990f5b2a7,3072,4096,RGB,2026-01-05T09:59:42,2026:01:05 09:59:42,,vivo,iQOO 15,,3,0;2,brown spot;anthracnose,2,True
IMG_20260105_095945.jpg,data/image/IMG_20260105_095945.jpg,data/labels/IMG_20260105_095945.txt,ad1911ea1be00b7d2585cf70b450993fb726cb663c4f188deaaef9c35bf91923,aeb65d5022d322eb,3072,4096,RGB,2026-01-05T09:59:45,2026:01:05 09:59:45,,vivo,iQOO 15,,4,0,brown spot,1,False
IMG_20260105_095953.jpg,data/image/IMG_20260105_095953.jpg,data/labels/IMG_20260105_095953.txt,be129966e32b52d57e351a7fa7ba0040c0203e576f0c358786b6c43072f07c48,a7a969d715cc148e,3072,4096,RGB,2026-01-05T09:59:53,2026:01:05 09:59:53,,vivo,iQOO 15,,3,0,brown spot,1,False
IMG_20260105_095959.jpg,data/image/IMG_20260105_095959.jpg,data/labels/IMG_20260105_095959.txt,45584863c4a693488e9d5168dec77dc4127af439767fd9a721877282ac13b8a7,c77b52106216ed5e,3072,4096,RGB,2026-01-05T09:59:59,2026:01:05 09:59:59,,vivo,iQOO 15,,8,2,anthracnose,1,False
IMG_20260105_100004.jpg,data/image/IMG_20260105_100004.jpg,data/labels/IMG_20260105_100004.txt,7ece2a7c1a39e431799299d1ef08d4eeeaa141a6240b9aa7e4c2835c8a30c81b,8c4dbaa78cfe4123,3072,4080,RGB,2026-01-05T10:00:04,2026:01:05 10:00:04,,vivo,iQOO 15,,1,2,anthracnose,1,False
IMG_20260105_100009_edit_68248.jpg,data/image/IMG_20260105_100009_edit_68248.jpg,data/labels/IMG_20260105_100009_edit_68248.txt,03cf2308b1e1f5e61bef5b6d93df3f63b28d2926add73ac6b21792081c58919f,843b868ac7be6e98,3072,4096,RGB,2026-01-05T10:00:09,2026:01:05 10:00:09,,vivo,iQOO 15,,1,2,anthracnose,1,False
IMG_20260105_100016.jpg,data/image/IMG_20260105_100016.jpg,data/labels/IMG_20260105_100016.txt,87252da9fec6cc3388adc6c587fcf5b5899d3a407361fde12a7f179fd9942494,c73a20dd2fd01f64,3072,4096,RGB,2026-01-05T10:00:16,2026:01:05 10:00:16,,vivo,iQOO 15,,1,2,anthracnose,1,False
IMG_20260105_100019.jpg,data/image/IMG_20260105_100019.jpg,data/labels/IMG_20260105_100019.txt,2ab1e08f3696c968cdc5a67481dbad4853dc019cc6a9c732ee77fc207057ac1b,c7382d7065e952c7,3072,4096,RGB,2026-01-05T10:00:19,2026:01:05 10:00:19,,vivo,iQOO 15,,1,2,anthracnose,1,False
IMG_20260105_100023.jpg,data/image/IMG_20260105_100023.jpg,data/labels/IMG_20260105_100023.txt,3b307aa0eb52443fde1882c85e50dcdcca532623c1729f01e8abc4555aac453d,da06b258f62a9b56,3072,4096,RGB,2026-01-05T10:00:23,2026:01:05 10:00:23,,vivo,iQOO 15,,1,2,anthracnose,1,False
IMG_20260105_100037.jpg,data/image/IMG_20260105_100037.jpg,data/labels/IMG_20260105_100037.txt,6c20bf1b143a73786186d627f9b437e67dc97664e27ca07b082d8ca167553a9d,fd0ea0bc87605673,3072,4096,RGB,2026-01-05T10:00:37,2026:01:05 10:00:37,,vivo,iQOO 15,,1,2,anthracnose,1,False
IMG_20260105_100043.jpg,data/image/IMG_20260105_100043.jpg,data/labels/IMG_20260105_100043.txt,b23de1622f164fca3d4518c45a74328e5c56c1f7973f030f3e468f8d49897bdb,f2c72a262946bad3,3072,4096,RGB,2026-01-05T10:00:43,2026:01:05 10:00:43,,vivo,iQOO 15,,1,2,anthracnose,1,False
IMG_20260105_100050.jpg,data/image/IMG_20260105_100050.jpg,data/labels/IMG_20260105_100050.txt,f29d6698e9f9bf3a5c7df1478fc446ecf0696d6b9d3c43a6278f0440bef134d5,a6a47b718d3890bb,3072,4096,RGB,2026-01-05T10:00:50,2026:01:05 10:00:50,,vivo,iQOO 15,,1,2,anthracnose,1,False
IMG_20260105_100056.jpg,data/image/IMG_20260105_100056.jpg,data/labels/IMG_20260105_100056.txt,6aaf725ed0291e80ebbf69154a0e432ea38ba1646b8b1b0206fae73e6dbfb144,8550a33ddae9b4d1,3072,4096,RGB,2026-01-05T10:00:56,2026:01:05 10:00:56,,vivo,iQOO 15,,3,2,anthracnose,1,False
IMG_20260105_100100.jpg,data/image/IMG_20260105_100100.jpg,data/labels/IMG_20260105_100100.txt,365155cffd49d64d8c47403604bfc81b644b7b2497d2a7b6e6aeca18f1808ae3,af59fd30d1b1c405,3072,4096,RGB,2026-01-05T10:01:00,2026:01:05 10:01:00,,vivo,iQOO 15,,1,2,anthracnose,1,False
IMG_20260105_100129.jpg,data/image/IMG_20260105_100129.jpg,data/labels/IMG_20260105_100129.txt,addc7aa48b3996ef78d052b241082bb35fa82872350debba9cd5ff9f730073b4,eae8b5a352963a16,3072,4096,RGB,2026-01-05T10:01:29,2026:01:05 10:01:29,,vivo,iQOO 15,,1,2,anthracnose,1,False
IMG_20260105_100133.jpg,data/image/IMG_20260105_100133.jpg,data/labels/IMG_20260105_100133.txt,39bae125ab63b4dd14f2fa7c7dc47cc14960ae21e936a5e01e879539fbff5469,ce192cdc08a4fe2f,3072,4096,RGB,2026-01-05T10:01:33,2026:01:05 10:01:33,,vivo,iQOO 15,,1,2,anthracnose,1,False
IMG_20260105_100138.jpg,data/image/IMG_20260105_100138.jpg,data/labels/IMG_20260105_100138.txt,927f2dc9e4885572eac4bee0bc6be7480599871c554ff5d11f2d7392c3d50b4c,810d1f1ab04dbdaf,3072,4096,RGB,2026-01-05T10:01:38,2026:01:05 10:01:38,,vivo,iQOO 15,,1,2,anthracnose,1,False
IMG_20260105_100143.jpg,data/image/IMG_20260105_100143.jpg,data/labels/IMG_20260105_100143.txt,9f63dcbd0ab8bf59af82340af077aef590b9aa9a44516ab9202366c1c209b878,f97d61e7168809ac,3072,4096,RGB,2026-01-05T10:01:43,2026:01:05 10:01:43,,vivo,iQOO 15,,2,2,anthracnose,1,False
IMG_20260105_100155.jpg,data/image/IMG_20260105_100155.jpg,data/labels/IMG_20260105_100155.txt,4284a43dd574af49f3b9580a820141ac4a588507211f70d5da600b4d3f6fe3db,e7e57ba1f6548240,3072,4096,RGB,2026-01-05T10:01:55,2026:01:05 10:01:55,,vivo,iQOO 15,,2,1;2,Leaf rust;anthracnose,2,True
IMG_20260105_100202.jpg,data/image/IMG_20260105_100202.jpg,data/labels/IMG_20260105_100202.txt,1c3109add31e3e8d8b466feff9cce427e8f68763dbd6ff3e25809e5226177631,ce187165213607ff,3072,4096,RGB,2026-01-05T10:02:02,2026:01:05 10:02:02,,vivo,iQOO 15,,2,2,anthracnose,1,False
IMG_20260105_100205.jpg,data/image/IMG_20260105_100205.jpg,data/labels/IMG_20260105_100205.txt,debcee2ddd43bbdd5171cf155605b079eb500adc9cce18eb346d9f879321f9a9,e32b5513aa7301f3,3072,4096,RGB,2026-01-05T10:02:05,2026:01:05 10:02:05,,vivo,iQOO 15,,3,2,anthracnose,1,False
IMG_20260105_100210.jpg,data/image/IMG_20260105_100210.jpg,data/labels/IMG_20260105_100210.txt,a1dc60e3b16c783c3683371b9dea98ad2cde795a4899ee2862b578e264b0c817,95c6687d62722ad6,3072,4096,RGB,2026-01-05T10:02:10,2026:01:05 10:02:10,,vivo,iQOO 15,,1,2,anthracnose,1,False
IMG_20260105_100214.jpg,data/image/IMG_20260105_100214.jpg,data/labels/IMG_20260105_100214.txt,a24f90992ea6dd64e91737881d88a034af36447efe17bfca3b02c78c1e02a2b3,f8192329613cbbad,3072,4096,RGB,2026-01-05T10:02:14,2026:01:05 10:02:14,,vivo,iQOO 15,,1,2,anthracnose,1,False
IMG_20260105_100225.jpg,data/image/IMG_20260105_100225.jpg,data/labels/IMG_20260105_100225.txt,94b3014630c5779c3c47abaa1d9ed6e940b5cff91e7367398e2f9d95218e4663,9668e362ca6c4ecb,3072,4096,RGB,2026-01-05T10:02:25,2026:01:05 10:02:25,,vivo,iQOO 15,,1,2,anthracnose,1,False
IMG_20260105_100242.jpg,data/image/IMG_20260105_100242.jpg,data/labels/IMG_20260105_100242.txt,f89c11433a24a1b5b36ee8b0633577508dbca07421c239f4ad09615d2d403c13,cdb5218b677f42c0,3072,4096,RGB,2026-01-05T10:02:42,2026:01:05 10:02:42,,vivo,iQOO 15,,1,0,brown spot,1,False
IMG_20260105_100251.jpg,data/image/IMG_20260105_100251.jpg,data/labels/IMG_20260105_100251.txt,5715c26a7bbefcb69aa9d356e94a0a1b1111e157544b7390b4115b573a52d3fa,8bc132f1b91ef14c,3072,4096,RGB,2026-01-05T10:02:51,2026:01:05 10:02:51,,vivo,iQOO 15,,2,2,anthracnose,1,False
IMG_20260105_100305.jpg,data/image/IMG_20260105_100305.jpg,data/labels/IMG_20260105_100305.txt,608d1c236a42875f7d9a433f06c47a7d82da6f6309878393cf98f8349db01361,adadf0730be5814a,3072,4096,RGB,2026-01-05T10:03:05,2026:01:05 10:03:05,,vivo,iQOO 15,,3,0;1;2,brown spot;Leaf rust;anthracnose,3,True
IMG_20260105_100311.jpg,data/image/IMG_20260105_100311.jpg,data/labels/IMG_20260105_100311.txt,107529776b7433c47b30174e9c475cfe3baefcbdd95c361a56d12269e1b50eea,a51d9bb58aa5d2a2,3072,4096,RGB,2026-01-05T10:03:11,2026:01:05 10:03:11,,vivo,iQOO 15,,1,0,brown spot,1,False
IMG_20260105_100317.jpg,data/image/IMG_20260105_100317.jpg,data/labels/IMG_20260105_100317.txt,cdd3b2e0a86eea08ae8c8246baf347f5e88fdc73c3f81fb0f3369c7ee981bc87,86b632d922f9e662,3072,4096,RGB,2026-01-05T10:03:17,2026:01:05 10:03:17,,vivo,iQOO 15,,1,2,anthracnose,1,False
IMG_20260105_100321.jpg,data/image/IMG_20260105_100321.jpg,data/labels/IMG_20260105_100321.txt,63e4bcc038791eca634c1a680a00a7f2ced6817cd7b709b01cb51168cd3e7678,c3a13ee9226e734a,3072,4096,RGB,2026-01-05T10:03:21,2026:01:05 10:03:21,,vivo,iQOO 15,,1,2,anthracnose,1,False
IMG_20260105_100356.jpg,data/image/IMG_20260105_100356.jpg,data/labels/IMG_20260105_100356.txt,8250b99bcef9ecdaddafcf583ccece8eaaae0bd900b3669940bc81a72f7d7b2f,cd33251664ca0aff,3072,4096,RGB,2026-01-05T10:03:56,2026:01:05 10:03:56,,vivo,iQOO 15,,1,2,anthracnose,1,False
IMG_20260105_100401.jpg,data/image/IMG_20260105_100401.jpg,data/labels/IMG_20260105_100401.txt,6ae580f1d76c8bd7e731bf8bcf2445daa4330f3adcac8dbb503e99871cfdb98e,c9bc26a333a333d2,3072,4096,RGB,2026-01-05T10:04:01,2026:01:05 10:04:01,,vivo,iQOO 15,,1,3,Affected by leaf miner,1,False
IMG_20260105_100434.jpg,data/image/IMG_20260105_100434.jpg,data/labels/IMG_20260105_100434.txt,e7a263f55a1e12328be52b0576ba6451eab4331d44fa09d7c90c42f3b034bf53,a3e1ba6387a1e968,3072,4096,RGB,2026-01-05T10:04:34,2026:01:05 10:04:34,,vivo,iQOO 15,,1,2,anthracnose,1,False
IMG_20260105_100520.jpg,data/image/IMG_20260105_100520.jpg,data/labels/IMG_20260105_100520.txt,200a9bac1894b8eb9e68046fe34841a842daa2ff8b613b7a2a94e54523fe8d29,c757b5a50a9738a2,3072,4096,RGB,2026-01-05T10:05:20,2026:01:05 10:05:20,,vivo,iQOO 15,,1,2,anthracnose,1,False
IMG_20260105_100557.jpg,data/image/IMG_20260105_100557.jpg,data/labels/IMG_20260105_100557.txt,cad90a12397c941c2138e7f89ac327aca42233210d613bfd337cf2a9fbafd1c3,d00ac5b5e2bd7a54,3072,4096,RGB,2026-01-05T10:05:57,2026:01:05 10:05:57,,vivo,iQOO 15,,1,2,anthracnose,1,False
IMG_20260105_100601.jpg,data/image/IMG_20260105_100601.jpg,data/labels/IMG_20260105_100601.txt,ec8d600518c81b4d92d4ef6eec3fa25852e95661630a25069346094eb9930d60,d87a9fa408e29b4d,3072,4096,RGB,2026-01-05T10:06:01,2026:01:05 10:06:01,,vivo,iQOO 15,,4,0,brown spot,1,False
IMG_20260105_100622.jpg,data/image/IMG_20260105_100622.jpg,data/labels/IMG_20260105_100622.txt,fb9ece03fee734747dfe6435e6ac0b2c8341cfd4df4f453eb8a71a50bf42c646,dc48faf9850b4d0d,3072,4096,RGB,2026-01-05T10:06:22,2026:01:05 10:06:22,,vivo,iQOO 15,,5,0;2,brown spot;anthracnose,2,True
IMG_20260105_100633.jpg,data/image/IMG_20260105_100633.jpg,data/labels/IMG_20260105_100633.txt,536f51e4c3d4aa28ddf2f092d11883160ae7468f0cdc04568c87e51acb6d34e8,d5f1a72b6083a3c6,3072,4096,RGB,2026-01-05T10:06:33,2026:01:05 10:06:33,,vivo,iQOO 15,,2,2,anthracnose,1,False
IMG_20260105_100707.jpg,data/image/IMG_20260105_100707.jpg,data/labels/IMG_20260105_100707.txt,216a02d08415e2a6e60e69d30ae1fec4cf36c4b864661a72edc8d90fd9bb0954,cad26da7acd3a888,3072,4096,RGB,2026-01-05T10:07:07,2026:01:05 10:07:07,,vivo,iQOO 15,,1,2,anthracnose,1,False
IMG_20260105_100711.jpg,data/image/IMG_20260105_100711.jpg,data/labels/IMG_20260105_100711.txt,a49a8e8f29f2ce7eee52ce4a97e1cf46365bf04f2677b3879bba712cb3c933a5,c8283f3010dafbee,4096,3072,RGB,2026-01-05T10:07:11,2026:01:05 10:07:11,,vivo,iQOO 15,,2,2,anthracnose,1,False
IMG_20260105_100720.jpg,data/image/IMG_20260105_100720.jpg,data/labels/IMG_20260105_100720.txt,115e95617f85eea149999fbe0b2c05e4a4fbeeee3a19b2f867f486e4b4261c17,da8b2e5ce5fc0146,4096,3072,RGB,2026-01-05T10:07:20,2026:01:05 10:07:20,,vivo,iQOO 15,,1,2,anthracnose,1,False
IMG_20260105_100725.jpg,data/image/IMG_20260105_100725.jpg,data/labels/IMG_20260105_100725.txt,716b0853a1f4eeb9e5c65196d5be9f95f1b99d995eae27fc1230de0a55c16746,efd6637869870035,4096,3072,RGB,2026-01-05T10:07:25,2026:01:05 10:07:25,,vivo,iQOO 15,,1,2,anthracnose,1,False
IMG_20260105_100728.jpg,data/image/IMG_20260105_100728.jpg,data/labels/IMG_20260105_100728.txt,2fca3038ae3acb841f49fad735583fec2cd014e7645b478a315cc426fdc36235,f48da4c4ae86bed0,3072,4096,RGB,2026-01-05T10:07:28,2026:01:05 10:07:28,,vivo,iQOO 15,,5,2,anthracnose,1,False
IMG_20260105_100744.jpg,data/image/IMG_20260105_100744.jpg,data/labels/IMG_20260105_100744.txt,5749ed271a06f8bddece1b4c96d9b75f9cf9c1358313f13e38cdd3fe3f4a8241,fb032f0f2ffc00a8,3072,4096,RGB,2026-01-05T10:07:44,2026:01:05 10:07:44,,vivo,iQOO 15,,1,2,anthracnose,1,False
IMG_20260105_100755.jpg,data/image/IMG_20260105_100755.jpg,data/labels/IMG_20260105_100755.txt,a37fa650454224653b98d40d7617b0a5c25f2e3a3edfb80fafd44243e83e740b,9fa26957714d1645,3072,4096,RGB,2026-01-05T10:07:55,2026:01:05 10:07:55,,vivo,iQOO 15,,1,2,anthracnose,1,False
IMG_20260105_100801.jpg,data/image/IMG_20260105_100801.jpg,data/labels/IMG_20260105_100801.txt,3e5e45660b77097608d549f4677581e867d632efe7281021a3e698b3c7b50419,dce425dfa04f321c,3072,4096,RGB,2026-01-05T10:08:01,2026:01:05 10:08:01,,vivo,iQOO 15,,1,2,anthracnose,1,False
IMG_20260105_100809.jpg,data/image/IMG_20260105_100809.jpg,data/labels/IMG_20260105_100809.txt,aa21106cf9febbfb3d645a32becc768e7a5ad318ab99614d3ea069af3fad9aeb,a7efbba99514100e,3072,4096,RGB,2026-01-05T10:08:09,2026:01:05 10:08:09,,vivo,iQOO 15,,1,2,anthracnose,1,False
IMG_20260105_100818.jpg,data/image/IMG_20260105_100818.jpg,data/labels/IMG_20260105_100818.txt,1ef8a030d9512782bec5c22e05fae44b8e21db00ea6523675cfc446fb95ea374,8f1e5bbc3c9a1950,3072,4096,RGB,2026-01-05T10:08:18,2026:01:05 10:08:18,,vivo,iQOO 15,,1,2,anthracnose,1,False
IMG_20260105_100822.jpg,data/image/IMG_20260105_100822.jpg,data/labels/IMG_20260105_100822.txt,6263494eed2b31109ca04f77bea79c814ca315be620c4acb24adf823b090e8a2,8bd43e35b9604739,3072,4096,RGB,2026-01-05T10:08:22,2026:01:05 10:08:22,,vivo,iQOO 15,,1,2,anthracnose,1,False
IMG_20260105_100827.jpg,data/image/IMG_20260105_100827.jpg,data/labels/IMG_20260105_100827.txt,c3cd8991b1385ac81767702d08f5c25b9c127972580a0b240289755b11726fb3,c31d37c88b47d929,3072,4096,RGB,2026-01-05T10:08:27,2026:01:05 10:08:27,,vivo,iQOO 15,,2,2,anthracnose,1,False
IMG_20260105_100838.jpg,data/image/IMG_20260105_100838.jpg,data/labels/IMG_20260105_100838.txt,f38287c9a02a32801aa81ae7e9d9fee3ff225cb1efc3670385e80c782116fc84,db6d68712c46246f,3072,4096,RGB,2026-01-05T10:08:38,2026:01:05 10:08:38,,vivo,iQOO 15,,1,2,anthracnose,1,False
IMG_20260105_100845.jpg,data/image/IMG_20260105_100845.jpg,data/labels/IMG_20260105_100845.txt,9149ce4ccee76c62408d8caf142a88fbcae1880d759abc81643d28e829d64d01,984db5b5685e8d62,3072,4096,RGB,2026-01-05T10:08:45,2026:01:05 10:08:45,,vivo,iQOO 15,,1,2,anthracnose,1,False
IMG_20260105_100855.jpg,data/image/IMG_20260105_100855.jpg,data/labels/IMG_20260105_100855.txt,411ff115d6c6b011a964edff05d61dbbf092ad3b28cdf72d145b20bc4277cfd3,80a726df0b635f52,3072,4096,RGB,2026-01-05T10:08:55,2026:01:05 10:08:55,,vivo,iQOO 15,,1,2,anthracnose,1,False
IMG_20260105_100923.jpg,data/image/IMG_20260105_100923.jpg,data/labels/IMG_20260105_100923.txt,209248c71bec4d5faeb9ba6ce173daada5e126e0182b3e32d6425b46ade29734,b05616bf25d86aca,3072,4096,RGB,2026-01-05T10:09:23,2026:01:05 10:09:23,,vivo,iQOO 15,,1,2,anthracnose,1,False
IMG_20260105_100927.jpg,data/image/IMG_20260105_100927.jpg,data/labels/IMG_20260105_100927.txt,641d546ac90e800a9891617574e228a472098a90e8484a331042816765b81ab2,8ab075e57754f054,3072,4096,RGB,2026-01-05T10:09:27,2026:01:05 10:09:27,,vivo,iQOO 15,,1,2,anthracnose,1,False
IMG_20260105_100934.jpg,data/image/IMG_20260105_100934.jpg,data/labels/IMG_20260105_100934.txt,8daba448d0b7ee891dfcf938ed157263903b2dd1e405c70fef92b17c56f696da,c9c93c345417b6ab,3072,4096,RGB,2026-01-05T10:09:34,2026:01:05 10:09:34,,vivo,iQOO 15,,4,1;2,Leaf rust;anthracnose,2,True
IMG_20260105_100944.jpg,data/image/IMG_20260105_100944.jpg,data/labels/IMG_20260105_100944.txt,19ec678554653b2df7113e7f1b68f760f110c9686ac8d8ed5208dd7f04cf8034,9a6019464d9e6f5d,3072,4096,RGB,2026-01-05T10:09:44,2026:01:05 10:09:44,,vivo,iQOO 15,,1,0,brown spot,1,False
IMG_20260105_100952.jpg,data/image/IMG_20260105_100952.jpg,data/labels/IMG_20260105_100952.txt,de811cb51bfd8f8085359121d471cea1405069c90f4d96c03743cce0ff5d368d,d84ec520e5fa54f8,3072,4096,RGB,2026-01-05T10:09:52,2026:01:05 10:09:52,,vivo,iQOO 15,,1,2,anthracnose,1,False
IMG_20260105_100956.jpg,data/image/IMG_20260105_100956.jpg,data/labels/IMG_20260105_100956.txt,cf547e83c44ffc259cbe7126f49f0e19b14819307c5ebcb71c8a97b8947058a1,c3ead9ab8caf0514,3072,4096,RGB,2026-01-05T10:09:56,2026:01:05 10:09:56,,vivo,iQOO 15,,1,2,anthracnose,1,False
IMG_20260105_101011.jpg,data/image/IMG_20260105_101011.jpg,data/labels/IMG_20260105_101011.txt,8956ddd8bcec99a52a93d70d827cbea7dc42035373ca6c33bb14bd419f470841,f11cfb1320c72ace,3072,4096,RGB,2026-01-05T10:10:11,2026:01:05 10:10:11,,vivo,iQOO 15,,1,2,anthracnose,1,False
IMG_20260105_101114.jpg,data/image/IMG_20260105_101114.jpg,data/labels/IMG_20260105_101114.txt,a9d769fa4888621a27e2b739375dee01365ff2cf1975649e396d0f515feb0a40,f2f8cac6a700947e,3072,4096,RGB,2026-01-05T10:11:14,2026:01:05 10:11:14,,vivo,iQOO 15,,1,2,anthracnose,1,False
IMG_20260105_101120.jpg,data/image/IMG_20260105_101120.jpg,data/labels/IMG_20260105_101120.txt,d819109d298bf3b027207cad60ba46c9128d0c7cc4d506c5fd448e157f462491,c8889d4ab8e8b72f,3072,4096,RGB,2026-01-05T10:11:20,2026:01:05 10:11:20,,vivo,iQOO 15,,1,2,anthracnose,1,False
IMG_20260105_101125.jpg,data/image/IMG_20260105_101125.jpg,data/labels/IMG_20260105_101125.txt,00b2a3e5e281002cee28204f41554e26cecba4ebe7a98707e06c33b2f11ea0d9,c31fe9c1ade10547,3072,4096,RGB,2026-01-05T10:11:25,2026:01:05 10:11:25,,vivo,iQOO 15,,1,2,anthracnose,1,False
IMG_20260105_101134.jpg,data/image/IMG_20260105_101134.jpg,data/labels/IMG_20260105_101134.txt,ff1d84295246ce173e9a00591a6dfa95682a446626dc60d7c130779b49595eaf,b0acf3bec186c12b,3072,4096,RGB,2026-01-05T10:11:34,2026:01:05 10:11:34,,vivo,iQOO 15,,1,2,anthracnose,1,False
IMG_20260105_101140.jpg,data/image/IMG_20260105_101140.jpg,data/labels/IMG_20260105_101140.txt,3b60961f3bf92c9eec0d9ddcf7c96b5b2cff013834c8120648ee8c41761e8d10,a5fbd0a2c8bf1861,3072,4096,RGB,2026-01-05T10:11:40,2026:01:05 10:11:40,,vivo,iQOO 15,,1,2,anthracnose,1,False
IMG_20260105_101204.jpg,data/image/IMG_20260105_101204.jpg,data/labels/IMG_20260105_101204.txt,8c353d5c03740f5fcc3d732e92dd5d21cbadb18430fc327442f04fb24e62701a,d290242d9ec38cff,3072,4096,RGB,2026-01-05T10:12:04,2026:01:05 10:12:04,,vivo,iQOO 15,,1,0,brown spot,1,False
IMG_20260105_101243.jpg,data/image/IMG_20260105_101243.jpg,data/labels/IMG_20260105_101243.txt,7e971336a983964b2ea6d611297fbee6c83d93b9db952a863ae3de56bd601e1e,87b94859b15b72d1,3072,4096,RGB,2026-01-05T10:12:43,2026:01:05 10:12:43,,vivo,iQOO 15,,1,2,anthracnose,1,False
IMG_20260105_101253.jpg,data/image/IMG_20260105_101253.jpg,data/labels/IMG_20260105_101253.txt,9e998647533cbf43263869d167fb1ace887002650a67300ad6cd64ea4d3aa77e,abf40b74ca8aca2d,4096,3072,RGB,2026-01-05T10:12:53,2026:01:05 10:12:53,,vivo,iQOO 15,,1,2,anthracnose,1,False
IMG_20260105_101351.jpg,data/image/IMG_20260105_101351.jpg,data/labels/IMG_20260105_101351.txt,7fc15ac4ec82bb559763606e2f31e7cc49ce252f43976bee012ed0da6c227b88,de53600f46f9869a,3072,4096,RGB,2026-01-05T10:13:51,2026:01:05 10:13:51,,vivo,iQOO 15,,1,3,Affected by leaf miner,1,False
IMG_20260105_101513.jpg,data/image/IMG_20260105_101513.jpg,data/labels/IMG_20260105_101513.txt,6e0586bc63e31fa56ae16714c60d01b3223f20c9debecfc7009754401a8393ce,d97d224c32e73847,3072,4096,RGB,2026-01-05T10:15:13,2026:01:05 10:15:13,,vivo,iQOO 15,,1,2,anthracnose,1,False
IMG_20260105_101521.jpg,data/image/IMG_20260105_101521.jpg,data/labels/IMG_20260105_101521.txt,4f102f9b20bd6005bf7fa72f99b30e89ad7fcb61022e77743ca2b2e2ae87f730,975478a204cf2edb,3072,4096,RGB,2026-01-05T10:15:21,2026:01:05 10:15:21,,vivo,iQOO 15,,1,3,Affected by leaf miner,1,False
IMG_20260105_101524.jpg,data/image/IMG_20260105_101524.jpg,data/labels/IMG_20260105_101524.txt,0b2bd84670945a4d476a7caa2b0e42e89dcf061c93d54f97afafc3756b7d3dc4,93882db537f4e213,3072,4096,RGB,2026-01-05T10:15:24,2026:01:05 10:15:24,,vivo,iQOO 15,,1,1,Leaf rust,1,False
IMG_20260105_101532.jpg,data/image/IMG_20260105_101532.jpg,data/labels/IMG_20260105_101532.txt,86701233b45f74b6b8163c02f4a27bc7bbf6d5297be62a59ad5b9035e6679229,e746916adab4cd81,3072,4096,RGB,2026-01-05T10:15:32,2026:01:05 10:15:32,,vivo,iQOO 15,,1,2,anthracnose,1,False
IMG_20260105_101551.jpg,data/image/IMG_20260105_101551.jpg,data/labels/IMG_20260105_101551.txt,6bacb480cdb2f36f59c36934a4357a8a1fa37ae46438dd9714b203d42aa73f46,ce05e57f13381e34,3072,4096,RGB,2026-01-05T10:15:51,2026:01:05 10:15:51,,vivo,iQOO 15,,1,2,anthracnose,1,False
IMG_20260105_101559.jpg,data/image/IMG_20260105_101559.jpg,data/labels/IMG_20260105_101559.txt,7c91cff99524e197b2b0dbe1f679c5ed277fa2f8d6300269957a8461b254cb2f,dfc2042b1f225ed5,3072,4096,RGB,2026-01-05T10:15:59,2026:01:05 10:15:59,,vivo,iQOO 15,,1,2,anthracnose,1,False
IMG_20260105_101623.jpg,data/image/IMG_20260105_101623.jpg,data/labels/IMG_20260105_101623.txt,88df26f0f9a7e508bf230b41a764a09d5801a0d6e90b4bf71f16c1f259355e8b,f95ec6dac0498ac5,3072,4096,RGB,2026-01-05T10:16:23,2026:01:05 10:16:23,,vivo,iQOO 15,,3,2,anthracnose,1,False
IMG_20260105_101654.jpg,data/image/IMG_20260105_101654.jpg,data/labels/IMG_20260105_101654.txt,9672db4f430039273d50406c3fd32603db09c574099c89222c6b1cfe0b33b0ba,c919267cb847a1f6,3072,4096,RGB,2026-01-05T10:16:54,2026:01:05 10:16:54,,vivo,iQOO 15,,1,2,anthracnose,1,False
IMG_20260105_101714.jpg,data/image/IMG_20260105_101714.jpg,data/labels/IMG_20260105_101714.txt,ca849334560d3f7f446178d30d99afb9d7b67bde6c8fc630af88e303030b4ec6,aad47dd1884ba8e5,3072,4096,RGB,2026-01-05T10:17:14,2026:01:05 10:17:14,,vivo,iQOO 15,,5,2,anthracnose,1,False
IMG_20260105_101717.jpg,data/image/IMG_20260105_101717.jpg,data/labels/IMG_20260105_101717.txt,9cb6124eab616a3398be960e4e52501023e44d75fd4fa3d5aaa8306dd1a819b5,a29693a296a53de9,4096,3072,RGB,2026-01-05T10:17:17,2026:01:05 10:17:17,,vivo,iQOO 15,,1,2,anthracnose,1,False
IMG_20260105_101721.jpg,data/image/IMG_20260105_101721.jpg,data/labels/IMG_20260105_101721.txt,324e5e23eca6c5a0534430bf0629e61317679552afd30f3fd88a3bfe3e872e01,ae7a8e52ac7fd400,4096,3072,RGB,2026-01-05T10:17:21,2026:01:05 10:17:21,,vivo,iQOO 15,,1,2,anthracnose,1,False
IMG_20260105_101724.jpg,data/image/IMG_20260105_101724.jpg,data/labels/IMG_20260105_101724.txt,85d98769119d4db85259f40874c3386b22c1531ffae603603ac38b4ba1a13b7b,fe64ce60d2058acf,4096,3072,RGB,2026-01-05T10:17:24,2026:01:05 10:17:24,,vivo,iQOO 15,,1,2,anthracnose,1,False
IMG_20260105_101734.jpg,data/image/IMG_20260105_101734.jpg,data/labels/IMG_20260105_101734.txt,df3f40a9e838ab467b5c7f8e9af80fe2864c013189937d88cf64ce587d13cae0,81176e73e410f3a7,3072,4096,RGB,2026-01-05T10:17:34,2026:01:05 10:17:34,,vivo,iQOO 15,,1,3,Affected by leaf miner,1,False
IMG_20260105_101742.jpg,data/image/IMG_20260105_101742.jpg,data/labels/IMG_20260105_101742.txt,7bc0b4263edbda1cef99eef2d3bfb4e2aebbf52b5f64f71bf907f102ab2d80fc,fc75c2b246d3b045,3072,4096,RGB,2026-01-05T10:17:42,2026:01:05 10:17:42,,vivo,iQOO 15,,4,2,anthracnose,1,False
IMG_20260105_101750.jpg,data/image/IMG_20260105_101750.jpg,data/labels/IMG_20260105_101750.txt,c645f2b4c0a76ad512309b6e3cc785b8bed6e2191edefb6ac254053bde0e7c8e,f990ce12c5732e2d,3072,4096,RGB,2026-01-05T10:17:50,2026:01:05 10:17:50,,vivo,iQOO 15,,1,2,anthracnose,1,False
IMG_20260105_101757.jpg,data/image/IMG_20260105_101757.jpg,data/labels/IMG_20260105_101757.txt,5064f686f6c78b795eb8f783db1e7119d3bec9e28066b3dddf627252b9845660,9294edd50e2176e3,3072,4096,RGB,2026-01-05T10:17:57,2026:01:05 10:17:57,,vivo,iQOO 15,,1,2,anthracnose,1,False
IMG_20260105_101801.jpg,data/image/IMG_20260105_101801.jpg,data/labels/IMG_20260105_101801.txt,07d28e46e8efa5eb11f041c731b73d9afed18d39fedb6dc3f66bd46343e4cc8b,fcc1c087cedeaa05,3072,4096,RGB,2026-01-05T10:18:01,2026:01:05 10:18:01,,vivo,iQOO 15,,1,2,anthracnose,1,False
IMG_20260105_101805.jpg,data/image/IMG_20260105_101805.jpg,data/labels/IMG_20260105_101805.txt,3b6651b6607a761f4a68ec2d7ccc8e5b82575e77cbf14140bed17a2adef4c04a,c26eca1b1893f2d6,3072,4096,RGB,2026-01-05T10:18:05,2026:01:05 10:18:05,,vivo,iQOO 15,,2,2,anthracnose,1,False
IMG_20260105_101811.jpg,data/image/IMG_20260105_101811.jpg,data/labels/IMG_20260105_101811.txt,9ca9db4b192ec441ae56460670612b321e4edb3565d77b7b2aed50b3d14035e5,fad0a37eb850f062,3072,4096,RGB,2026-01-05T10:18:11,2026:01:05 10:18:11,,vivo,iQOO 15,,2,2,anthracnose,1,False
IMG_20260105_101824.jpg,data/image/IMG_20260105_101824.jpg,data/labels/IMG_20260105_101824.txt,7dbbc3b43561b405f79323cfc8485427f20e491788dffcf10cc3292c856eee04,98da85ad226275b7,3072,4096,RGB,2026-01-05T10:18:24,2026:01:05 10:18:24,,vivo,iQOO 15,,1,2,anthracnose,1,False
IMG_20260105_101827.jpg,data/image/IMG_20260105_101827.jpg,data/labels/IMG_20260105_101827.txt,9be3d347fa70f22ae80db63851934a303d504f84d92f2b9014723d25d531b8a0,de99ee25e700f501,3072,4096,RGB,2026-01-05T10:18:27,2026:01:05 10:18:27,,vivo,iQOO 15,,1,2,anthracnose,1,False
IMG_20260105_101832.jpg,data/image/IMG_20260105_101832.jpg,data/labels/IMG_20260105_101832.txt,5d627cfc71f07b8eb93222a786bf5f65c2df6393e5e17719675de9bd744c07fa,a89daa356456b46b,3072,4096,RGB,2026-01-05T10:18:32,2026:01:05 10:18:32,,vivo,iQOO 15,,7,2,anthracnose,1,False
IMG_20260105_101836.jpg,data/image/IMG_20260105_101836.jpg,data/labels/IMG_20260105_101836.txt,8f6470eab0081456f1fcb8dd54fece39ad5167d038be7e98c58550d906d512e3,ea44f38a72a14fb1,3072,4096,RGB,2026-01-05T10:18:36,2026:01:05 10:18:36,,vivo,iQOO 15,,3,2,anthracnose,1,False
IMG_20260105_101841.jpg,data/image/IMG_20260105_101841.jpg,data/labels/IMG_20260105_101841.txt,07eb0bd6983cef7d2f66348b4b44edbe138f5493b865bcdb8f98a971f8d677ab,ef1835ab429560f9,3072,4096,RGB,2026-01-05T10:18:41,2026:01:05 10:18:41,,vivo,iQOO 15,,2,0;2,brown spot;anthracnose,2,True
IMG_20260105_101850.jpg,data/image/IMG_20260105_101850.jpg,data/labels/IMG_20260105_101850.txt,b405bf36579f7b1d25d1481a679de31d6c4325f03287de5c27fbee5615d34cc4,89892cbe633e7ba0,3072,4096,RGB,2026-01-05T10:18:50,2026:01:05 10:18:50,,vivo,iQOO 15,,1,2,anthracnose,1,False
IMG_20260105_101855.jpg,data/image/IMG_20260105_101855.jpg,data/labels/IMG_20260105_101855.txt,9711d4f5dc05c420ad1fa243116a1e6caed45faafd1773f23fc6402981f8e140,fc4f0f172925712a,3072,4096,RGB,2026-01-05T10:18:55,2026:01:05 10:18:55,,vivo,iQOO 15,,1,2,anthracnose,1,False
IMG_20260105_101900.jpg,data/image/IMG_20260105_101900.jpg,data/labels/IMG_20260105_101900.txt,961b6ce175f16cb5b3376e8e2c2d5e65c9767e814d140ee107e344d1c9318325,c8994fe9b7462a91,3072,4096,RGB,2026-01-05T10:19:00,2026:01:05 10:19:00,,vivo,iQOO 15,,5,2,anthracnose,1,False
IMG_20260105_101925.jpg,data/image/IMG_20260105_101925.jpg,data/labels/IMG_20260105_101925.txt,ced91214d0ecc6fb380a4160d89d54d3e0f3f4f0165445103cf78e92970a1f55,8005f9a7edcca8ec,3072,4096,RGB,2026-01-05T10:19:25,2026:01:05 10:19:25,,vivo,iQOO 15,,1,1,Leaf rust,1,False
IMG_20260105_101929.jpg,data/image/IMG_20260105_101929.jpg,data/labels/IMG_20260105_101929.txt,b74967d9cec6324def12cc2458ce0d3f403c453f6d689a659982c82163950e45,91665ce2c293f555,3072,4096,RGB,2026-01-05T10:19:29,2026:01:05 10:19:29,,vivo,iQOO 15,,2,2,anthracnose,1,False
IMG_20260105_101932.jpg,data/image/IMG_20260105_101932.jpg,data/labels/IMG_20260105_101932.txt,22066330b5d771a398d788fbc4e4f8fb4b8c285b6230e211883676f3b5bf9c7c,8d4e7833d65f4984,3072,4096,RGB,2026-01-05T10:19:32,2026:01:05 10:19:32,,vivo,iQOO 15,,1,2,anthracnose,1,False
IMG_20260105_101937.jpg,data/image/IMG_20260105_101937.jpg,data/labels/IMG_20260105_101937.txt,d1a3694f5b49d5cdbcafa57c67dae9be4a72cd1c7d5d5146af6b63ad9ba4879d,8d8150da671d67ea,3072,4096,RGB,2026-01-05T10:19:37,2026:01:05 10:19:37,,vivo,iQOO 15,,2,1;2,Leaf rust;anthracnose,2,True
IMG_20260105_101941.jpg,data/image/IMG_20260105_101941.jpg,data/labels/IMG_20260105_101941.txt,119f2591c9ed92b94b3ad3f939d15b0a8efc781764096c63e37f1c1dc693698e,a7f86131f01aeb85,3072,4096,RGB,2026-01-05T10:19:41,2026:01:05 10:19:41,,vivo,iQOO 15,,1,1,Leaf rust,1,False
IMG_20260105_101945.jpg,data/image/IMG_20260105_101945.jpg,data/labels/IMG_20260105_101945.txt,0167f5b78620347eabe197007dc71a6adf0e79126e3e69344373b559f98e2865,d2cbfef184560607,3072,4096,RGB,2026-01-05T10:19:45,2026:01:05 10:19:45,,vivo,iQOO 15,,4,1;2,Leaf rust;anthracnose,2,True
IMG_20260105_101950.jpg,data/image/IMG_20260105_101950.jpg,data/labels/IMG_20260105_101950.txt,d2cdf437571951c29e60ad73c9236ebfb47bfecec29f95d26e3d91751f09f35d,902fc2506e9cfce9,3072,4096,RGB,2026-01-05T10:19:50,2026:01:05 10:19:50,,vivo,iQOO 15,,1,2,anthracnose,1,False
IMG_20260105_101953.jpg,data/image/IMG_20260105_101953.jpg,data/labels/IMG_20260105_101953.txt,1a8ffdc89a484317b866ddfa99e9b1a536f7085b049ae2c67f1d0954c0cc0b8d,cf5c8524766e3247,3072,4096,RGB,2026-01-05T10:19:53,2026:01:05 10:19:53,,vivo,iQOO 15,,1,2,anthracnose,1,False
IMG_20260105_101959.jpg,data/image/IMG_20260105_101959.jpg,data/labels/IMG_20260105_101959.txt,fc8561359d8da654d82de626881eec9d560279972c47a5c3a6beb90fbf23f40a,82066f376d1751da,3072,4096,RGB,2026-01-05T10:19:59,2026:01:05 10:19:59,,vivo,iQOO 15,,5,1;2,Leaf rust;anthracnose,2,True
IMG_20260105_102002.jpg,data/image/IMG_20260105_102002.jpg,data/labels/IMG_20260105_102002.txt,f38ce905fc57cb752713fd2effaebc2e8d6ab077efebea127077042f0cde4a43,80ae37b4f26287cd,4096,3072,RGB,2026-01-05T10:20:02,2026:01:05 10:20:02,,vivo,iQOO 15,,1,2,anthracnose,1,False
IMG_20260105_102006.jpg,data/image/IMG_20260105_102006.jpg,data/labels/IMG_20260105_102006.txt,7342ab5be26ae26c1c8077994597ab2ff870468081de8d0401b0c2d959b0ccab,e17c356ebe34c890,4096,3072,RGB,2026-01-05T10:20:06,2026:01:05 10:20:06,,vivo,iQOO 15,,1,2,anthracnose,1,False
IMG_20260105_102014.jpg,data/image/IMG_20260105_102014.jpg,data/labels/IMG_20260105_102014.txt,faa0245da3e491d54416276768ac73fca0ec9e7ee9e313bcf490773c947540c8,c6d632827cc072fe,3072,4096,RGB,2026-01-05T10:20:14,2026:01:05 10:20:14,,vivo,iQOO 15,,1,1,Leaf rust,1,False
IMG_20260105_102019.jpg,data/image/IMG_20260105_102019.jpg,data/labels/IMG_20260105_102019.txt,04c503ef3b5a3256700b63b9bc28425f6928717794c89f6ba9d04270fe5125bb,c13d2db86bac33c4,3072,4096,RGB,2026-01-05T10:20:19,2026:01:05 10:20:19,,vivo,iQOO 15,,3,1;2,Leaf rust;anthracnose,2,True
IMG_20260105_102022.jpg,data/image/IMG_20260105_102022.jpg,data/labels/IMG_20260105_102022.txt,c71b9c5dc74134dc56f10645827ed54eb114d37dfc14172c5de7d355037f01dc,d946f66b4086867e,3072,4096,RGB,2026-01-05T10:20:22,2026:01:05 10:20:22,,vivo,iQOO 15,,2,2,anthracnose,1,False
IMG_20260105_102028.jpg,data/image/IMG_20260105_102028.jpg,data/labels/IMG_20260105_102028.txt,81f6611ec2f501cb6d6f40db5faa4a8cc7037ec4cc5c5ed8f755b7258a9c9831,c6822d3f2fb81674,3072,4096,RGB,2026-01-05T10:20:28,2026:01:05 10:20:28,,vivo,iQOO 15,,3,2,anthracnose,1,False
IMG_20260105_102032.jpg,data/image/IMG_20260105_102032.jpg,data/labels/IMG_20260105_102032.txt,73d09e09583ebcdfc27e0d8103593b102c879ac9d0fe201a169fba6c33cd3aad,8d981aadf96acc70,3072,4096,RGB,2026-01-05T10:20:32,2026:01:05 10:20:32,,vivo,iQOO 15,,1,2,anthracnose,1,False
IMG_20260105_102042.jpg,data/image/IMG_20260105_102042.jpg,data/labels/IMG_20260105_102042.txt,50ffcc5016874008c149e1f72c46218f0efa1ad9ca576206372c8302dfcc3436,80412f3db1efa5b4,3072,4096,RGB,2026-01-05T10:20:42,2026:01:05 10:20:42,,vivo,iQOO 15,,7,2,anthracnose,1,False
IMG_20260105_102059.jpg,data/image/IMG_20260105_102059.jpg,data/labels/IMG_20260105_102059.txt,732e1bc57500bb52ff3e293ad453aeab6f6684f09fb0a51f7349fd660c2577a7,879c0f7c38297a1d,3072,4096,RGB,2026-01-05T10:20:59,2026:01:05 10:20:59,,vivo,iQOO 15,,7,1;2,Leaf rust;anthracnose,2,True
IMG_20260105_102103.jpg,data/image/IMG_20260105_102103.jpg,data/labels/IMG_20260105_102103.txt,fa8efdc2aa40238fec56dafbe5b2dc2968a8e6430206be0cc97c89a9935f3bc8,890a266dc914fdfa,3072,4096,RGB,2026-01-05T10:21:03,2026:01:05 10:21:03,,vivo,iQOO 15,,4,2,anthracnose,1,False
IMG_20260105_102109.jpg,data/image/IMG_20260105_102109.jpg,data/labels/IMG_20260105_102109.txt,45826c83e3e7dd692189320e7006d7c7c38b7e16ecff93d5fdc184265d272d6a,87ecb43470c2e8b7,3072,4096,RGB,2026-01-05T10:21:09,2026:01:05 10:21:09,,vivo,iQOO 15,,2,1,Leaf rust,1,False
IMG_20260105_102114.jpg,data/image/IMG_20260105_102114.jpg,data/labels/IMG_20260105_102114.txt,8a08e95896c50107b2ae610f1aeeca95c99313d712df225e2eecbca34ce7eda3,8c29f177e6e20ec2,3072,4096,RGB,2026-01-05T10:21:14,2026:01:05 10:21:14,,vivo,iQOO 15,,1,1,Leaf rust,1,False
IMG_20260105_102118.jpg,data/image/IMG_20260105_102118.jpg,data/labels/IMG_20260105_102118.txt,885ea146d66fd738a4f829c374ba2894fbadb0ce54185c7c77c3ac672c6b3b4b,d0694a251d6dbd2e,3072,4096,RGB,2026-01-05T10:21:18,2026:01:05 10:21:18,,vivo,iQOO 15,,1,1,Leaf rust,1,False
IMG_20260105_102122.jpg,data/image/IMG_20260105_102122.jpg,data/labels/IMG_20260105_102122.txt,573267e4db9da64554bb1c9a3b4fb02ca7a6e06114af1b50f2be8ec7cb385605,8e8822b874de9c7b,3072,4096,RGB,2026-01-05T10:21:22,2026:01:05 10:21:22,,vivo,iQOO 15,,2,2,anthracnose,1,False
IMG_20260105_102145.jpg,data/image/IMG_20260105_102145.jpg,data/labels/IMG_20260105_102145.txt,c546e742022575e5b089b390bb922aaa016b570d2f11513bb29ef362e467fbb5,c4dc7bc9318167d8,3072,4096,RGB,2026-01-05T10:21:45,2026:01:05 10:21:45,,vivo,iQOO 15,,1,3,Affected by leaf miner,1,False
IMG_20260105_102149.jpg,data/image/IMG_20260105_102149.jpg,data/labels/IMG_20260105_102149.txt,100575d61fa82366647a87a9ae3d52403b24e7b8fed41e9e90524fac0ef5c242,dda9846963cac35a,3072,4096,RGB,2026-01-05T10:21:49,2026:01:05 10:21:49,,vivo,iQOO 15,,1,3,Affected by leaf miner,1,False
IMG_20260105_102152.jpg,data/image/IMG_20260105_102152.jpg,data/labels/IMG_20260105_102152.txt,6603b2ff8fb45832f8d14d202a977af820ba48a0e39a64e25812d338291cbb1e,d84eada91c5658b6,3072,4096,RGB,2026-01-05T10:21:52,2026:01:05 10:21:52,,vivo,iQOO 15,,1,2,anthracnose,1,False
IMG_20260105_102156.jpg,data/image/IMG_20260105_102156.jpg,data/labels/IMG_20260105_102156.txt,37ee5c1441990940d966c76720e939091f87547204af0d2470310660b31d3db7,c9a70f9a05ab3e32,3072,4096,RGB,2026-01-05T10:21:56,2026:01:05 10:21:56,,vivo,iQOO 15,,2,2,anthracnose,1,False
IMG_20260105_102207.jpg,data/image/IMG_20260105_102207.jpg,data/labels/IMG_20260105_102207.txt,5912ef6262a61d7561b12ca09f0b4d4f451a7c8487102d9db760c865a632d541,ddf834ac615c2f50,3072,4096,RGB,2026-01-05T10:22:07,2026:01:05 10:22:07,,vivo,iQOO 15,,1,2,anthracnose,1,False
IMG_20260105_102210.jpg,data/image/IMG_20260105_102210.jpg,data/labels/IMG_20260105_102210.txt,f9c29d9fa0adf30bb7314e99c14ea13732dfa1bed3e4bd387113b4debb51b1c2,818a8bbb1dfda815,3072,4096,RGB,2026-01-05T10:22:10,2026:01:05 10:22:10,,vivo,iQOO 15,,1,2,anthracnose,1,False
IMG_20260105_102218.jpg,data/image/IMG_20260105_102218.jpg,data/labels/IMG_20260105_102218.txt,e10ef3f443a8f08432426f74825a6313f7f33fdeefd906669e4d507e486f1fc4,9a70795271ab6b68,3072,4096,RGB,2026-01-05T10:22:18,2026:01:05 10:22:18,,vivo,iQOO 15,,1,2,anthracnose,1,False
IMG_20260105_102224.jpg,data/image/IMG_20260105_102224.jpg,data/labels/IMG_20260105_102224.txt,8bd0773d641fb407bedcbf867db283eabbfa723422a0f8403e0a134898d335b0,8e3078417a4bee5e,3072,4096,RGB,2026-01-05T10:22:24,2026:01:05 10:22:24,,vivo,iQOO 15,,1,2,anthracnose,1,False
IMG_20260105_102233.jpg,data/image/IMG_20260105_102233.jpg,data/labels/IMG_20260105_102233.txt,1619c7f6bbcf319ccaf0b35b60d69fc7ac774ee0416025ace4142b03821ef748,cf7c2470763b0179,3072,4096,RGB,2026-01-05T10:22:33,2026:01:05 10:22:33,,vivo,iQOO 15,,1,2,anthracnose,1,False
IMG_20260105_102238.jpg,data/image/IMG_20260105_102238.jpg,data/labels/IMG_20260105_102238.txt,e4997189eb720759adce956f2d340f8408ca68934e54f78a0418566f2150fa85,d7932bec2c0c3395,3072,4096,RGB,2026-01-05T10:22:38,2026:01:05 10:22:38,,vivo,iQOO 15,,1,2,anthracnose,1,False
IMG_20260105_102252.jpg,data/image/IMG_20260105_102252.jpg,data/labels/IMG_20260105_102252.txt,d21a16f8557340a0eb86def771c55a2a8885c94072d189e32e1069687cc0ca1e,dece619626ba6c41,3072,4096,RGB,2026-01-05T10:22:52,2026:01:05 10:22:52,,vivo,iQOO 15,,2,2,anthracnose,1,False
IMG_20260105_102303.jpg,data/image/IMG_20260105_102303.jpg,data/labels/IMG_20260105_102303.txt,b847c16f235f80042360e39427ec4455ec446c2bfd3661755b58cc15d77c0a42,959451736649e76a,3072,4096,RGB,2026-01-05T10:23:03,2026:01:05 10:23:03,,vivo,iQOO 15,,1,2,anthracnose,1,False
IMG_20260105_102323.jpg,data/image/IMG_20260105_102323.jpg,data/labels/IMG_20260105_102323.txt,491c2c31b53e60ba1b656234fa7289ee7f32e6e909400953f44346141d800015,876c3872f86bb419,3072,4096,RGB,2026-01-05T10:23:23,2026:01:05 10:23:23,,vivo,iQOO 15,,6,2,anthracnose,1,False
IMG_20260105_102327.jpg,data/image/IMG_20260105_102327.jpg,data/labels/IMG_20260105_102327.txt,85a75d9166fe2d8a8601c51d300c787faa50f1d58fca087e728649a910091c7f,cb42b35aa5d42d96,3072,4096,RGB,2026-01-05T10:23:27,2026:01:05 10:23:27,,vivo,iQOO 15,,1,2,anthracnose,1,False
IMG_20260105_102334.jpg,data/image/IMG_20260105_102334.jpg,data/labels/IMG_20260105_102334.txt,fc079b3d10facc31cd76317afcb293c053ea56947264b1028ed00ef10bb8046a,cab934ad20b65576,3072,4096,RGB,2026-01-05T10:23:34,2026:01:05 10:23:34,,vivo,iQOO 15,,1,2,anthracnose,1,False
IMG_20260105_102348.jpg,data/image/IMG_20260105_102348.jpg,data/labels/IMG_20260105_102348.txt,2257aee3b7cf1fc575f223a5399589fe1ab8ecfce625c5f299bebb124967399e,8f19b8095055bfb5,3072,4096,RGB,2026-01-05T10:23:48,2026:01:05 10:23:48,,vivo,iQOO 15,,1,2,anthracnose,1,False
IMG_20260105_102352.jpg,data/image/IMG_20260105_102352.jpg,data/labels/IMG_20260105_102352.txt,e3afca94075cfeef76ce7e1a23c81e0cd8d4efd0d360c05881f9d99153533051,cf193c4b132ea16b,3072,4096,RGB,2026-01-05T10:23:52,2026:01:05 10:23:52,,vivo,iQOO 15,,1,2,anthracnose,1,False
IMG_20260105_102355.jpg,data/image/IMG_20260105_102355.jpg,data/labels/IMG_20260105_102355.txt,01f41e959f6cf583e020fc8d1319f15af10338fee58c35648a02457f3337114e,de163a5912fca1b4,3072,4096,RGB,2026-01-05T10:23:55,2026:01:05 10:23:55,,vivo,iQOO 15,,2,2,anthracnose,1,False
IMG_20260105_102359.jpg,data/image/IMG_20260105_102359.jpg,data/labels/IMG_20260105_102359.txt,97d417bb0ece9d388c9d869582a93c9ef439d20148760d7b83b2653a820379b5,cde82444f616b76a,3072,4096,RGB,2026-01-05T10:23:59,2026:01:05 10:23:59,,vivo,iQOO 15,,2,2,anthracnose,1,False
IMG_20260105_102401.jpg,data/image/IMG_20260105_102401.jpg,data/labels/IMG_20260105_102401.txt,df05e5fdc4e24f945586188f49d44c1a5897bce68a06091740327ba442f6260e,cbb87467f5278602,3072,4096,RGB,2026-01-05T10:24:01,2026:01:05 10:24:01,,vivo,iQOO 15,,2,2,anthracnose,1,False
IMG_20260105_102405.jpg,data/image/IMG_20260105_102405.jpg,data/labels/IMG_20260105_102405.txt,06887b54338769456c6f8800a23eeeda4190dce3c93a79c9ed09db9fdcb79e06,d7b18b893cbc5434,3072,4096,RGB,2026-01-05T10:24:05,2026:01:05 10:24:05,,vivo,iQOO 15,,1,0,brown spot,1,False
IMG_20260105_102410.jpg,data/image/IMG_20260105_102410.jpg,data/labels/IMG_20260105_102410.txt,8a1bdedab51d7ce8d72d47824e6cad8141e378141a9e052a9c563a0e395844d9,de2668045bb2b5da,3072,4096,RGB,2026-01-05T10:24:10,2026:01:05 10:24:10,,vivo,iQOO 15,,2,0,brown spot,1,False
IMG_20260105_102414.jpg,data/image/IMG_20260105_102414.jpg,data/labels/IMG_20260105_102414.txt,38e6fdb8f0a8503050eb0396691ada5ac65a3d6099c77ad4adac506a8924de65,d9f225c93c493ac9,3072,4096,RGB,2026-01-05T10:24:14,2026:01:05 10:24:14,,vivo,iQOO 15,,1,2,anthracnose,1,False
IMG_20260105_102420.jpg,data/image/IMG_20260105_102420.jpg,data/labels/IMG_20260105_102420.txt,6ad25cb03316a03e47e0d499b6efc8eab8df2c67e36675eab0c2684262832679,c0686ee5aaa6b4b6,3072,4096,RGB,2026-01-05T10:24:20,2026:01:05 10:24:20,,vivo,iQOO 15,,3,0;2,brown spot;anthracnose,2,True
IMG_20260105_102431.jpg,data/image/IMG_20260105_102431.jpg,data/labels/IMG_20260105_102431.txt,ea6499bb33bc0322ac73bd873b16b65cb88b9e294a4eadb9d4b45d1ac96b1070,afb9f052820f1d8b,3072,4096,RGB,2026-01-05T10:24:31,2026:01:05 10:24:31,,vivo,iQOO 15,,1,1,Leaf rust,1,False
IMG_20260105_102447.jpg,data/image/IMG_20260105_102447.jpg,data/labels/IMG_20260105_102447.txt,70b05791aac633db71527b0db233eb90f0ee659bebf9f7850e30113e3d392008,92ac7efde608d023,3072,4096,RGB,2026-01-05T10:24:47,2026:01:05 10:24:47,,vivo,iQOO 15,,2,2,anthracnose,1,False
IMG_20260105_102451.jpg,data/image/IMG_20260105_102451.jpg,data/labels/IMG_20260105_102451.txt,11ca161c0964a80738f7efa086a9d40c245cfa1f90a5309b9eb5312c0c097690,faa8a18d3131f173,3072,4096,RGB,2026-01-05T10:24:51,2026:01:05 10:24:51,,vivo,iQOO 15,,2,2,anthracnose,1,False
IMG_20260105_102454.jpg,data/image/IMG_20260105_102454.jpg,data/labels/IMG_20260105_102454.txt,135ee5880d632b69da92aaa8451e232d1ea87623a0d7e361161f595071a88578,d3b66889a7359496,3072,4096,RGB,2026-01-05T10:24:54,2026:01:05 10:24:54,,vivo,iQOO 15,,1,2,anthracnose,1,False
IMG_20260105_102457.jpg,data/image/IMG_20260105_102457.jpg,data/labels/IMG_20260105_102457.txt,9b8cafa428d6eeb9583c312fb0db3f1789dc0a65705b5458c991b57058776cfe,8f5a29c1f95ed205,3072,4096,RGB,2026-01-05T10:24:57,2026:01:05 10:24:57,,vivo,iQOO 15,,1,2,anthracnose,1,False
IMG_20260105_102501.jpg,data/image/IMG_20260105_102501.jpg,data/labels/IMG_20260105_102501.txt,b886902817c1265eeb85912ad2f0ef5d3444dd1f782a16ca6640ccca07d15f09,973488b56cf1db0a,3072,4096,RGB,2026-01-05T10:25:01,2026:01:05 10:25:01,,vivo,iQOO 15,,1,2,anthracnose,1,False
IMG_20260105_102504.jpg,data/image/IMG_20260105_102504.jpg,data/labels/IMG_20260105_102504.txt,7cd87a4b51eeb0707b14f4b6d480e076612b38a7d641a144d8e56eec87605da2,af21fd81324fb04e,3072,4096,RGB,2026-01-05T10:25:04,2026:01:05 10:25:04,,vivo,iQOO 15,,1,2,anthracnose,1,False
IMG_20260105_102509.jpg,data/image/IMG_20260105_102509.jpg,data/labels/IMG_20260105_102509.txt,fb89bb1585d0ae6175aaee9820753b8750ac3c5a68f9d4d13b6a2cc58f0bdfa2,eebc45f09e015749,3072,4096,RGB,2026-01-05T10:25:09,2026:01:05 10:25:09,,vivo,iQOO 15,,1,2,anthracnose,1,False
IMG_20260105_102520.jpg,data/image/IMG_20260105_102520.jpg,data/labels/IMG_20260105_102520.txt,808dc12e3578f4d9f9e9e6e3726f39d0a3b75146cd7ad635b51ef47a700366b0,9af56906f8c24337,3072,4096,RGB,2026-01-05T10:25:20,2026:01:05 10:25:20,,vivo,iQOO 15,,2,1,Leaf rust,1,False
IMG_20260105_102528.jpg,data/image/IMG_20260105_102528.jpg,data/labels/IMG_20260105_102528.txt,2d69c45ab73d2dde6b2cc4c4802fc3d412634c77d0b15fc958eb0bf6a09d8261,d3d6660a4e7b7882,3072,4096,RGB,2026-01-05T10:25:28,2026:01:05 10:25:28,,vivo,iQOO 15,,1,2,anthracnose,1,False
IMG_20260105_102532.jpg,data/image/IMG_20260105_102532.jpg,data/labels/IMG_20260105_102532.txt,0a5b3c55d6c91ee8c46f47ad8eeca6be43943423afb79e86bd6c0fd144cffc58,a1741ee2cb4bc297,3072,4096,RGB,2026-01-05T10:25:32,2026:01:05 10:25:32,,vivo,iQOO 15,,1,2,anthracnose,1,False
IMG_20260105_102540.jpg,data/image/IMG_20260105_102540.jpg,data/labels/IMG_20260105_102540.txt,2305b2f31d16a7380e52a1790db97ecd4148da6dfc1152e415dc0541c0b30382,f8c3e3ea5f1e000e,3072,4096,RGB,2026-01-05T10:25:40,2026:01:05 10:25:40,,vivo,iQOO 15,,1,2,anthracnose,1,False
IMG_20260105_102546.jpg,data/image/IMG_20260105_102546.jpg,data/labels/IMG_20260105_102546.txt,46065a0837871208119ba339ecf4f65214ab126504bd6aa3ac7e771147b41134,9893b898c65b877a,3072,4096,RGB,2026-01-05T10:25:46,2026:01:05 10:25:46,,vivo,iQOO 15,,1,2,anthracnose,1,False
IMG_20260105_102550.jpg,data/image/IMG_20260105_102550.jpg,data/labels/IMG_20260105_102550.txt,464827f433265ec049bc7bd1f501494107cc3b2ed2fb7a49f3aa7d41489aa684,cd427d711eb06cd8,3072,4096,RGB,2026-01-05T10:25:50,2026:01:05 10:25:50,,vivo,iQOO 15,,1,2,anthracnose,1,False
IMG_20260105_102556.jpg,data/image/IMG_20260105_102556.jpg,data/labels/IMG_20260105_102556.txt,1e230131fc594e45d26d72451b85ead2cae89f7a02b7d65eefdc16d602ad9f20,9f9ab1b261576a21,3072,4096,RGB,2026-01-05T10:25:56,2026:01:05 10:25:56,,vivo,iQOO 15,,1,2,anthracnose,1,False
IMG_20260105_102603.jpg,data/image/IMG_20260105_102603.jpg,data/labels/IMG_20260105_102603.txt,12927839f42c3d221e4f1b5fb16a6bce997c559cad73a0740e3bb1d7ebcae57e,d0c68b0cfaf97059,3072,4096,RGB,2026-01-05T10:26:03,2026:01:05 10:26:03,,vivo,iQOO 15,,6,2,anthracnose,1,False
IMG_20260105_102617.jpg,data/image/IMG_20260105_102617.jpg,data/labels/IMG_20260105_102617.txt,16280ddbd05e3680f1b93fa45cc84e467f2d4195e85decf444310e98e23d51bf,9cb1f3073335d1e0,3072,4096,RGB,2026-01-05T10:26:17,2026:01:05 10:26:17,,vivo,iQOO 15,,2,0;2,brown spot;anthracnose,2,True
IMG_20260105_102625.jpg,data/image/IMG_20260105_102625.jpg,data/labels/IMG_20260105_102625.txt,2be202fb5e42ead4ef23c83c519a915ed18a78abfa61479b7870a42bdb348ede,cc515f0e6c0e6d3c,3072,4096,RGB,2026-01-05T10:26:25,2026:01:05 10:26:25,,vivo,iQOO 15,,1,2,anthracnose,1,False
IMG_20260105_102632.jpg,data/image/IMG_20260105_102632.jpg,data/labels/IMG_20260105_102632.txt,9e2adb9854d3bd7b3070eb4019562b93a7c5b904a4b569c1a8b36e33ba5871d1,b4dd63c4919f8a91,3072,4096,RGB,2026-01-05T10:26:32,2026:01:05 10:26:32,,vivo,iQOO 15,,3,0;2,brown spot;anthracnose,2,True
IMG_20260105_102645.jpg,data/image/IMG_20260105_102645.jpg,data/labels/IMG_20260105_102645.txt,ddd94cba8c7f8682461a8caae08109c7122053e61cedb8d266003754e1d048a7,c3c30f055d1ed25e,3072,4096,RGB,2026-01-05T10:26:45,2026:01:05 10:26:45,,vivo,iQOO 15,,4,0;2,brown spot;anthracnose,2,True
IMG_20260105_102654.jpg,data/image/IMG_20260105_102654.jpg,data/labels/IMG_20260105_102654.txt,9bd8113000a9855114fa05c432ae25f107671a8f043442b309e850813cb68018,f105bd1b1f105a7c,3072,4096,RGB,2026-01-05T10:26:54,2026:01:05 10:26:54,,vivo,iQOO 15,,1,2,anthracnose,1,False
IMG_20260105_102658.jpg,data/image/IMG_20260105_102658.jpg,data/labels/IMG_20260105_102658.txt,38f932dfc42d983afcbfa5f2c67b8ba420ed1e9a85acd289a2d695d9db224444,c7837e96a27e22a2,3072,4096,RGB,2026-01-05T10:26:58,2026:01:05 10:26:58,,vivo,iQOO 15,,1,2,anthracnose,1,False
IMG_20260105_102700.jpg,data/image/IMG_20260105_102700.jpg,data/labels/IMG_20260105_102700.txt,ae6d5f5864ada3568142e8e38f524937a04d40e022a3a1781346f0bae7151daf,cb7936cf304cde20,3072,4096,RGB,2026-01-05T10:27:00,2026:01:05 10:27:00,,vivo,iQOO 15,,4,0;2,brown spot;anthracnose,2,True
IMG_20260105_102703.jpg,data/image/IMG_20260105_102703.jpg,data/labels/IMG_20260105_102703.txt,8c170081519de6cc33fad3b5fbd37cc14d72620b1c380df250d5754ca56aa767,c4d62687379b125b,3072,4096,RGB,2026-01-05T10:27:03,2026:01:05 10:27:03,,vivo,iQOO 15,,1,2,anthracnose,1,False
IMG_20260105_102730.jpg,data/image/IMG_20260105_102730.jpg,data/labels/IMG_20260105_102730.txt,7555a1dfdfe672d785acf6e7af3b6a06e7959ccdb8e52bf0b1e4781789354bc9,97dd5a7329927442,3072,4096,RGB,2026-01-05T10:27:30,2026:01:05 10:27:30,,vivo,iQOO 15,,1,2,anthracnose,1,False
IMG_20260105_102739.jpg,data/image/IMG_20260105_102739.jpg,data/labels/IMG_20260105_102739.txt,ae3bd14ef7fca9ba761a7f450d06d767ef5e6d03467e89431d23470d95110522,d9cac14897c718d7,3072,4096,RGB,2026-01-05T10:27:39,2026:01:05 10:27:39,,vivo,iQOO 15,,1,2,anthracnose,1,False
IMG_20260105_102745.jpg,data/image/IMG_20260105_102745.jpg,data/labels/IMG_20260105_102745.txt,0238f1a671fa2be76390c7d5f92d9a814333b424977b0505f72fcc3f35ebd546,968bfa8dea5445d0,3072,4096,RGB,2026-01-05T10:27:45,2026:01:05 10:27:45,,vivo,iQOO 15,,1,2,anthracnose,1,False
IMG_20260105_102758.jpg,data/image/IMG_20260105_102758.jpg,data/labels/IMG_20260105_102758.txt,7e6423e9de39b8c14bada7615476b76dcc69816364d8910add46a69bac20e414,913f7e2b582a21bc,3072,4096,RGB,2026-01-05T10:27:58,2026:01:05 10:27:58,,vivo,iQOO 15,,1,2,anthracnose,1,False
IMG_20260105_102803.jpg,data/image/IMG_20260105_102803.jpg,data/labels/IMG_20260105_102803.txt,1dfa94314656a643fe83726606a038b7e0f27e54165d620a70bb0c17343d0001,c04b2d0e3f9c7ad4,3072,4096,RGB,2026-01-05T10:28:03,2026:01:05 10:28:03,,vivo,iQOO 15,,1,3,Affected by leaf miner,1,False
IMG_20260105_102808.jpg,data/image/IMG_20260105_102808.jpg,data/labels/IMG_20260105_102808.txt,529fcc1b4140cd95d6f230e880044f987df31de400571e760533927680e59a4f,969c67a85754aa4b,3072,4096,RGB,2026-01-05T10:28:08,2026:01:05 10:28:08,,vivo,iQOO 15,,1,3,Affected by leaf miner,1,False
IMG_20260105_102814.jpg,data/image/IMG_20260105_102814.jpg,data/labels/IMG_20260105_102814.txt,b4a4160303119fe8e3145b1e019cbe342fa2044ffc968f65a105261396d1a667,a0607d837f6b855c,3072,4096,RGB,2026-01-05T10:28:14,2026:01:05 10:28:14,,vivo,iQOO 15,,1,3,Affected by leaf miner,1,False
IMG_20260105_102830.jpg,data/image/IMG_20260105_102830.jpg,data/labels/IMG_20260105_102830.txt,7b4a93d33f7febaf194758aa3126ee9704789f7d68572763a339fc99658a44c6,f04e053fe4f02e5a,3072,4096,RGB,2026-01-05T10:28:30,2026:01:05 10:28:30,,vivo,iQOO 15,,1,3,Affected by leaf miner,1,False
IMG_20260105_102852.jpg,data/image/IMG_20260105_102852.jpg,data/labels/IMG_20260105_102852.txt,4e132e9eec9261d1a35786bb73ace8c451aaa9eba3f4c5b7b2d0336775017610,962d5c1870e66d57,3072,4096,RGB,2026-01-05T10:28:52,2026:01:05 10:28:52,,vivo,iQOO 15,,1,3,Affected by leaf miner,1,False
IMG_20260105_102908.jpg,data/image/IMG_20260105_102908.jpg,data/labels/IMG_20260105_102908.txt,271c46dbbdcb064546db58a1cdf93701d6bbd99f08f98c90f93daafaa6a008b0,fd8006137e368e76,3072,4096,RGB,2026-01-05T10:29:08,2026:01:05 10:29:08,,vivo,iQOO 15,,1,3,Affected by leaf miner,1,False
IMG_20260105_102923.jpg,data/image/IMG_20260105_102923.jpg,data/labels/IMG_20260105_102923.txt,c8a7d0a1415b77cc01fc72b63bd090bdc7beea2fdb7e7bd98165469b79f777a1,d276a9e30f9a6c90,3072,4096,RGB,2026-01-05T10:29:23,2026:01:05 10:29:23,,vivo,iQOO 15,,1,3,Affected by leaf miner,1,False
IMG_20260105_102940.jpg,data/image/IMG_20260105_102940.jpg,data/labels/IMG_20260105_102940.txt,b4c48fbbd9482013091ca4673ccc1350080a181f68069c548892edd2bd3a8515,f52d01e1fc8d704b,3072,4096,RGB,2026-01-05T10:29:40,2026:01:05 10:29:40,,vivo,iQOO 15,,1,3,Affected by leaf miner,1,False
IMG_20260105_102952.jpg,data/image/IMG_20260105_102952.jpg,data/labels/IMG_20260105_102952.txt,62bd695a4182c9923803dc83bd2f204404f058064790d30192ae9de4d33b1e97,eb6a7ada7052e501,3072,4096,RGB,2026-01-05T10:29:52,2026:01:05 10:29:52,,vivo,iQOO 15,,1,3,Affected by leaf miner,1,False
IMG_20260105_102956.jpg,data/image/IMG_20260105_102956.jpg,data/labels/IMG_20260105_102956.txt,9a026ceceec6f95c68991842784e43e1264f82bcb7fe2d544fa2770e90c92d4d,d59a2f6af8640275,3072,4096,RGB,2026-01-05T10:29:56,2026:01:05 10:29:56,,vivo,iQOO 15,,1,3,Affected by leaf miner,1,False
IMG_20260105_103007.jpg,data/image/IMG_20260105_103007.jpg,data/labels/IMG_20260105_103007.txt,781b2d1943afc659979fdbd094b1647e65a7523fbab19b6a3087eb210c77306d,8eb03f3555651e32,3072,4096,RGB,2026-01-05T10:30:07,2026:01:05 10:30:07,,vivo,iQOO 15,,1,3,Affected by leaf miner,1,False
IMG_20260105_103040.jpg,data/image/IMG_20260105_103040.jpg,data/labels/IMG_20260105_103040.txt,b685e017733935276b4a6811e72be67661a2221faab9181464f6ebf64f24c7ea,c0df6a4bb625da14,4096,3072,RGB,2026-01-05T10:30:40,2026:01:05 10:30:40,,vivo,iQOO 15,,1,3,Affected by leaf miner,1,False
IMG_20260105_103058.jpg,data/image/IMG_20260105_103058.jpg,data/labels/IMG_20260105_103058.txt,1b5240893769038f66e64b9baabe9d7c0938cf3baaa89b01b24042c6123a71f5,cefb8fb124057445,3072,4096,RGB,2026-01-05T10:30:58,2026:01:05 10:30:58,,vivo,iQOO 15,,1,2,anthracnose,1,False
IMG_20260105_103101.jpg,data/image/IMG_20260105_103101.jpg,data/labels/IMG_20260105_103101.txt,c1ea49970367bf2248a488a3d00a1736241be4dc6c8e3a45cfe2f8702ab1f2c1,8ff53d743588c198,3072,4096,RGB,2026-01-05T10:31:01,2026:01:05 10:31:01,,vivo,iQOO 15,,1,1,Leaf rust,1,False
IMG_20260105_103103.jpg,data/image/IMG_20260105_103103.jpg,data/labels/IMG_20260105_103103.txt,04ce0f182042e15f86d885654d5ab627e79b2b5e2749c8a41edc134978fb8a68,822d2d10e73ff439,3072,4096,RGB,2026-01-05T10:31:03,2026:01:05 10:31:03,,vivo,iQOO 15,,2,0;1,brown spot;Leaf rust,2,True
IMG_20260105_103107.jpg,data/image/IMG_20260105_103107.jpg,data/labels/IMG_20260105_103107.txt,7756d6c814154e5d3a15214a2752a8d44df6fc76887d26bc376edeef4841c81e,84a1615e5ed336d6,3072,4096,RGB,2026-01-05T10:31:07,2026:01:05 10:31:07,,vivo,iQOO 15,,1,2,anthracnose,1,False
IMG_20260105_103109.jpg,data/image/IMG_20260105_103109.jpg,data/labels/IMG_20260105_103109.txt,6897e81ee5df6e2d8a4ee681bc96e0e90c1b2294eec1cd539f7d65d1956e305e,df463a6cb4923626,3072,4096,RGB,2026-01-05T10:31:09,2026:01:05 10:31:09,,vivo,iQOO 15,,2,2,anthracnose,1,False
IMG_20260105_103145.jpg,data/image/IMG_20260105_103145.jpg,data/labels/IMG_20260105_103145.txt,7afc48b743675857a35694d98ecb093f3721ad931815e72898fc9bcafaa830a7,9f0f3c5121506bb7,3072,4096,RGB,2026-01-05T10:31:45,2026:01:05 10:31:45,,vivo,iQOO 15,,3,2,anthracnose,1,False
IMG_20260105_103148.jpg,data/image/IMG_20260105_103148.jpg,data/labels/IMG_20260105_103148.txt,fd11e6140e44a8e4606fda80e89f7900d5ba77ecaf72f4372d5b81067251463f,ea804dab99069c7f,3072,4096,RGB,2026-01-05T10:31:48,2026:01:05 10:31:48,,vivo,iQOO 15,,1,2,anthracnose,1,False
IMG_20260105_103151.jpg,data/image/IMG_20260105_103151.jpg,data/labels/IMG_20260105_103151.txt,8f4240b31c20cf82689d53005b30af122cbf1904cacf8b9f64066fa2a0f4a0b4,cc83570c775c3b1c,3072,4096,RGB,2026-01-05T10:31:51,2026:01:05 10:31:51,,vivo,iQOO 15,,1,2,anthracnose,1,False
IMG_20260105_103155.jpg,data/image/IMG_20260105_103155.jpg,data/labels/IMG_20260105_103155.txt,517e7b28e11a86bf86fefac60d60ac2e2b4c30c9e575010581dd363986f27209,977ee8a883e1c5c1,3072,4096,RGB,2026-01-05T10:31:55,2026:01:05 10:31:55,,vivo,iQOO 15,,3,0;2,brown spot;anthracnose,2,True
IMG_20260105_103159.jpg,data/image/IMG_20260105_103159.jpg,data/labels/IMG_20260105_103159.txt,96e09da828f100d217286b86c6c188d538d28850369ef8663e3f5a8d35f83425,d608e1352fb7a632,3072,4096,RGB,2026-01-05T10:31:59,2026:01:05 10:31:59,,vivo,iQOO 15,,1,2,anthracnose,1,False
IMG_20260105_103206.jpg,data/image/IMG_20260105_103206.jpg,data/labels/IMG_20260105_103206.txt,15d9bff55f71e6c3c1e06e5a04fb821c01820c9063b325627be7c18cb69898b7,85e07287750be5d3,3072,4096,RGB,2026-01-05T10:32:06,2026:01:05 10:32:06,,vivo,iQOO 15,,1,2,anthracnose,1,False
IMG_20260105_103208.jpg,data/image/IMG_20260105_103208.jpg,data/labels/IMG_20260105_103208.txt,e7013557c9caa8cf14aa6daada64db5bd1b63c8ec575c4a2878d45729cc7d980,8bcb7cd4627ce032,3072,4096,RGB,2026-01-05T10:32:08,2026:01:05 10:32:08,,vivo,iQOO 15,,3,2,anthracnose,1,False
IMG_20260105_103224.jpg,data/image/IMG_20260105_103224.jpg,data/labels/IMG_20260105_103224.txt,5b08665d00d5579c2f33499bee21ee8543877ce0155ee601e9cf88db31f5fbff,a48d18f223fbb70a,3072,4096,RGB,2026-01-05T10:32:24,2026:01:05 10:32:24,,vivo,iQOO 15,,1,0,brown spot,1,False
IMG_20260105_103307.jpg,data/image/IMG_20260105_103307.jpg,data/labels/IMG_20260105_103307.txt,cd6e4afb2b8feab55152defd5dd1b901d62661f4549d4806217b2809e6e3815d,8360dd0f475c0abf,3072,4096,RGB,2026-01-05T10:33:07,2026:01:05 10:33:07,,vivo,iQOO 15,,4,0;2,brown spot;anthracnose,2,True
IMG_20260105_103314.jpg,data/image/IMG_20260105_103314.jpg,data/labels/IMG_20260105_103314.txt,ab0aa6741ee2ca8ebc1cab1e466efdec01316d623cd40d31d70a648a653b7923,932e297824751ebb,3072,4096,RGB,2026-01-05T10:33:14,2026:01:05 10:33:14,,vivo,iQOO 15,,1,3,Affected by leaf miner,1,False
IMG_20260105_103321.jpg,data/image/IMG_20260105_103321.jpg,data/labels/IMG_20260105_103321.txt,81eab15bc513b04c45dea23e62b3900d1ec5e43cc9e011f5cda3f2b2d1e621a2,94a749da2fa850eb,3072,4096,RGB,2026-01-05T10:33:21,2026:01:05 10:33:21,,vivo,iQOO 15,,1,2,anthracnose,1,False
IMG_20260105_103332.jpg,data/image/IMG_20260105_103332.jpg,data/labels/IMG_20260105_103332.txt,fcb8416cb2b4af465bdeedef6d53fa6d1cf257f06c25699386c79cb2b2453717,c7756cbb3c191489,3072,4096,RGB,2026-01-05T10:33:32,2026:01:05 10:33:32,,vivo,iQOO 15,,4,0;2,brown spot;anthracnose,2,True
IMG_20260105_103348.jpg,data/image/IMG_20260105_103348.jpg,data/labels/IMG_20260105_103348.txt,27e4b6d365f67e887bcf87f76038954f4114484394560fd565ecd02c8d7dce4a,99d52d6135a2f538,3072,4096,RGB,2026-01-05T10:33:48,2026:01:05 10:33:48,,vivo,iQOO 15,,3,0;2,brown spot;anthracnose,2,True
IMG_20260105_103425.jpg,data/image/IMG_20260105_103425.jpg,data/labels/IMG_20260105_103425.txt,97412144f029524baa50e5b8f178aa1f6806e2a3f7d8e7c330e088a78037a614,99aced50268df01f,3072,4096,RGB,2026-01-05T10:34:25,2026:01:05 10:34:25,,vivo,iQOO 15,,4,0;2,brown spot;anthracnose,2,True
IMG_20260105_103429.jpg,data/image/IMG_20260105_103429.jpg,data/labels/IMG_20260105_103429.txt,00c9d23742f7a6bba1df41cebd1fcfd1f5b4181739775fff6872736a358af78b,e8faa7078ce2190f,3072,4096,RGB,2026-01-05T10:34:29,2026:01:05 10:34:29,,vivo,iQOO 15,,4,0;2,brown spot;anthracnose,2,True
IMG_20260105_103432.jpg,data/image/IMG_20260105_103432.jpg,data/labels/IMG_20260105_103432.txt,b2ae5dda2974df9faa3501a8007e075af6325d5e8a68ddd1c15cdc45b22e4d11,c14c63a92756cbea,3072,4096,RGB,2026-01-05T10:34:32,2026:01:05 10:34:32,,vivo,iQOO 15,,5,0,brown spot,1,False
IMG_20260105_103436.jpg,data/image/IMG_20260105_103436.jpg,data/labels/IMG_20260105_103436.txt,dcc50b00f1aad03b6b086fffb9714d89da1bb3605f824e0da163afce04345c9a,ca7074f4b263964b,3072,4096,RGB,2026-01-05T10:34:36,2026:01:05 10:34:36,,vivo,iQOO 15,,3,0,brown spot,1,False
IMG_20260105_103517.jpg,data/image/IMG_20260105_103517.jpg,data/labels/IMG_20260105_103517.txt,8e74676777eeee1c636921de645f36139a90c15ccfa76c7e30b03ccaafeec54b,9d42e4ba46b1ea95,3072,4096,RGB,2026-01-05T10:35:17,2026:01:05 10:35:17,,vivo,iQOO 15,,5,0,brown spot,1,False
IMG_20260105_103529.jpg,data/image/IMG_20260105_103529.jpg,data/labels/IMG_20260105_103529.txt,050f5fc9c2ec86f9a5280ea0faffcb68577a75add069d432ab4645eef27149d9,8f60bd60d0a74d97,3072,4096,RGB,2026-01-05T10:35:29,2026:01:05 10:35:29,,vivo,iQOO 15,,1,1,Leaf rust,1,False
IMG_20260105_103534.jpg,data/image/IMG_20260105_103534.jpg,data/labels/IMG_20260105_103534.txt,32368f8a1fcc8f16af98ad69085e13d9b929006694a8a46b6ff2199131f7c88c,8429b1b76557107f,3072,4096,RGB,2026-01-05T10:35:34,2026:01:05 10:35:34,,vivo,iQOO 15,,5,1;2,Leaf rust;anthracnose,2,True
IMG_20260105_103538.jpg,data/image/IMG_20260105_103538.jpg,data/labels/IMG_20260105_103538.txt,dff4bbf7cc4f08e65f407f0bdb3b2f2caa1347c356b996c5373bd3ae576b1259,e8fa62bda7542542,3072,4096,RGB,2026-01-05T10:35:38,2026:01:05 10:35:38,,vivo,iQOO 15,,3,2,anthracnose,1,False
IMG_20260105_103947.jpg,data/image/IMG_20260105_103947.jpg,data/labels/IMG_20260105_103947.txt,801e64a9a7bc006c93c064c4751caabb0f3db0cfb3e24110875965bcc61b3d7b,96c4783bced614c5,3072,4096,RGB,2026-01-05T10:39:47,2026:01:05 10:39:47,,vivo,iQOO 15,,5,0,brown spot,1,False
IMG_20260105_104814.jpg,data/image/IMG_20260105_104814.jpg,data/labels/IMG_20260105_104814.txt,f4ada0e2c8705cb92d6efd451db64dfe645b8f0ca891a2a56a2a641114cb6e67,c844ac3bf339ece0,3072,4080,RGB,2026-01-05T10:48:14,2026:01:05 10:48:14,,vivo,iQOO 15,,1,2,anthracnose,1,False
IMG_20260105_104820.jpg,data/image/IMG_20260105_104820.jpg,data/labels/IMG_20260105_104820.txt,16744318582863027058bd9f7fc733f563c6cad2a96532d29dddd12b3eec78ef,92829bce55ce27aa,3072,4080,RGB,2026-01-05T10:48:20,2026:01:05 10:48:20,,vivo,iQOO 15,,2,2,anthracnose,1,False
IMG_20260105_104829.jpg,data/image/IMG_20260105_104829.jpg,data/labels/IMG_20260105_104829.txt,0bda5e79d1c630124888db58cdb309c7941197283c4aa795a1a49f9c0b8221ea,873fd0904b8b2fcc,3072,4096,RGB,2026-01-05T10:48:29,2026:01:05 10:48:29,,vivo,iQOO 15,,3,2,anthracnose,1,False
IMG_20260105_104831.jpg,data/image/IMG_20260105_104831.jpg,data/labels/IMG_20260105_104831.txt,6703ea9e314eccbcc3bd9292ca9147cf116669f07fda2dda70649684b9e55c34,c948ee3e37275151,3072,4096,RGB,2026-01-05T10:48:31,2026:01:05 10:48:31,,vivo,iQOO 15,,1,2,anthracnose,1,False
IMG_20260105_104835.jpg,data/image/IMG_20260105_104835.jpg,data/labels/IMG_20260105_104835.txt,58b67643087a0606f6f77f35b3c8fa52348f9d4ddd21737d1dd71ef64af77110,a4479b2bb07871e5,3072,4096,RGB,2026-01-05T10:48:35,2026:01:05 10:48:35,,vivo,iQOO 15,,1,2,anthracnose,1,False
IMG_20260105_104840.jpg,data/image/IMG_20260105_104840.jpg,data/labels/IMG_20260105_104840.txt,17ca2d45ef2767d77dd83fd08baee4529247bcef0b0b8f26426a1c8500513049,b161c9ef126e9037,3072,4096,RGB,2026-01-05T10:48:40,2026:01:05 10:48:40,,vivo,iQOO 15,,1,2,anthracnose,1,False
IMG_20260105_104853.jpg,data/image/IMG_20260105_104853.jpg,data/labels/IMG_20260105_104853.txt,422b3968fc95c4d5d2ee5d482ced9b9b584c751b7e496e374312d95199760455,827ad5135cc33fd0,3072,4096,RGB,2026-01-05T10:48:53,2026:01:05 10:48:53,,vivo,iQOO 15,,1,2,anthracnose,1,False
IMG_20260105_104855.jpg,data/image/IMG_20260105_104855.jpg,data/labels/IMG_20260105_104855.txt,fc64a24b87d795dc931941b93bd150aa5271288692d62ad81e60ec7c4b41b4dd,890af9348b3d259f,3072,4096,RGB,2026-01-05T10:48:55,2026:01:05 10:48:55,,vivo,iQOO 15,,1,2,anthracnose,1,False
IMG_20260105_104858.jpg,data/image/IMG_20260105_104858.jpg,data/labels/IMG_20260105_104858.txt,4e1b9bb89b9ff0fa4cb64ef1fb3bb37b334bf487d14cf5a969967e36353dd0ed,cb22d2369631a5bd,3072,4096,RGB,2026-01-05T10:48:58,2026:01:05 10:48:58,,vivo,iQOO 15,,1,2,anthracnose,1,False
IMG_20260105_104900.jpg,data/image/IMG_20260105_104900.jpg,data/labels/IMG_20260105_104900.txt,57071a4b6a0d2c153f24eafcba45b4f511df897a154336a98a5848597fd3ce6d,b7756c033323531b,3072,4096,RGB,2026-01-05T10:49:00,2026:01:05 10:49:00,,vivo,iQOO 15,,1,2,anthracnose,1,False
IMG_20260105_104906.jpg,data/image/IMG_20260105_104906.jpg,data/labels/IMG_20260105_104906.txt,22ffd63c6b85b85e69c8d154ae091409f78f7a2fcf06dc7043bb744a6bdfece9,d933b15c53524d59,3072,4096,RGB,2026-01-05T10:49:06,2026:01:05 10:49:06,,vivo,iQOO 15,,1,2,anthracnose,1,False
IMG_20260105_104910.jpg,data/image/IMG_20260105_104910.jpg,data/labels/IMG_20260105_104910.txt,d67427023e943d8b4b9da5269c3ed8184f33156fc94ad9bd908ab99e5aa391f3,d9490cd37656e6a2,3072,4080,RGB,2026-01-05T10:49:10,2026:01:05 10:49:10,,vivo,iQOO 15,,1,2,anthracnose,1,False
IMG_20260105_104920.jpg,data/image/IMG_20260105_104920.jpg,data/labels/IMG_20260105_104920.txt,e9dc62da899a8393b0b581979c88d18ae7e8c58614dbd0511a4f889b57d513cd,b068de2913eea56a,3072,4096,RGB,2026-01-05T10:49:20,2026:01:05 10:49:20,,vivo,iQOO 15,,1,2,anthracnose,1,False
IMG_20260105_104923.jpg,data/image/IMG_20260105_104923.jpg,data/labels/IMG_20260105_104923.txt,9a22031c2b61a45a919d40f4917b7e95b8c3c1f15ada71bd1336409dac930bd6,ccea75450d1eccb2,3072,4096,RGB,2026-01-05T10:49:23,2026:01:05 10:49:23,,vivo,iQOO 15,,1,1,Leaf rust,1,False
IMG_20260105_104925.jpg,data/image/IMG_20260105_104925.jpg,data/labels/IMG_20260105_104925.txt,97e73565a8e9abe77c248567724878cee27c744a68b56076228c6c5ce0078869,d680f41f677e0866,3072,4096,RGB,2026-01-05T10:49:25,2026:01:05 10:49:25,,vivo,iQOO 15,,1,2,anthracnose,1,False
IMG_20260105_104933.jpg,data/image/IMG_20260105_104933.jpg,data/labels/IMG_20260105_104933.txt,7bd37f4f44ebefc62c185ab368a2118145db065ee346d46d960181f625254c73,9f1ca1511c2759af,3072,4096,RGB,2026-01-05T10:49:33,2026:01:05 10:49:33,,vivo,iQOO 15,,1,2,anthracnose,1,False
IMG_20260105_105008.jpg,data/image/IMG_20260105_105008.jpg,data/labels/IMG_20260105_105008.txt,bbeb59dcc96baff33dff913e125e6ddb1d75ed226fedcc50b7f8a5e8c31b40b1,a718dbc0dee21de0,3072,4080,RGB,2026-01-05T10:50:08,2026:01:05 10:50:08,,vivo,iQOO 15,,5,0;2,brown spot;anthracnose,2,True
IMG_20260105_105013.jpg,data/image/IMG_20260105_105013.jpg,data/labels/IMG_20260105_105013.txt,28c9c6b2f4389d4a929ad317ac0656f01a9a3924cb88a4bb9754dc5ed574873c,cd62e6075aecc16c,3072,4096,RGB,2026-01-05T10:50:13,2026:01:05 10:50:13,,vivo,iQOO 15,,1,2,anthracnose,1,False
IMG_20260105_105016.jpg,data/image/IMG_20260105_105016.jpg,data/labels/IMG_20260105_105016.txt,097d40faf6238f59634d0b4dce4a8791f659449f2f68389fea9e9070ab891157,c9f83407f11ccf51,3072,4096,RGB,2026-01-05T10:50:16,2026:01:05 10:50:16,,vivo,iQOO 15,,1,2,anthracnose,1,False
IMG_20260105_105025.jpg,data/image/IMG_20260105_105025.jpg,data/labels/IMG_20260105_105025.txt,9a5613ea68a18b0f13a2c052ab1e02581e54de3303623fa76101cdae7421e964,dbf6a10cd330a23d,3072,4080,RGB,2026-01-05T10:50:25,2026:01:05 10:50:25,,vivo,iQOO 15,,1,3,Affected by leaf miner,1,False
IMG_20260105_105028.jpg,data/image/IMG_20260105_105028.jpg,data/labels/IMG_20260105_105028.txt,1a0e81910feb1fe4c91f03480e5350a49801e301982c53749151f1cc9fe795c5,d44672afb1854eb8,3072,4080,RGB,2026-01-05T10:50:28,2026:01:05 10:50:28,,vivo,iQOO 15,,10,2,anthracnose,1,False
IMG_20260105_105030.jpg,data/image/IMG_20260105_105030.jpg,data/labels/IMG_20260105_105030.txt,636f5931dee1e04c98f2fffca9428fcc0e036f7e98a3916690b08aa08701adb6,8ad3ea8324edadc8,3072,4080,RGB,2026-01-05T10:50:30,2026:01:05 10:50:30,,vivo,iQOO 15,,4,2,anthracnose,1,False
IMG_20260105_105045.jpg,data/image/IMG_20260105_105045.jpg,data/labels/IMG_20260105_105045.txt,f34ad8ef7f3917ac42d8d5dc89865c4d98758816c2ace11f8b0bb6a5f1fee556,ee7dc4055ce13833,3072,4096,RGB,2026-01-05T10:50:45,2026:01:05 10:50:45,,vivo,iQOO 15,,1,3,Affected by leaf miner,1,False
IMG_20260105_105051.jpg,data/image/IMG_20260105_105051.jpg,data/labels/IMG_20260105_105051.txt,c67a8b90c3417426e50fca744e149207f2034e2b25f36d0cd36d2c4cd48321c1,eb766ccbb9f00052,3072,4096,RGB,2026-01-05T10:50:51,2026:01:05 10:50:51,,vivo,iQOO 15,,1,3,Affected by leaf miner,1,False
IMG_20260105_105155.jpg,data/image/IMG_20260105_105155.jpg,data/labels/IMG_20260105_105155.txt,d49cfe4c1d4b8b0ac80ab49b399cdf20367d807965c3b56a7c9fa127cc2842ef,828875c70edf9c5c,3072,4080,RGB,2026-01-05T10:51:55,2026:01:05 10:51:55,,vivo,iQOO 15,,1,3,Affected by leaf miner,1,False
IMG_20260105_105203.jpg,data/image/IMG_20260105_105203.jpg,data/labels/IMG_20260105_105203.txt,76807d6a83734e5ac432668a0f9c2ae3fbde8443580ada84acef226964238d24,876a1c238330f7fc,3072,4096,RGB,2026-01-05T10:52:03,2026:01:05 10:52:03,,vivo,iQOO 15,,1,2,anthracnose,1,False
IMG_20260105_105207.jpg,data/image/IMG_20260105_105207.jpg,data/labels/IMG_20260105_105207.txt,4aa9529df6b48a51889790f24a17ebc7b0d90df7e8342edd5bf9c875ca61ea33,cb0ac39e63837b68,3072,4096,RGB,2026-01-05T10:52:07,2026:01:05 10:52:07,,vivo,iQOO 15,,1,3,Affected by leaf miner,1,False
IMG_20260105_105209.jpg,data/image/IMG_20260105_105209.jpg,data/labels/IMG_20260105_105209.txt,7ae454bf90bb91839d5cf7988b68b025076a6e002de1ccac8b7e85ef01625408,8b22bd5b61b49a74,3072,4096,RGB,2026-01-05T10:52:09,2026:01:05 10:52:09,,vivo,iQOO 15,,1,2,anthracnose,1,False
IMG_20260105_105220.jpg,data/image/IMG_20260105_105220.jpg,data/labels/IMG_20260105_105220.txt,c02df7022048e422e82925cea1470d9d5b108341285dd7a5bbfbdae61f6d46d2,a73be08356d7a10b,3072,4080,RGB,2026-01-05T10:52:20,2026:01:05 10:52:20,,vivo,iQOO 15,,1,3,Affected by leaf miner,1,False
IMG_20260105_105236.jpg,data/image/IMG_20260105_105236.jpg,data/labels/IMG_20260105_105236.txt,6e72b80fdb03f6304ae4ba2b2e02306974f503fd898db64f32f3b8c971366d2e,916b5f0f02a8579b,3072,4080,RGB,2026-01-05T10:52:36,2026:01:05 10:52:36,,vivo,iQOO 15,,1,3,Affected by leaf miner,1,False
IMG_20260105_105250.jpg,data/image/IMG_20260105_105250.jpg,data/labels/IMG_20260105_105250.txt,01c1a3f7b8c7554e2d5b4777daf0200cfb49e7e2e7ae270d16c4922ed97992c9,b2696d455a5643f8,3072,4096,RGB,2026-01-05T10:52:50,2026:01:05 10:52:50,,vivo,iQOO 15,,1,3,Affected by leaf miner,1,False
IMG_20260105_105318.jpg,data/image/IMG_20260105_105318.jpg,data/labels/IMG_20260105_105318.txt,263db7c6149ba678b27012cc94329f777938e088d8b23ba4e30d00ad429234f9,fb7003b48a07527f,4080,3072,RGB,2026-01-05T10:53:18,2026:01:05 10:53:18,,vivo,iQOO 15,,1,3,Affected by leaf miner,1,False
IMG_20260105_105343.jpg,data/image/IMG_20260105_105343.jpg,data/labels/IMG_20260105_105343.txt,56a8702da7d12a9cdea214a996f2f44ee475d2d31e533499fb6a9833e88fb913,9b5a85781a10bdbe,3072,4080,RGB,2026-01-05T10:53:43,2026:01:05 10:53:43,,vivo,iQOO 15,,1,3,Affected by leaf miner,1,False
IMG_20260105_105347.jpg,data/image/IMG_20260105_105347.jpg,data/labels/IMG_20260105_105347.txt,8629611aabdc354885ee88b741c5ee2181395b89e379ea5978b1521563bdf4cd,cdecf01293b2dcd0,3072,4096,RGB,2026-01-05T10:53:47,2026:01:05 10:53:47,,vivo,iQOO 15,,6,2,anthracnose,1,False
IMG_20260105_105352.jpg,data/image/IMG_20260105_105352.jpg,data/labels/IMG_20260105_105352.txt,d34ba9de5e38c83863abbb932c74868f2ae5ac33f22e5042df1bfe074ee49e0b,8a19e474f69b98f0,3072,4080,RGB,2026-01-05T10:53:52,2026:01:05 10:53:52,,vivo,iQOO 15,,3,2,anthracnose,1,False
IMG_20260105_105401.jpg,data/image/IMG_20260105_105401.jpg,data/labels/IMG_20260105_105401.txt,801e9bfbd7d468f252d832fcb15e95711136fa4d6f49173770d08443672bc018,b26c68c19cfc5e49,3072,4080,RGB,2026-01-05T10:54:01,2026:01:05 10:54:01,,vivo,iQOO 15,,1,2,anthracnose,1,False
IMG_20260105_105413.jpg,data/image/IMG_20260105_105413.jpg,data/labels/IMG_20260105_105413.txt,d83faa5a8b2fa76d8cb359b10d86a469a2ba3d3a0b8d64ade4dec771008080ba,a8d2a72e442bb8e7,3072,4080,RGB,2026-01-05T10:54:13,2026:01:05 10:54:13,,vivo,iQOO 15,,3,2,anthracnose,1,False
IMG_20260105_105418.jpg,data/image/IMG_20260105_105418.jpg,data/labels/IMG_20260105_105418.txt,0ddf69a1612c413ddf9d4627693c513c6ce7b9dbf537f8a0331b0f298524b762,9387cea96811cccf,3072,4080,RGB,2026-01-05T10:54:18,2026:01:05 10:54:18,,vivo,iQOO 15,,1,2,anthracnose,1,False
IMG_20260105_105425.jpg,data/image/IMG_20260105_105425.jpg,data/labels/IMG_20260105_105425.txt,c3fa24ca10d8238db2227d87757362ae6fe3cdfcd0573328e3e2db7fae4b9d1b,8e96e66b07e13e50,3072,4080,RGB,2026-01-05T10:54:25,2026:01:05 10:54:25,,vivo,iQOO 15,,1,2,anthracnose,1,False
IMG_20260105_105427.jpg,data/image/IMG_20260105_105427.jpg,data/labels/IMG_20260105_105427.txt,cdc31d2ce13a16d4b242a3e8f9f8a52d985bbca82e5d21d0917e3949c2495378,ced8eba2850a5e6c,3072,4080,RGB,2026-01-05T10:54:27,2026:01:05 10:54:27,,vivo,iQOO 15,,4,1;2,Leaf rust;anthracnose,2,True
IMG_20260105_105429.jpg,data/image/IMG_20260105_105429.jpg,data/labels/IMG_20260105_105429.txt,2022103ee96b2ab9516a1ba7f447ae338faa1d7be79434137eb39babf8f1ea71,9d8234366a2f6c5b,3072,4080,RGB,2026-01-05T10:54:29,2026:01:05 10:54:29,,vivo,iQOO 15,,5,2,anthracnose,1,False
IMG_20260105_105434.jpg,data/image/IMG_20260105_105434.jpg,data/labels/IMG_20260105_105434.txt,c69cd7addcff108c656404392f304d6663c51070d74ed3419bc7bc5a1355fb28,9a87bb931b862ca5,4080,3072,RGB,2026-01-05T10:54:34,2026:01:05 10:54:34,,vivo,iQOO 15,,1,2,anthracnose,1,False
IMG_20260105_105437.jpg,data/image/IMG_20260105_105437.jpg,data/labels/IMG_20260105_105437.txt,5155847b73ab9353f0bb55f770c9dd04d47747088e9c2ace9ac0c3c4f0f64954,d27c62a537e0cac9,4080,3072,RGB,2026-01-05T10:54:37,2026:01:05 10:54:37,,vivo,iQOO 15,,1,2,anthracnose,1,False
IMG_20260105_105439.jpg,data/image/IMG_20260105_105439.jpg,data/labels/IMG_20260105_105439.txt,5c7431bf4b0dc5dc639e21619c4dcaead92b5126f84c0618f586103f3bc257c8,df04682da72f4c4b,3072,4080,RGB,2026-01-05T10:54:39,2026:01:05 10:54:39,,vivo,iQOO 15,,1,2,anthracnose,1,False
IMG_20260105_105444.jpg,data/image/IMG_20260105_105444.jpg,data/labels/IMG_20260105_105444.txt,7140297d78a2c9a7144d4bc19f809dc09b93456f2a371e7658d54dd1339e09a2,805c2d785171fafa,3072,4080,RGB,2026-01-05T10:54:44,2026:01:05 10:54:44,,vivo,iQOO 15,,1,2,anthracnose,1,False
IMG_20260105_105529.jpg,data/image/IMG_20260105_105529.jpg,data/labels/IMG_20260105_105529.txt,0905b9428d1a3c1bbeec103199dec65c8ee0d1c2870e6e52add2a67a7b823d4f,f103ba513c53cf07,3072,4080,RGB,2026-01-05T10:55:29,2026:01:05 10:55:29,,vivo,iQOO 15,,1,2,anthracnose,1,False
IMG_20260105_105534.jpg,data/image/IMG_20260105_105534.jpg,data/labels/IMG_20260105_105534.txt,45199ef4e446401b702a40b1c15fad2d1d2f7614b7d84faea2a25dc3b1d62a06,da4069616f356b36,3072,4080,RGB,2026-01-05T10:55:34,2026:01:05 10:55:34,,vivo,iQOO 15,,4,0;2,brown spot;anthracnose,2,True
IMG_20260105_105753.jpg,data/image/IMG_20260105_105753.jpg,data/labels/IMG_20260105_105753.txt,157b81d11d5e1e352632ed5dcbcd21e5d1495e9f126f11c5318dd5a276a59c6e,976b7a94c29b6115,3072,4080,RGB,2026-01-05T10:57:53,2026:01:05 10:57:53,,vivo,iQOO 15,,1,2,anthracnose,1,False
IMG_20260105_105838.jpg,data/image/IMG_20260105_105838.jpg,data/labels/IMG_20260105_105838.txt,299520f8d7cd82ca27166af4d99760214f984e333a0929fe6ac85801f4217031,994267fc66845af2,3072,4080,RGB,2026-01-05T10:58:38,2026:01:05 10:58:38,,vivo,iQOO 15,,2,2,anthracnose,1,False
IMG_20260105_105841.jpg,data/image/IMG_20260105_105841.jpg,data/labels/IMG_20260105_105841.txt,86d9dc49fbed11441f367b7acc32f36b4476298d1c045a5e52470153e3184da1,b11f43eba82692d9,3072,4080,RGB,2026-01-05T10:58:41,2026:01:05 10:58:41,,vivo,iQOO 15,,2,2,anthracnose,1,False
IMG_20260105_105843.jpg,data/image/IMG_20260105_105843.jpg,data/labels/IMG_20260105_105843.txt,3471080ff36422d7dd3eac32963e0d13692b2473db494e40758024f834b3c190,a86774b0a9bb24b9,3072,4080,RGB,2026-01-05T10:58:43,2026:01:05 10:58:43,,vivo,iQOO 15,,1,2,anthracnose,1,False
IMG_20260105_105847.jpg,data/image/IMG_20260105_105847.jpg,data/labels/IMG_20260105_105847.txt,344c21d5ced98908de4c2ea292672912a625d94a7d8bd9f60b93f6f2c646c2af,8945a52bd82eeb74,3072,4080,RGB,2026-01-05T10:58:47,2026:01:05 10:58:47,,vivo,iQOO 15,,3,2,anthracnose,1,False
IMG_20260105_105856.jpg,data/image/IMG_20260105_105856.jpg,data/labels/IMG_20260105_105856.txt,c00734ee951d6b13154e37f65bd86631fb093400fc252d1b34fb14131475c3d4,b7001ebb3cb0f0ce,3072,4096,RGB,2026-01-05T10:58:56,2026:01:05 10:58:56,,vivo,iQOO 15,,4,2,anthracnose,1,False
IMG_20260105_110704.jpg,data/image/IMG_20260105_110704.jpg,data/labels/IMG_20260105_110704.txt,b765196c39dffbea2f5791075997cebd4509827f46504637b66dfa7b0c778908,a64a7d31a573c394,4096,3072,RGB,2026-01-05T11:07:04,2026:01:05 11:07:04,,vivo,iQOO 15,,2,2,anthracnose,1,False
IMG_20260105_110705.jpg,data/image/IMG_20260105_110705.jpg,data/labels/IMG_20260105_110705.txt,b92a5864682748d2d0171713384755607904179722b6b1b5b60bae166bd5c9c5,903a7a74d6452be5,4096,3072,RGB,2026-01-05T11:07:05,2026:01:05 11:07:05,,vivo,iQOO 15,,1,2,anthracnose,1,False
IMG_20260105_110713.jpg,data/image/IMG_20260105_110713.jpg,data/labels/IMG_20260105_110713.txt,8f0da0bc8b934f07d99e5a8b230f8c42c5bcaa95117d620a127365142a084573,961a78a5f4d42b8d,3072,4080,RGB,2026-01-05T11:07:13,2026:01:05 11:07:13,,vivo,iQOO 15,,1,2,anthracnose,1,False
IMG_20260105_110717.jpg,data/image/IMG_20260105_110717.jpg,data/labels/IMG_20260105_110717.txt,9cbc0e23af1e53f803816dbe76681b9891da420aa918601b954342d2b5768c29,ce8d3128ef639545,3072,4096,RGB,2026-01-05T11:07:17,2026:01:05 11:07:17,,vivo,iQOO 15,,1,2,anthracnose,1,False
IMG_20260105_110719.jpg,data/image/IMG_20260105_110719.jpg,data/labels/IMG_20260105_110719.txt,4be85474d1bb4fd622b54dbf7321348c1594ed3ee584fa57b2e157c4b4a08b26,93ea7ce126362237,3072,4080,RGB,2026-01-05T11:07:19,2026:01:05 11:07:19,,vivo,iQOO 15,,1,2,anthracnose,1,False
IMG_20260105_110722.jpg,data/image/IMG_20260105_110722.jpg,data/labels/IMG_20260105_110722.txt,305ffaa5ef0385507325e00efc7cf8a3126af37f7e29701b9eb7576b30b0801d,99ea8881f5f515d1,3072,4096,RGB,2026-01-05T11:07:22,2026:01:05 11:07:22,,vivo,iQOO 15,,1,2,anthracnose,1,False
IMG_20260105_110731.jpg,data/image/IMG_20260105_110731.jpg,data/labels/IMG_20260105_110731.txt,562d808e6339e9c6f78ce0fb450d83d5f6ab5146951ac4ca99a75a018143e259,987aae4b3076d196,3072,4096,RGB,2026-01-05T11:07:31,2026:01:05 11:07:31,,vivo,iQOO 15,,1,2,anthracnose,1,False
IMG_20260105_110733.jpg,data/image/IMG_20260105_110733.jpg,data/labels/IMG_20260105_110733.txt,b352ee4af32cf5b9e39316c832622448d15583bdd129158d1efb6c0374375edc,c3bf6e60058770ea,3072,4080,RGB,2026-01-05T11:07:33,2026:01:05 11:07:33,,vivo,iQOO 15,,2,2,anthracnose,1,False
IMG_20260105_110739.jpg,data/image/IMG_20260105_110739.jpg,data/labels/IMG_20260105_110739.txt,4b183cbc51b5693d3bfedac5170a0b24a457d4f4f06035a7d1408119167ed916,e1e1f107075e5687,3072,4096,RGB,2026-01-05T11:07:39,2026:01:05 11:07:39,,vivo,iQOO 15,,1,2,anthracnose,1,False
IMG_20260105_110746.jpg,data/image/IMG_20260105_110746.jpg,data/labels/IMG_20260105_110746.txt,6a0a2d2fed9b9b2526886e3327001a4022d5b3d2d16bb5e715f9b9326d7e4977,d79a2dd03a24996b,3072,4080,RGB,2026-01-05T11:07:46,2026:01:05 11:07:46,,vivo,iQOO 15,,1,2,anthracnose,1,False
IMG_20260105_110748.jpg,data/image/IMG_20260105_110748.jpg,data/labels/IMG_20260105_110748.txt,fa7844a032da5e5a81cbd78c9f7c73c0c4a61ab0fbdc37417534f4d9f3fa3f15,d93d945429536be8,3072,4080,RGB,2026-01-05T11:07:48,2026:01:05 11:07:48,,vivo,iQOO 15,,1,2,anthracnose,1,False
IMG_20260105_110759.jpg,data/image/IMG_20260105_110759.jpg,data/labels/IMG_20260105_110759.txt,cc4dd30ff260c72c7ab10d48604ddadb5bb01a1428364b50afd223352153aa58,9b19fd7ef000f092,3072,4096,RGB,2026-01-05T11:07:59,2026:01:05 11:07:59,,vivo,iQOO 15,,1,3,Affected by leaf miner,1,False
IMG_20260105_110844.jpg,data/image/IMG_20260105_110844.jpg,data/labels/IMG_20260105_110844.txt,9a56c5a8f06c7be7c4863d542e5f035bac43aa2b0e5f3110eccbddfa0f790176,cd454ce5f5bc3302,3072,4080,RGB,2026-01-05T11:08:44,2026:01:05 11:08:44,,vivo,iQOO 15,,1,2,anthracnose,1,False
IMG_20260105_110846.jpg,data/image/IMG_20260105_110846.jpg,data/labels/IMG_20260105_110846.txt,c06f1dab5cbf8fd43b66c46e0701f3d6594ed7d3221f8463d9010b1220961463,8c097fe50cd0e76c,3072,4080,RGB,2026-01-05T11:08:46,2026:01:05 11:08:46,,vivo,iQOO 15,,1,2,anthracnose,1,False
IMG_20260105_110858.jpg,data/image/IMG_20260105_110858.jpg,data/labels/IMG_20260105_110858.txt,160ae5f64080807e827778d83af42a6f2c186daf892f78748559ab5b3f03ac31,d826fd132f945aa4,3072,4096,RGB,2026-01-05T11:08:58,2026:01:05 11:08:58,,vivo,iQOO 15,,1,2,anthracnose,1,False
IMG_20260105_111006.jpg,data/image/IMG_20260105_111006.jpg,data/labels/IMG_20260105_111006.txt,d77d43fddd6380d89af142955a796d25ce5de5624fba6dbf0bd7f2cfaba76c30,ea07caba2a9a362b,4096,3072,RGB,2026-01-05T11:10:06,2026:01:05 11:10:06,,vivo,iQOO 15,,1,2,anthracnose,1,False
IMG_20260105_111010.jpg,data/image/IMG_20260105_111010.jpg,data/labels/IMG_20260105_111010.txt,81b2fa9a0fdbc106e0fa05aa68b454fbb90ffce0b3a80bb6b45bdeef0f2c4b3b,a93eebc21e4b9c30,4096,3072,RGB,2026-01-05T11:10:10,2026:01:05 11:10:10,,vivo,iQOO 15,,1,2,anthracnose,1,False
IMG_20260105_111012.jpg,data/image/IMG_20260105_111012.jpg,data/labels/IMG_20260105_111012.txt,832d27595080660039813509fec1934c3aaeedf6120c971c8327bc970dd8438a,a145b5b5745aaacc,4096,3072,RGB,2026-01-05T11:10:12,2026:01:05 11:10:12,,vivo,iQOO 15,,1,2,anthracnose,1,False
IMG_20260105_111033.jpg,data/image/IMG_20260105_111033.jpg,data/labels/IMG_20260105_111033.txt,8868ae999bed91da860aa0fbe3e9a8e12c33a6aa483a31d638bf7cae0db767c1,ad53a754544beb22,3072,4096,RGB,2026-01-05T11:10:33,2026:01:05 11:10:33,,vivo,iQOO 15,,1,2,anthracnose,1,False
IMG_20260105_111047.jpg,data/image/IMG_20260105_111047.jpg,data/labels/IMG_20260105_111047.txt,6f732d9fc5599a9df881354894af4a7952e350bfd5bc526607c773b8d9744e01,af5ac7294c25ac63,3072,4080,RGB,2026-01-05T11:10:47,2026:01:05 11:10:47,,vivo,iQOO 15,,1,2,anthracnose,1,False
IMG_20260105_111323.jpg,data/image/IMG_20260105_111323.jpg,data/labels/IMG_20260105_111323.txt,97164363f6f1b06021c9b400696370a8ee1c76cb215714a51bc069a84738371c,f5e22894a1173e7c,3072,4080,RGB,2026-01-05T11:13:23,2026:01:05 11:13:23,,vivo,iQOO 15,,3,2,anthracnose,1,False
IMG_20260105_111325.jpg,data/image/IMG_20260105_111325.jpg,data/labels/IMG_20260105_111325.txt,8b754a8dfdfbfe14411a369bc67d36e532f93851a2335e522d7007a692719428,f1250a551b3e5eb8,3072,4080,RGB,2026-01-05T11:13:25,2026:01:05 11:13:25,,vivo,iQOO 15,,2,2,anthracnose,1,False
IMG_20260105_111328.jpg,data/image/IMG_20260105_111328.jpg,data/labels/IMG_20260105_111328.txt,a6f61f9dca93e54c5b026486dc4f3a98c128bd553e2b074809207a65cfa4cb5c,893f7e07504ad2e3,3072,4080,RGB,2026-01-05T11:13:28,2026:01:05 11:13:28,,vivo,iQOO 15,,2,2,anthracnose,1,False
IMG_20260105_111331.jpg,data/image/IMG_20260105_111331.jpg,data/labels/IMG_20260105_111331.txt,337e5568d086f578df6b1437c56fcaa3616fb780afe92fe6c4ad79717d089dab,ee3e6813154712f6,3072,4080,RGB,2026-01-05T11:13:31,2026:01:05 11:13:31,,vivo,iQOO 15,,2,2,anthracnose,1,False
IMG_20260105_111336.jpg,data/image/IMG_20260105_111336.jpg,data/labels/IMG_20260105_111336.txt,a71ccf66c4ab097a5145cc74e5bf55b35f9708af63a2bd8f544470ea4957a672,f3b5e4b2846b860d,3072,4096,RGB,2026-01-05T11:13:36,2026:01:05 11:13:36,,vivo,iQOO 15,,1,1,Leaf rust,1,False
IMG_20260105_111338.jpg,data/image/IMG_20260105_111338.jpg,data/labels/IMG_20260105_111338.txt,119508658a03c964769dba217eeedcc97bb0c6f00865e192ff9896ba324996e9,d6795e138eb27241,3072,4080,RGB,2026-01-05T11:13:38,2026:01:05 11:13:38,,vivo,iQOO 15,,1,1,Leaf rust,1,False
IMG_20260105_111341.jpg,data/image/IMG_20260105_111341.jpg,data/labels/IMG_20260105_111341.txt,8e2e12f5818bba2fa524661a7987422bf1472a2bac3e322b1575cad9bbc68323,d7e4e8a32e56d203,3072,4080,RGB,2026-01-05T11:13:41,2026:01:05 11:13:41,,vivo,iQOO 15,,1,1,Leaf rust,1,False
IMG_20260105_112000.jpg,data/image/IMG_20260105_112000.jpg,data/labels/IMG_20260105_112000.txt,b71624db79b38fdb5285a7eac33c947562b8afad06500b22563d7ca2b1ddbe3a,e61e8322a0bf2be5,3072,4080,RGB,2026-01-05T11:20:00,2026:01:05 11:20:00,,vivo,iQOO 15,,1,2,anthracnose,1,False
IMG_20260105_112018.jpg,data/image/IMG_20260105_112018.jpg,data/labels/IMG_20260105_112018.txt,c84e04787912d20a3829bfe7fcd574370a28be6cf9dc6c48986b3eef9f115bbb,d9ec650f5c4d0ca5,3072,4080,RGB,2026-01-05T11:20:18,2026:01:05 11:20:18,,vivo,iQOO 15,,1,2,anthracnose,1,False
IMG_20260105_112028.jpg,data/image/IMG_20260105_112028.jpg,data/labels/IMG_20260105_112028.txt,90647459f7a61e71373c7dd31159c139775bc73fa1f7938c1e1e996030c65d97,8b50b4ed53b42736,3072,4080,RGB,2026-01-05T11:20:28,2026:01:05 11:20:28,,vivo,iQOO 15,,1,2,anthracnose,1,False
IMG_20260105_112048.jpg,data/image/IMG_20260105_112048.jpg,data/labels/IMG_20260105_112048.txt,cde8cd8f15f2c5303cd4501c2fc8552365db8fa20fe15036f32a5a3f21806364,8e1ab378b14e570b,3072,4080,RGB,2026-01-05T11:20:48,2026:01:05 11:20:48,,vivo,iQOO 15,,1,2,anthracnose,1,False
IMG_20260105_112112.jpg,data/image/IMG_20260105_112112.jpg,data/labels/IMG_20260105_112112.txt,a68eb07cde894689b997336d439d14025f0e258494bf865d138c58bb5df881d0,9951a6501f7cb1f1,3072,4080,RGB,2026-01-05T11:21:12,2026:01:05 11:21:12,,vivo,iQOO 15,,2,1,Leaf rust,1,False
IMG_20260105_112139.jpg,data/image/IMG_20260105_112139.jpg,data/labels/IMG_20260105_112139.txt,466de9548cc96fa9aebd03f923be76a7fe8d1e76ac764b1f6a2a4973fb2fd347,9e4bc1e81750fe0b,3072,4080,RGB,2026-01-05T11:21:39,2026:01:05 11:21:39,,vivo,iQOO 15,,1,1,Leaf rust,1,False
IMG_20260105_112143.jpg,data/image/IMG_20260105_112143.jpg,data/labels/IMG_20260105_112143.txt,bcacb5bd36fe2ce6cb63a81abe0d0e8b564ea1df17c10de6898cc0cecf6bfdae,8af3e51356303cda,3072,4080,RGB,2026-01-05T11:21:43,2026:01:05 11:21:43,,vivo,iQOO 15,,1,1,Leaf rust,1,False
IMG_20260105_112155.jpg,data/image/IMG_20260105_112155.jpg,data/labels/IMG_20260105_112155.txt,f7ee4fb612b2d8456e22d039ce40cc459bcbf58fbf92d7ca29e9039070ca6a77,a21c2b52e75c5a3e,3072,4080,RGB,2026-01-05T11:21:55,2026:01:05 11:21:55,,vivo,iQOO 15,,2,2,anthracnose,1,False
IMG_20260105_112200.jpg,data/image/IMG_20260105_112200.jpg,data/labels/IMG_20260105_112200.txt,d5dd13695ed1dc7d2ad8b413c5b05f59f38f71bd5f652d94e7516878fb8f6c5b,91576a1bef3d40b0,3072,4080,RGB,2026-01-05T11:22:00,2026:01:05 11:22:00,,vivo,iQOO 15,,1,2,anthracnose,1,False
IMG_20260105_112205.jpg,data/image/IMG_20260105_112205.jpg,data/labels/IMG_20260105_112205.txt,99d7e07d773c93fe6a07edd35b3a2c4566e61826604f4e5d22796cc7c892fbcd,a2567061fab5750b,3072,4080,RGB,2026-01-05T11:22:05,2026:01:05 11:22:05,,vivo,iQOO 15,,3,2,anthracnose,1,False
IMG_20260105_112207.jpg,data/image/IMG_20260105_112207.jpg,data/labels/IMG_20260105_112207.txt,8ec73719d0717c1486d23609c8193476686f42b4b700eb751f986d77eee9dc1e,a3f0b17261ab0f0f,3072,4080,RGB,2026-01-05T11:22:07,2026:01:05 11:22:07,,vivo,iQOO 15,,1,2,anthracnose,1,False
IMG_20260105_112210.jpg,data/image/IMG_20260105_112210.jpg,data/labels/IMG_20260105_112210.txt,31f1541d61240e0432cfea4c950e5aca717a92907e1e7fa4e30bcb806decf341,b5b01db754a54953,3072,4080,RGB,2026-01-05T11:22:10,2026:01:05 11:22:10,,vivo,iQOO 15,,2,2,anthracnose,1,False
IMG_20260105_112212.jpg,data/image/IMG_20260105_112212.jpg,data/labels/IMG_20260105_112212.txt,b596f26727c983f57c0f31e993725747e8ade327baf07253a9bca3ea12c7d257,b9b828f2f2c70c1e,3072,4080,RGB,2026-01-05T11:22:12,2026:01:05 11:22:12,,vivo,iQOO 15,,2,2,anthracnose,1,False
IMG_20260105_112219.jpg,data/image/IMG_20260105_112219.jpg,data/labels/IMG_20260105_112219.txt,7db8aaebc8b6c3f92829fb379d96e9503fec662dc5919469f73a3c93d8ddb8bd,e80f812c5f4bf05d,3072,4080,RGB,2026-01-05T11:22:19,2026:01:05 11:22:19,,vivo,iQOO 15,,4,0;2,brown spot;anthracnose,2,True
IMG_20260105_112223.jpg,data/image/IMG_20260105_112223.jpg,data/labels/IMG_20260105_112223.txt,c23b93d3ae060302f9ce1aaa372223afd0cdf16859b0c8c6d742d0851c257dbd,e43b944b78c531ce,3072,4080,RGB,2026-01-05T11:22:23,2026:01:05 11:22:23,,vivo,iQOO 15,,5,1,Leaf rust,1,False
IMG_20260105_112232.jpg,data/image/IMG_20260105_112232.jpg,data/labels/IMG_20260105_112232.txt,3d29a94bf3d33dbbcbe0b08d76948354e0b43838c2f94cbfde41099bbc04087b,8bce485eb42147f5,3072,4080,RGB,2026-01-05T11:22:32,2026:01:05 11:22:32,,vivo,iQOO 15,,1,2,anthracnose,1,False
IMG_20260105_112250.jpg,data/image/IMG_20260105_112250.jpg,data/labels/IMG_20260105_112250.txt,e949e2d9532b41f85fb729772f74618cc124aabc4026ac3849698666d6fff796,fb62897eaf00dd40,3072,4080,RGB,2026-01-05T11:22:50,2026:01:05 11:22:50,,vivo,iQOO 15,,3,1;2,Leaf rust;anthracnose,2,True
IMG_20260105_112319.jpg,data/image/IMG_20260105_112319.jpg,data/labels/IMG_20260105_112319.txt,e15d5d574bc897fd69d52c2aa3a742002fb296dda2e76360fad04c88eb0f1f48,ac4b91a54a6eb55c,3072,4080,RGB,2026-01-05T11:23:19,2026:01:05 11:23:19,,vivo,iQOO 15,,2,2,anthracnose,1,False
IMG_20260105_112405.jpg,data/image/IMG_20260105_112405.jpg,data/labels/IMG_20260105_112405.txt,81f40d671d971087c300d3055681e1446b264cf8f240f2e20f98fe0169165125,c8125c0cff1cf0bd,3072,4080,RGB,2026-01-05T11:24:05,2026:01:05 11:24:05,,vivo,iQOO 15,,1,2,anthracnose,1,False
IMG_20260105_112408.jpg,data/image/IMG_20260105_112408.jpg,data/labels/IMG_20260105_112408.txt,9d79c2d8b52251b399fbd8fd7fb2e9b69c6c7921428f31dcfd52a58584a7d21c,8d76c13a9d0f7183,3072,4080,RGB,2026-01-05T11:24:08,2026:01:05 11:24:08,,vivo,iQOO 15,,1,2,anthracnose,1,False
IMG_20260105_112417.jpg,data/image/IMG_20260105_112417.jpg,data/labels/IMG_20260105_112417.txt,b50c88787771720d6884f25071c6cd73102007f2748796864af88a9b8f792f58,81a354bd173abd52,3072,4080,RGB,2026-01-05T11:24:17,2026:01:05 11:24:17,,vivo,iQOO 15,,3,0,brown spot,1,False
IMG_20260105_112423.jpg,data/image/IMG_20260105_112423.jpg,data/labels/IMG_20260105_112423.txt,869bc31257122fea57424497c7e540633f4b849f4d67102cce2cdeabded49206,a151d57ba50ffc04,3072,4080,RGB,2026-01-05T11:24:23,2026:01:05 11:24:23,,vivo,iQOO 15,,6,0,brown spot,1,False
IMG_20260105_112426.jpg,data/image/IMG_20260105_112426.jpg,data/labels/IMG_20260105_112426.txt,7b7935a5b666a6ccb10edc212ed1e32dfdb1b8d911872fb9e2aa519d5a4652c9,bcb4ee4a8a448a7e,3072,4080,RGB,2026-01-05T11:24:26,2026:01:05 11:24:26,,vivo,iQOO 15,,1,2,anthracnose,1,False
IMG_20260105_112502.jpg,data/image/IMG_20260105_112502.jpg,data/labels/IMG_20260105_112502.txt,2b334884914027b0e410dcf6d527d9a1d43ae7acc37aec7a9c4fca2f2bbd15ed,9fa906fa068be459,3072,4080,RGB,2026-01-05T11:25:02,2026:01:05 11:25:02,,vivo,iQOO 15,,1,0,brown spot,1,False
IMG_20260105_112510.jpg,data/image/IMG_20260105_112510.jpg,data/labels/IMG_20260105_112510.txt,01f21045d008451cec33f0d741e1bf5d07e693dd754db8df79412cb164444639,bc05b72485e6dc66,3072,4080,RGB,2026-01-05T11:25:10,2026:01:05 11:25:10,,vivo,iQOO 15,,2,0;2,brown spot;anthracnose,2,True
IMG_20260105_112513.jpg,data/image/IMG_20260105_112513.jpg,data/labels/IMG_20260105_112513.txt,0106f25dab7ce28dc3775e8fd85cb46c3e7820d9bc2f9c8495779a81ab356b80,ffd48b2f8b899180,3072,4080,RGB,2026-01-05T11:25:13,2026:01:05 11:25:13,,vivo,iQOO 15,,2,2,anthracnose,1,False
IMG_20260105_112517.jpg,data/image/IMG_20260105_112517.jpg,data/labels/IMG_20260105_112517.txt,8a4e2139b67b79ed14cc1d93e3336f5911ddd8d15cb67214f0f246abb4e14b6d,b7c914d339ca916a,3072,4080,RGB,2026-01-05T11:25:17,2026:01:05 11:25:17,,vivo,iQOO 15,,1,2,anthracnose,1,False
IMG_20260105_112519.jpg,data/image/IMG_20260105_112519.jpg,data/labels/IMG_20260105_112519.txt,e86d7484045401c38664ec0f7de94611008e489a65947c92b0def9635ad3b63a,ebd9bd192903b143,3072,4080,RGB,2026-01-05T11:25:19,2026:01:05 11:25:19,,vivo,iQOO 15,,3,0;2,brown spot;anthracnose,2,True
IMG_20260105_112545.jpg,data/image/IMG_20260105_112545.jpg,data/labels/IMG_20260105_112545.txt,40404e095a40a5b0865a491dc431d3d9ded9d8809d28a6df5ae423e45c283d47,9589eb52d665583c,3072,4080,RGB,2026-01-05T11:25:45,2026:01:05 11:25:45,,vivo,iQOO 15,,1,2,anthracnose,1,False
IMG_20260105_112547.jpg,data/image/IMG_20260105_112547.jpg,data/labels/IMG_20260105_112547.txt,16cc004f0ef5ce0bd57711a2c1a9f4a30f2550319c7c187afbdd99ef795a05f1,ab1d718a2269e675,4080,3072,RGB,2026-01-05T11:25:47,2026:01:05 11:25:47,,vivo,iQOO 15,,1,2,anthracnose,1,False
IMG_20260105_112608.jpg,data/image/IMG_20260105_112608.jpg,data/labels/IMG_20260105_112608.txt,ed58fc28bdfba62bae6762a9828ab7374e3067046a9c703736e170f185e2c4e9,8b8f71882602ddfe,3072,4096,RGB,2026-01-05T11:26:08,2026:01:05 11:26:08,,vivo,iQOO 15,,1,2,anthracnose,1,False
IMG_20260105_112616.jpg,data/image/IMG_20260105_112616.jpg,data/labels/IMG_20260105_112616.txt,e6c2d862b2bc14beb5533756abe5beaba20798f3de93911350fcc530b6c0365c,86c20379bf23a9ad,3072,4096,RGB,2026-01-05T11:26:16,2026:01:05 11:26:16,,vivo,iQOO 15,,1,1,Leaf rust,1,False
IMG_20260105_112626.jpg,data/image/IMG_20260105_112626.jpg,data/labels/IMG_20260105_112626.txt,5e5f8fb98df823cc825cc8d53f3d0e3cbc27c2f88e3ee4ad3afd13e5cd195721,d197447be0a4ee45,3072,4096,RGB,2026-01-05T11:26:26,2026:01:05 11:26:26,,vivo,iQOO 15,,11,0;1;2,brown spot;Leaf rust;anthracnose,3,True
IMG_20260105_112632.jpg,data/image/IMG_20260105_112632.jpg,data/labels/IMG_20260105_112632.txt,4d4cea1ab09062e63327f12ff9d424df9c7d1a30919383cf14dbc54193660c41,f2018e23517df1b9,3072,4096,RGB,2026-01-05T11:26:32,2026:01:05 11:26:32,,vivo,iQOO 15,,1,2,anthracnose,1,False
IMG_20260105_112640.jpg,data/image/IMG_20260105_112640.jpg,data/labels/IMG_20260105_112640.txt,e658012a9096bdb9a75aec2aec5a5e6f0983d6f641807dc8d1f079f12ff6affb,c532cd6622ec52af,3072,4096,RGB,2026-01-05T11:26:40,2026:01:05 11:26:40,,vivo,iQOO 15,,1,1,Leaf rust,1,False
IMG_20260105_112653.jpg,data/image/IMG_20260105_112653.jpg,data/labels/IMG_20260105_112653.txt,8828bdfb0d13309f72672234b21dff7424ce2f887afe72a182b6606f6b17ca44,f980cd069b66f0b3,3072,4096,RGB,2026-01-05T11:26:53,2026:01:05 11:26:53,,vivo,iQOO 15,,1,2,anthracnose,1,False
IMG_20260105_112713.jpg,data/image/IMG_20260105_112713.jpg,data/labels/IMG_20260105_112713.txt,d06b700dcb8ff4b3ec1d28b093b441f4e54638541216e8e8469345ca82ec0f33,eb65c6c6e3c40a8d,3072,4080,RGB,2026-01-05T11:27:13,2026:01:05 11:27:13,,vivo,iQOO 15,,7,0,brown spot,1,False
IMG_20260105_112716.jpg,data/image/IMG_20260105_112716.jpg,data/labels/IMG_20260105_112716.txt,70ba296d8754f734c13d94e31c9b5f81e3e12be94ee5ec8bd65e749066084465,c3446ae35fd2c295,3072,4080,RGB,2026-01-05T11:27:16,2026:01:05 11:27:16,,vivo,iQOO 15,,1,1,Leaf rust,1,False
IMG_20260105_112718.jpg,data/image/IMG_20260105_112718.jpg,data/labels/IMG_20260105_112718.txt,d6307f2e91e358e285771094ad7e4650e62877e19422ea59d56f147340b879cd,84434857de4f8bb6,3072,4080,RGB,2026-01-05T11:27:18,2026:01:05 11:27:18,,vivo,iQOO 15,,1,1,Leaf rust,1,False
IMG_20260105_112721.jpg,data/image/IMG_20260105_112721.jpg,data/labels/IMG_20260105_112721.txt,fab04f0e3e6365c25786dbfca76529aa4a5b7a6f0390bb0c1000de69fd67aaed,9a665cc13ed0ac7a,3072,4096,RGB,2026-01-05T11:27:21,2026:01:05 11:27:21,,vivo,iQOO 15,,1,1,Leaf rust,1,False
IMG_20260105_112727.jpg,data/image/IMG_20260105_112727.jpg,data/labels/IMG_20260105_112727.txt,dd0f01d7b81d28958b3649ec451726ca2bcb2f785eedb2ddbb2678edb241e52d,936de825b24fa433,3072,4080,RGB,2026-01-05T11:27:27,2026:01:05 11:27:27,,vivo,iQOO 15,,1,2,anthracnose,1,False
IMG_20260105_112745.jpg,data/image/IMG_20260105_112745.jpg,data/labels/IMG_20260105_112745.txt,0b3b51373e42dbc6a3a0bc6c86d758ee0ac0e7d24c4c36fe475b31edada5b7c4,95589c314e4d45fd,3072,4096,RGB,2026-01-05T11:27:45,2026:01:05 11:27:45,,vivo,iQOO 15,,3,0,brown spot,1,False
IMG_20260105_112753.jpg,data/image/IMG_20260105_112753.jpg,data/labels/IMG_20260105_112753.txt,e260d6db235ad47a1dc65d555f3ab87284e3ed05d89c7861236ea4bfc999465e,f00fdb70491768b3,3072,4096,RGB,2026-01-05T11:27:53,2026:01:05 11:27:53,,vivo,iQOO 15,,1,1,Leaf rust,1,False
IMG_20260105_112757.jpg,data/image/IMG_20260105_112757.jpg,data/labels/IMG_20260105_112757.txt,50b50f4115bfc548bc8b6297ce48191807f9e9150ee9e667c49dcbf19331aabd,9d43267858cf1bc3,3072,4096,RGB,2026-01-05T11:27:57,2026:01:05 11:27:57,,vivo,iQOO 15,,2,1,Leaf rust,1,False
IMG_20260105_112800.jpg,data/image/IMG_20260105_112800.jpg,data/labels/IMG_20260105_112800.txt,45c79c6f9b024436a3c2e01419a7278203a633547ae2efe995988836b03c73a7,d94a42f40eb76acc,3072,4096,RGB,2026-01-05T11:28:00,2026:01:05 11:28:00,,vivo,iQOO 15,,3,1,Leaf rust,1,False
IMG_20260105_112810.jpg,data/image/IMG_20260105_112810.jpg,data/labels/IMG_20260105_112810.txt,b7a3f16fb35ac623f5d00e9346d5f137ba7771e4cb022b84a981db364a739ef5,9e60beb56f188507,3072,4096,RGB,2026-01-05T11:28:10,2026:01:05 11:28:10,,vivo,iQOO 15,,3,1,Leaf rust,1,False
IMG_20260105_112821.jpg,data/image/IMG_20260105_112821.jpg,data/labels/IMG_20260105_112821.txt,9d1fab0ea7556de2f0adfde233b0f25e4d79feb3df25b8f3b9caa7d1555a3bf0,8f005ef48f955556,3072,4096,RGB,2026-01-05T11:28:21,2026:01:05 11:28:21,,vivo,iQOO 15,,1,1,Leaf rust,1,False
IMG_20260105_112836.jpg,data/image/IMG_20260105_112836.jpg,data/labels/IMG_20260105_112836.txt,5a5e619495b4dae2cc855260416c53dafa054e0ab09c949865e66d3ecf89ac98,d74aaeefe1046341,3072,4096,RGB,2026-01-05T11:28:36,2026:01:05 11:28:36,,vivo,iQOO 15,,1,1,Leaf rust,1,False
IMG_20260105_112844.jpg,data/image/IMG_20260105_112844.jpg,data/labels/IMG_20260105_112844.txt,6f685f50413731973a8306a1e9b918dfd536e0ff24a8cb43e7165e7a74bdb7d4,c31fc3100f3f2cf8,3072,4096,RGB,2026-01-05T11:28:44,2026:01:05 11:28:44,,vivo,iQOO 15,,1,2,anthracnose,1,False
IMG_20260105_112855.jpg,data/image/IMG_20260105_112855.jpg,data/labels/IMG_20260105_112855.txt,5672040da219f13de0ccdfe1781745527b51b751e5cfc3c5ab6199713779b675,db6e2bc05ca74199,3072,4096,RGB,2026-01-05T11:28:55,2026:01:05 11:28:55,,vivo,iQOO 15,,6,1;2,Leaf rust;anthracnose,2,True
IMG_20260105_112925.jpg,data/image/IMG_20260105_112925.jpg,data/labels/IMG_20260105_112925.txt,0f82f13e3529aa636e89e042868c894f1f7be42d7b2c4f8a134eb3b41d913804,c3166dcd745e3125,3072,4080,RGB,2026-01-05T11:29:25,2026:01:05 11:29:25,,vivo,iQOO 15,,8,0;2,brown spot;anthracnose,2,True
IMG_20260105_112935.jpg,data/image/IMG_20260105_112935.jpg,data/labels/IMG_20260105_112935.txt,2db22ef1b5dcb1450be42708763a00dd5a561cce09cbee5a8bdb281e8a07f094,a180dbad48bf50af,3072,4096,RGB,2026-01-05T11:29:35,2026:01:05 11:29:35,,vivo,iQOO 15,,2,0,brown spot,1,False
IMG_20260105_112937.jpg,data/image/IMG_20260105_112937.jpg,data/labels/IMG_20260105_112937.txt,23b0a94dbebdc25d5a5d9fd0219d40149e9012037797718b6d2027f046ff8c33,abf0655ea24b912d,3072,4096,RGB,2026-01-05T11:29:37,2026:01:05 11:29:37,,vivo,iQOO 15,,3,0,brown spot,1,False
IMG_20260105_112940.jpg,data/image/IMG_20260105_112940.jpg,data/labels/IMG_20260105_112940.txt,e47ff3a07bb787fd10d4a97a8ee1d93b92ba490a6afe53136cc85199aaf1d95b,efada4126096eba4,3072,4096,RGB,2026-01-05T11:29:40,2026:01:05 11:29:40,,vivo,iQOO 15,,1,0,brown spot,1,False
IMG_20260105_112954.jpg,data/image/IMG_20260105_112954.jpg,data/labels/IMG_20260105_112954.txt,268302d3c9d645e855ca0962c4422a6ade9c57301ac293493b5b521c7861ab69,9439a3e515d48ee3,3072,4080,RGB,2026-01-05T11:29:54,2026:01:05 11:29:54,,vivo,iQOO 15,,1,0,brown spot,1,False
IMG_20260105_113009.jpg,data/image/IMG_20260105_113009.jpg,data/labels/IMG_20260105_113009.txt,2c981b2bdb8705a356c10bc21049c0f69cbc2e779e8e9ed2ed5c1491d8a4d66a,e8848cae342f6e5e,3072,4080,RGB,2026-01-05T11:30:09,2026:01:05 11:30:09,,vivo,iQOO 15,,5,0;1;2,brown spot;Leaf rust;anthracnose,3,True
IMG_20260105_113024.jpg,data/image/IMG_20260105_113024.jpg,data/labels/IMG_20260105_113024.txt,4884d2ce72e5096cd8069f8101afef264c3f20489e94451cfd13e901585abb22,bf6098eb88df5444,3072,4096,RGB,2026-01-05T11:30:24,2026:01:05 11:30:24,,vivo,iQOO 15,,1,2,anthracnose,1,False
IMG_20260105_113025.jpg,data/image/IMG_20260105_113025.jpg,data/labels/IMG_20260105_113025.txt,e66bf9b3763656bb4ef9805224949c32587ad5546687e38ce99152fa99ad9aeb,b88a07f0a3bec695,3072,4080,RGB,2026-01-05T11:30:25,2026:01:05 11:30:25,,vivo,iQOO 15,,4,0;2,brown spot;anthracnose,2,True
IMG_20260105_113057.jpg,data/image/IMG_20260105_113057.jpg,data/labels/IMG_20260105_113057.txt,390bb6e82697b6dc678db2ec6586ec9918c9a1fa92b7c31fad9edc3ca8240628,f19d8deb286ac21a,3072,4080,RGB,2026-01-05T11:30:57,2026:01:05 11:30:57,,vivo,iQOO 15,,3,0,brown spot,1,False
IMG_20260105_113148.jpg,data/image/IMG_20260105_113148.jpg,data/labels/IMG_20260105_113148.txt,289a46feff2bfc073a2079db923d41c03f3fe60d87a4db326033e15c3bc2ee38,a99494877c872f69,3072,4096,RGB,2026-01-05T11:31:48,2026:01:05 11:31:48,,vivo,iQOO 15,,7,1,Leaf rust,1,False
